id,neighborhood,age,data,latitude,longitude,main_reason,race,genre,police_action,hora_estimada,hora_valida,ano,mes,nome_mes,dia,dia_semana,trimestre,fim_semana,hora,periodo,ageGroup
FC-00001,VASCO DA GAMA,35.0,2024-11-24 22:05:37,-8.055,-34.878,HOMICIDIO/TENTATIVA,NAO IDENTIFICADO,HOMEM CIS,False,False,22.0,2024,11,NOVEMBRO,24,DOMINGO,4,True,22.0,NOITE,ADULTO
FC-00002,COHAB,48.0,2023-12-18 15:28:37,-8.066,-34.906,DISPARO,PRETA,HOMEM CIS,False,False,15.0,2023,12,DEZEMBRO,18,SEGUNDA-FEIRA,4,False,15.0,TARDE,ADULTO
FC-00003,IBURA,48.0,2019-06-04 02:06:22,-8.08,-34.893,HOMICIDIO/TENTATIVA,PRETA,HOMEM CIS,False,False,2.0,2019,6,JUNHO,4,TERÇA-FEIRA,2,False,2.0,MADRUGADA,ADULTO
FC-00004,NOVA DESCOBERTA,36.0,2025-02-18 11:40:39,-8.016,-34.866,HOMICIDIO/TENTATIVA,NAO IDENTIFICADO,HOMEM CIS,False,False,11.0,2025,2,FEVEREIRO,18,TERÇA-FEIRA,1,False,11.0,MANHÃ,ADULTO
FC-00005,MANGABEIRA,32.0,2020-02-28 07:06:24,-8.016,-34.875,HOMICIDIO/TENTATIVA,NAO IDENTIFICADO,HOMEM CIS,False,False,7.0,2020,2,FEVEREIRO,28,SEXTA-FEIRA,1,False,7.0,MANHÃ,ADULTO
FC-00006,CAXANGA,23.0,2023-11-21 02:40:10,-8.028,-34.919,TIRO,NAO IDENTIFICADO,HOMEM CIS,False,False,2.0,2023,11,NOVEMBRO,21,TERÇA-FEIRA,4,False,2.0,MADRUGADA,ADULTO
FC-00007,VARZEA,19.0,2022-11-11 21:49:03,-8.039,-34.911,TIRO,AMARELA,HOMEM CIS,False,False,21.0,2022,11,NOVEMBRO,11,SEXTA-FEIRA,4,False,21.0,NOITE,ADULTO
FC-00008,CASA AMARELA,27.0,2022-12-11 06:31:25,-8.032,-34.864,ROUBO,NAO IDENTIFICADO,HOMEM CIS,False,False,6.0,2022,12,DEZEMBRO,11,DOMINGO,4,True,6.0,MANHÃ,ADULTO
FC-00009,SAN MARTIN,23.0,2020-10-14 22:25:23,-8.04,-34.881,DISPARO,NAO IDENTIFICADO,HOMEM CIS,False,False,22.0,2020,10,OUTUBRO,14,QUARTA-FEIRA,4,False,22.0,NOITE,ADULTO
FC-00010,ALTO JOSE DO PINHO,34.0,2023-11-14 19:24:24,-8.022,-34.886,HOMICIDIO/TENTATIVA,NAO IDENTIFICADO,HOMEM CIS,False,False,19.0,2023,11,NOVEMBRO,14,TERÇA-FEIRA,4,False,19.0,NOITE,ADULTO
FC-00011,ALTO JOSE DO PINHO,21.0,2024-11-18 21:49:41,-8.014,-34.885,HOMICIDIO/TENTATIVA,PARDA,NAO IDENTIFICADO,False,False,21.0,2024,11,NOVEMBRO,18,SEGUNDA-FEIRA,4,False,21.0,NOITE,ADULTO
FC-00012,ESTACAO,17.0,2020-09-25 04:58:06,-8.051,-34.875,ROUBO,BRANCA,HOMEM CIS,False,False,4.0,2020,9,SETEMBRO,25,SEXTA-FEIRA,3,False,4.0,MADRUGADA,ADOLESCENTE
FC-00013,CAXANGA,32.0,2019-09-01 19:31:01,-8.031,-34.924,DISPARO,NAO IDENTIFICADO,HOMEM CIS,False,False,19.0,2019,9,SETEMBRO,1,DOMINGO,3,True,19.0,NOITE,ADULTO
FC-00014,CURADO,34.0,2025-02-03 21:52:04,-8.068,-34.909,HOMICIDIO/TENTATIVA,NAO IDENTIFICADO,MULHER CIS,False,False,21.0,2025,2,FEVEREIRO,3,SEGUNDA-FEIRA,1,False,21.0,NOITE,ADULTO
FC-00015,TOTOS,28.0,2020-10-14 23:59:34,-8.039,-34.869,DISPARO,NAO IDENTIFICADO,HOMEM CIS,False,False,23.0,2020,10,OUTUBRO,14,QUARTA-FEIRA,4,False,23.0,NOITE,ADULTO
FC-00016,VARZEA,21.0,2022-09-15 03:14:04,-8.036,-34.912,TIRO,AMARELA,HOMEM CIS,False,False,3.0,2022,9,SETEMBRO,15,QUINTA-FEIRA,3,False,3.0,MADRUGADA,ADULTO
FC-00017,MANGABEIRA,34.0,2018-02-02 21:04:32,-8.015,-34.869,TIRO,NAO IDENTIFICADO,HOMEM CIS,False,False,21.0,2018,2,FEVEREIRO,2,SEXTA-FEIRA,1,False,21.0,NOITE,ADULTO
FC-00018,ALTO JOSE DO PINHO,25.0,2023-04-26 16:26:12,-8.022,-34.883,ROUBO,PRETA,HOMEM CIS,False,False,16.0,2023,4,ABRIL,26,QUARTA-FEIRA,2,False,16.0,TARDE,ADULTO
FC-00019,ESTACAO,42.0,2023-11-04 01:46:21,-8.05,-34.874,TIRO,NAO IDENTIFICADO,HOMEM CIS,False,False,1.0,2023,11,NOVEMBRO,4,SÁBADO,4,True,1.0,MADRUGADA,ADULTO
FC-00020,NOVA DESCOBERTA,26.0,2020-04-28 22:28:51,-8.014,-34.862,DISPARO,NAO IDENTIFICADO,HOMEM CIS,False,False,22.0,2020,4,ABRIL,28,TERÇA-FEIRA,2,False,22.0,NOITE,ADULTO
FC-00021,COHAB,24.0,2019-04-06 15:30:13,-8.066,-34.908,HOMICIDIO/TENTATIVA,NAO IDENTIFICADO,HOMEM CIS,False,False,15.0,2019,4,ABRIL,6,SÁBADO,2,True,15.0,TARDE,ADULTO
FC-00022,IBURA,15.0,2024-08-10 15:46:50,-8.08,-34.888,HOMICIDIO/TENTATIVA,AMARELA,HOMEM CIS,False,False,15.0,2024,8,AGOSTO,10,SÁBADO,3,True,15.0,TARDE,ADOLESCENTE
FC-00023,ALTO JOSE DO PINHO,29.0,2024-01-24 12:03:37,-8.017,-34.884,HOMICIDIO/TENTATIVA,NAO IDENTIFICADO,HOMEM CIS,False,False,12.0,2024,1,JANEIRO,24,QUARTA-FEIRA,1,False,12.0,TARDE,ADULTO
FC-00024,CAXANGA,22.0,2020-10-03 20:15:25,-8.024,-34.915,HOMICIDIO/TENTATIVA,BRANCA,HOMEM CIS,False,False,20.0,2020,10,OUTUBRO,3,SÁBADO,4,True,20.0,NOITE,ADULTO
FC-00025,MANGABEIRA,29.0,2023-10-17 12:16:13,-8.005,-34.878,HOMICIDIO/TENTATIVA,NAO IDENTIFICADO,HOMEM CIS,False,False,12.0,2023,10,OUTUBRO,17,TERÇA-FEIRA,4,False,12.0,TARDE,ADULTO
FC-00026,NOVA DESCOBERTA,39.0,2021-02-01 16:36:06,-8.015,-34.866,HOMICIDIO/TENTATIVA,PRETA,HOMEM CIS,False,False,16.0,2021,2,FEVEREIRO,1,SEGUNDA-FEIRA,1,False,16.0,TARDE,ADULTO
FC-00027,ALTO JOSE DO PINHO,31.0,2020-05-06 15:34:45,-8.026,-34.886,HOMICIDIO/TENTATIVA,NAO IDENTIFICADO,HOMEM CIS,False,False,15.0,2020,5,MAIO,6,QUARTA-FEIRA,2,False,15.0,TARDE,ADULTO
FC-00028,SANTO AMARO,34.0,2023-03-09 02:06:47,-8.054,-34.872,HOMICIDIO/TENTATIVA,PARDA,HOMEM CIS,False,False,2.0,2023,3,MARÇO,9,QUINTA-FEIRA,1,False,2.0,MADRUGADA,ADULTO
FC-00029,NOVA DESCOBERTA,20.0,2024-09-16 09:58:54,-8.017,-34.862,TIRO,NAO IDENTIFICADO,HOMEM CIS,True,False,9.0,2024,9,SETEMBRO,16,SEGUNDA-FEIRA,3,False,9.0,MANHÃ,ADULTO
FC-00030,ESTACAO,33.0,2023-05-06 21:35:45,-8.055,-34.869,AMEACA,NAO IDENTIFICADO,HOMEM CIS,False,False,21.0,2023,5,MAIO,6,SÁBADO,2,True,21.0,NOITE,ADULTO
FC-00031,COHAB,33.0,2018-06-19 18:27:08,-8.062,-34.907,HOMICIDIO/TENTATIVA,PRETA,MULHER CIS,True,False,18.0,2018,6,JUNHO,19,TERÇA-FEIRA,2,False,18.0,NOITE,ADULTO
FC-00032,CURADO,26.0,2020-04-22 02:49:35,-8.071,-34.914,ROUBO,PARDA,HOMEM CIS,False,False,2.0,2020,4,ABRIL,22,QUARTA-FEIRA,2,False,2.0,MADRUGADA,ADULTO
FC-00033,GRACO,33.0,2019-03-14 00:47:59,-8.042,-34.87,HOMICIDIO/TENTATIVA,BRANCA,HOMEM CIS,False,False,0.0,2019,3,MARÇO,14,QUINTA-FEIRA,1,False,0.0,MADRUGADA,ADULTO
FC-00034,ESTACAO,27.0,2019-12-04 14:02:54,-8.057,-34.872,HOMICIDIO/TENTATIVA,PRETA,HOMEM CIS,False,False,14.0,2019,12,DEZEMBRO,4,QUARTA-FEIRA,4,False,14.0,TARDE,ADULTO
FC-00035,CASA AMARELA,25.0,2020-01-22 05:21:17,-8.034,-34.86,AMEACA,NAO IDENTIFICADO,HOMEM CIS,False,False,5.0,2020,1,JANEIRO,22,QUARTA-FEIRA,1,False,5.0,MADRUGADA,ADULTO
FC-00036,TOTOS,34.0,2024-06-01 02:16:11,-8.032,-34.864,TIRO,NAO IDENTIFICADO,HOMEM CIS,False,False,2.0,2024,6,JUNHO,1,SÁBADO,2,True,2.0,MADRUGADA,ADULTO
FC-00037,IBURA,33.0,2022-09-04 14:36:12,-8.082,-34.898,AMEACA,NAO IDENTIFICADO,HOMEM CIS,False,False,14.0,2022,9,SETEMBRO,4,DOMINGO,3,True,14.0,TARDE,ADULTO
FC-00038,ESTACAO,29.0,2025-12-22 05:27:04,-8.053,-34.864,TIRO,PARDA,HOMEM CIS,False,False,5.0,2025,12,DEZEMBRO,22,SEGUNDA-FEIRA,4,False,5.0,MADRUGADA,ADULTO
FC-00039,IPUTINGA,27.0,2021-05-22 15:25:44,-8.027,-34.893,TIRO,PARDA,HOMEM CIS,False,False,15.0,2021,5,MAIO,22,SÁBADO,2,True,15.0,TARDE,ADULTO
FC-00040,VARZEA,15.0,2019-10-10 15:53:00,-8.032,-34.913,TIRO,NAO IDENTIFICADO,HOMEM CIS,False,False,15.0,2019,10,OUTUBRO,10,QUINTA-FEIRA,4,False,15.0,TARDE,ADOLESCENTE
FC-00041,ESTACAO,39.0,2022-04-17 16:57:50,-8.056,-34.867,DISPARO,PRETA,HOMEM CIS,False,False,16.0,2022,4,ABRIL,17,DOMINGO,2,True,16.0,TARDE,ADULTO
FC-00042,COHAB,13.0,2024-04-22 12:51:12,-8.063,-34.898,HOMICIDIO/TENTATIVA,PRETA,HOMEM CIS,False,False,12.0,2024,4,ABRIL,22,SEGUNDA-FEIRA,2,False,12.0,TARDE,ADOLESCENTE
FC-00043,NOVA DESCOBERTA,18.0,2021-11-19 05:44:24,-8.017,-34.865,HOMICIDIO/TENTATIVA,PARDA,HOMEM CIS,False,False,5.0,2021,11,NOVEMBRO,19,SEXTA-FEIRA,4,False,5.0,MADRUGADA,ADULTO
FC-00044,VARZEA,23.0,2025-07-08 04:44:33,-8.04,-34.915,ROUBO,PARDA,HOMEM CIS,False,False,4.0,2025,7,JULHO,8,TERÇA-FEIRA,3,False,4.0,MADRUGADA,ADULTO
FC-00045,NOVA DESCOBERTA,17.0,2023-09-20 12:48:57,-8.014,-34.868,AMEACA,NAO IDENTIFICADO,MULHER CIS,False,False,12.0,2023,9,SETEMBRO,20,QUARTA-FEIRA,3,False,12.0,TARDE,ADOLESCENTE
FC-00046,AFLITOS,48.0,2025-12-28 16:16:48,-8.047,-34.873,DISPARO,PARDA,HOMEM CIS,False,False,16.0,2025,12,DEZEMBRO,28,DOMINGO,4,True,16.0,TARDE,ADULTO
FC-00047,NOVA DESCOBERTA,39.0,2022-12-10 07:21:20,-8.019,-34.864,HOMICIDIO/TENTATIVA,NAO IDENTIFICADO,HOMEM CIS,False,False,7.0,2022,12,DEZEMBRO,10,SÁBADO,4,True,7.0,MANHÃ,ADULTO
FC-00048,VARZEA,45.0,2018-07-11 18:26:03,-8.04,-34.914,TIRO,PRETA,HOMEM CIS,False,False,18.0,2018,7,JULHO,11,QUARTA-FEIRA,3,False,18.0,NOITE,ADULTO
FC-00049,CORDOARIA,33.0,2025-10-13 16:22:19,-8.056,-34.877,HOMICIDIO/TENTATIVA,BRANCA,HOMEM CIS,False,False,16.0,2025,10,OUTUBRO,13,SEGUNDA-FEIRA,4,False,16.0,TARDE,ADULTO
FC-00050,CURADO,13.0,2024-04-16 06:27:31,-8.068,-34.909,TIRO,NAO IDENTIFICADO,MULHER CIS,True,False,6.0,2024,4,ABRIL,16,TERÇA-FEIRA,2,False,6.0,MANHÃ,ADOLESCENTE
FC-00051,SANTO AMARO,33.0,2025-10-18 00:25:37,-8.057,-34.872,AMEACA,PRETA,HOMEM CIS,False,False,0.0,2025,10,OUTUBRO,18,SÁBADO,4,True,0.0,MADRUGADA,ADULTO
FC-00052,COHAB,32.0,2020-06-07 16:21:48,-8.064,-34.907,HOMICIDIO/TENTATIVA,PARDA,HOMEM CIS,False,False,16.0,2020,6,JUNHO,7,DOMINGO,2,True,16.0,TARDE,ADULTO
FC-00053,ESPINHEIRO,58.0,2018-09-02 23:22:14,-8.041,-34.872,HOMICIDIO/TENTATIVA,NAO IDENTIFICADO,MULHER CIS,False,False,23.0,2018,9,SETEMBRO,2,DOMINGO,3,True,23.0,NOITE,ADULTO
FC-00054,JAQUEIRA,37.0,2024-10-05 07:30:42,-8.041,-34.866,HOMICIDIO/TENTATIVA,NAO IDENTIFICADO,HOMEM CIS,False,False,7.0,2024,10,OUTUBRO,5,SÁBADO,4,True,7.0,MANHÃ,ADULTO
FC-00055,VARZEA,43.0,2023-12-23 02:52:10,-8.037,-34.912,HOMICIDIO/TENTATIVA,PARDA,HOMEM CIS,False,False,2.0,2023,12,DEZEMBRO,23,SÁBADO,4,True,2.0,MADRUGADA,ADULTO
FC-00056,MANGABEIRA,37.0,2021-12-07 02:44:53,-8.008,-34.864,ROUBO,PRETA,MULHER CIS,False,False,2.0,2021,12,DEZEMBRO,7,TERÇA-FEIRA,4,False,2.0,MADRUGADA,ADULTO
FC-00057,BOA VISTA,27.0,2024-10-26 01:34:27,-8.052,-34.878,AMEACA,PRETA,HOMEM CIS,False,False,1.0,2024,10,OUTUBRO,26,SÁBADO,4,True,1.0,MADRUGADA,ADULTO
FC-00058,ALTO JOSE DO PINHO,20.0,2019-06-21 22:29:45,-8.02,-34.884,AMEACA,PARDA,HOMEM CIS,False,False,22.0,2019,6,JUNHO,21,SEXTA-FEIRA,2,False,22.0,NOITE,ADULTO
FC-00059,AFLITOS,35.0,2022-08-15 15:46:37,-8.043,-34.872,AMEACA,NAO IDENTIFICADO,MULHER CIS,False,False,15.0,2022,8,AGOSTO,15,SEGUNDA-FEIRA,3,False,15.0,TARDE,ADULTO
FC-00060,NOVA DESCOBERTA,52.0,2024-10-20 20:21:01,-8.016,-34.857,DISPARO,NAO IDENTIFICADO,MULHER CIS,False,False,20.0,2024,10,OUTUBRO,20,DOMINGO,4,True,20.0,NOITE,ADULTO
FC-00061,VARZEA,37.0,2025-12-09 18:33:12,-8.038,-34.918,HOMICIDIO/TENTATIVA,PARDA,HOMEM CIS,False,False,18.0,2025,12,DEZEMBRO,9,TERÇA-FEIRA,4,False,18.0,NOITE,ADULTO
FC-00062,ESTACAO,35.0,2023-08-26 00:18:14,-8.054,-34.869,DISPARO,NAO IDENTIFICADO,HOMEM CIS,False,False,0.0,2023,8,AGOSTO,26,SÁBADO,3,True,0.0,MADRUGADA,ADULTO
FC-00063,IPUTINGA,35.0,2021-12-18 13:44:29,-8.028,-34.896,DISPARO,NAO IDENTIFICADO,HOMEM CIS,False,False,13.0,2021,12,DEZEMBRO,18,SÁBADO,4,True,13.0,TARDE,ADULTO
FC-00064,NOVA DESCOBERTA,11.0,2025-12-06 05:47:30,-8.016,-34.862,TIRO,NAO IDENTIFICADO,HOMEM CIS,False,False,5.0,2025,12,DEZEMBRO,6,SÁBADO,4,True,5.0,MADRUGADA,CRIANCA
FC-00065,GRACO,32.0,2020-04-12 04:00:45,-8.047,-34.869,HOMICIDIO/TENTATIVA,NAO IDENTIFICADO,HOMEM CIS,False,False,4.0,2020,4,ABRIL,12,DOMINGO,2,True,4.0,MADRUGADA,ADULTO
FC-00066,IBURA,34.0,2023-08-04 21:36:18,-8.085,-34.892,BRIGA,NAO IDENTIFICADO,HOMEM CIS,False,False,21.0,2023,8,AGOSTO,4,SEXTA-FEIRA,3,False,21.0,NOITE,ADULTO
FC-00067,IPUTINGA,32.0,2019-02-13 17:36:40,-8.031,-34.892,ROUBO,NAO IDENTIFICADO,MULHER CIS,False,False,17.0,2019,2,FEVEREIRO,13,QUARTA-FEIRA,1,False,17.0,TARDE,ADULTO
FC-00068,VARZEA,36.0,2019-07-20 19:39:14,-8.032,-34.912,OUTRO,NAO IDENTIFICADO,HOMEM CIS,False,False,19.0,2019,7,JULHO,20,SÁBADO,3,True,19.0,NOITE,ADULTO
FC-00069,SAN MARTIN,13.0,2021-10-02 19:47:06,-8.043,-34.876,OUTRO,PARDA,HOMEM CIS,False,False,19.0,2021,10,OUTUBRO,2,SÁBADO,4,True,19.0,NOITE,ADOLESCENTE
FC-00070,VASCO DA GAMA,36.0,2022-03-01 15:44:38,-8.053,-34.868,HOMICIDIO/TENTATIVA,NAO IDENTIFICADO,HOMEM CIS,False,False,15.0,2022,3,MARÇO,1,TERÇA-FEIRA,1,False,15.0,TARDE,ADULTO
FC-00071,NOVA DESCOBERTA,36.0,2023-05-26 21:37:42,-8.012,-34.862,DISPARO,PRETA,HOMEM CIS,False,False,21.0,2023,5,MAIO,26,SEXTA-FEIRA,2,False,21.0,NOITE,ADULTO
FC-00072,ESTACAO,37.0,2024-02-02 04:19:38,-8.054,-34.869,ROUBO,PRETA,HOMEM CIS,False,False,4.0,2024,2,FEVEREIRO,2,SEXTA-FEIRA,1,False,4.0,MADRUGADA,ADULTO
FC-00073,JARDIM SAO PAULO,20.0,2021-05-17 18:28:05,-8.006,-34.856,HOMICIDIO/TENTATIVA,NAO IDENTIFICADO,HOMEM CIS,False,False,18.0,2021,5,MAIO,17,SEGUNDA-FEIRA,2,False,18.0,NOITE,ADULTO
FC-00074,ESTACAO,30.0,2025-10-19 23:48:43,-8.046,-34.877,HOMICIDIO/TENTATIVA,NAO IDENTIFICADO,HOMEM CIS,False,False,23.0,2025,10,OUTUBRO,19,DOMINGO,4,True,23.0,NOITE,ADULTO
FC-00075,IBURA,38.0,2025-03-19 15:52:31,-8.087,-34.893,TIRO,NAO IDENTIFICADO,HOMEM CIS,False,False,15.0,2025,3,MARÇO,19,QUARTA-FEIRA,1,False,15.0,TARDE,ADULTO
FC-00076,IPUTINGA,43.0,2021-12-16 11:25:52,-8.028,-34.896,ROUBO,PRETA,HOMEM CIS,False,False,11.0,2021,12,DEZEMBRO,16,QUINTA-FEIRA,4,False,11.0,MANHÃ,ADULTO
FC-00077,SAN MARTIN,21.0,2021-09-27 23:42:55,-8.038,-34.88,BRIGA,NAO IDENTIFICADO,HOMEM CIS,False,False,23.0,2021,9,SETEMBRO,27,SEGUNDA-FEIRA,3,False,23.0,NOITE,ADULTO
FC-00078,IBURA,32.0,2022-01-07 10:08:59,-8.082,-34.894,DISPARO,PRETA,HOMEM CIS,False,False,10.0,2022,1,JANEIRO,7,SEXTA-FEIRA,1,False,10.0,MANHÃ,ADULTO
FC-00079,BOA VISTA,55.0,2020-03-10 18:35:26,-8.048,-34.881,TIRO,BRANCA,HOMEM CIS,False,False,18.0,2020,3,MARÇO,10,TERÇA-FEIRA,1,False,18.0,NOITE,ADULTO
FC-00080,JARDIM SAO PAULO,32.0,2022-12-10 17:17:26,-8.007,-34.852,AMEACA,NAO IDENTIFICADO,HOMEM CIS,False,False,17.0,2022,12,DEZEMBRO,10,SÁBADO,4,True,17.0,TARDE,ADULTO
FC-00081,NOVA DESCOBERTA,20.0,2022-03-28 01:49:50,-8.015,-34.863,ROUBO,NAO IDENTIFICADO,HOMEM CIS,False,False,1.0,2022,3,MARÇO,28,SEGUNDA-FEIRA,1,False,1.0,MADRUGADA,ADULTO
FC-00082,JARDIM SAO PAULO,40.0,2020-10-19 23:31:55,-8.009,-34.856,HOMICIDIO/TENTATIVA,PARDA,HOMEM CIS,False,False,23.0,2020,10,OUTUBRO,19,SEGUNDA-FEIRA,4,False,23.0,NOITE,ADULTO
FC-00083,ALTO JOSE DO PINHO,24.0,2025-04-23 07:24:14,-8.022,-34.88,DISPARO,PARDA,HOMEM CIS,False,False,7.0,2025,4,ABRIL,23,QUARTA-FEIRA,2,False,7.0,MANHÃ,ADULTO
FC-00084,IBURA,34.0,2021-11-26 21:09:31,-8.086,-34.889,AMEACA,PRETA,HOMEM CIS,False,False,21.0,2021,11,NOVEMBRO,26,SEXTA-FEIRA,4,False,21.0,NOITE,ADULTO
FC-00085,ALTO JOSE DO PINHO,55.0,2022-09-15 00:09:26,-8.017,-34.89,ROUBO,PARDA,HOMEM CIS,False,False,0.0,2022,9,SETEMBRO,15,QUINTA-FEIRA,3,False,0.0,MADRUGADA,ADULTO
FC-00086,VARZEA,24.0,2023-11-03 21:54:43,-8.031,-34.917,HOMICIDIO/TENTATIVA,BRANCA,HOMEM CIS,False,False,21.0,2023,11,NOVEMBRO,3,SEXTA-FEIRA,4,False,21.0,NOITE,ADULTO
FC-00087,JAQUEIRA,35.0,2022-10-03 07:43:58,-8.036,-34.871,DISPARO,PARDA,HOMEM CIS,False,False,7.0,2022,10,OUTUBRO,3,SEGUNDA-FEIRA,4,False,7.0,MANHÃ,ADULTO
FC-00088,ESPINHEIRO,29.0,2025-08-06 20:57:01,-8.052,-34.871,TIRO,NAO IDENTIFICADO,HOMEM CIS,True,False,20.0,2025,8,AGOSTO,6,QUARTA-FEIRA,3,False,20.0,NOITE,ADULTO
FC-00089,IBURA,26.0,2021-11-26 04:11:05,-8.086,-34.887,HOMICIDIO/TENTATIVA,NAO IDENTIFICADO,HOMEM CIS,False,False,4.0,2021,11,NOVEMBRO,26,SEXTA-FEIRA,4,False,4.0,MADRUGADA,ADULTO
FC-00090,VASCO DA GAMA,12.0,2022-05-15 09:00:57,-8.056,-34.88,HOMICIDIO/TENTATIVA,BRANCA,HOMEM CIS,False,False,9.0,2022,5,MAIO,15,DOMINGO,2,True,9.0,MANHÃ,CRIANCA
FC-00091,IPUTINGA,47.0,2025-05-21 23:44:16,-8.032,-34.89,BRIGA,NAO IDENTIFICADO,HOMEM CIS,False,False,23.0,2025,5,MAIO,21,QUARTA-FEIRA,2,False,23.0,NOITE,ADULTO
FC-00092,VARZEA,30.0,2023-10-10 23:18:01,-8.038,-34.914,HOMICIDIO/TENTATIVA,NAO IDENTIFICADO,HOMEM CIS,False,False,23.0,2023,10,OUTUBRO,10,TERÇA-FEIRA,4,False,23.0,NOITE,ADULTO
FC-00093,CORDOARIA,32.0,2025-10-24 17:57:57,-8.06,-34.873,AMEACA,PARDA,HOMEM CIS,False,False,17.0,2025,10,OUTUBRO,24,SEXTA-FEIRA,4,False,17.0,TARDE,ADULTO
FC-00094,NOVA DESCOBERTA,25.0,2020-12-25 19:53:08,-8.015,-34.863,HOMICIDIO/TENTATIVA,NAO IDENTIFICADO,HOMEM CIS,False,False,19.0,2020,12,DEZEMBRO,25,SEXTA-FEIRA,4,False,19.0,NOITE,ADULTO
FC-00095,VASCO DA GAMA,49.0,2021-03-03 22:20:47,-8.059,-34.874,HOMICIDIO/TENTATIVA,PARDA,HOMEM CIS,False,False,22.0,2021,3,MARÇO,3,QUARTA-FEIRA,1,False,22.0,NOITE,ADULTO
FC-00096,COHAB,10.0,2025-03-09 22:30:51,-8.065,-34.903,DISPARO,BRANCA,HOMEM CIS,False,False,22.0,2025,3,MARÇO,9,DOMINGO,1,True,22.0,NOITE,CRIANCA
FC-00097,IPUTINGA,33.0,2025-11-24 20:25:54,-8.03,-34.894,HOMICIDIO/TENTATIVA,BRANCA,HOMEM CIS,False,False,20.0,2025,11,NOVEMBRO,24,SEGUNDA-FEIRA,4,False,20.0,NOITE,ADULTO
FC-00098,COHAB,24.0,2021-12-22 10:24:52,-8.067,-34.902,HOMICIDIO/TENTATIVA,NAO IDENTIFICADO,HOMEM CIS,False,False,10.0,2021,12,DEZEMBRO,22,QUARTA-FEIRA,4,False,10.0,MANHÃ,ADULTO
FC-00099,COHAB,34.0,2022-10-08 19:40:52,-8.067,-34.902,ROUBO,NAO IDENTIFICADO,HOMEM CIS,False,False,19.0,2022,10,OUTUBRO,8,SÁBADO,4,True,19.0,NOITE,ADULTO
FC-00100,IPUTINGA,33.0,2021-08-04 02:56:34,-8.026,-34.891,BRIGA,NAO IDENTIFICADO,HOMEM CIS,False,False,2.0,2021,8,AGOSTO,4,QUARTA-FEIRA,3,False,2.0,MADRUGADA,ADULTO
FC-00101,CORDOARIA,20.0,2023-12-05 22:41:06,-8.06,-34.871,DISPARO,PRETA,MULHER CIS,False,False,22.0,2023,12,DEZEMBRO,5,TERÇA-FEIRA,4,False,22.0,NOITE,ADULTO
FC-00102,ESTACAO,40.0,2022-04-28 14:43:23,-8.053,-34.871,DISPARO,NAO IDENTIFICADO,MULHER CIS,False,False,14.0,2022,4,ABRIL,28,QUINTA-FEIRA,2,False,14.0,TARDE,ADULTO
FC-00103,CORDOARIA,45.0,2024-08-03 20:41:40,-8.06,-34.871,HOMICIDIO/TENTATIVA,NAO IDENTIFICADO,HOMEM CIS,False,False,20.0,2024,8,AGOSTO,3,SÁBADO,3,True,20.0,NOITE,ADULTO
FC-00104,IBURA,27.0,2020-09-07 18:52:55,-8.083,-34.889,AMEACA,AMARELA,HOMEM CIS,False,False,18.0,2020,9,SETEMBRO,7,SEGUNDA-FEIRA,3,False,18.0,NOITE,ADULTO
FC-00105,VARZEA,43.0,2019-03-18 09:11:07,-8.033,-34.911,ROUBO,NAO IDENTIFICADO,MULHER CIS,False,False,9.0,2019,3,MARÇO,18,SEGUNDA-FEIRA,1,False,9.0,MANHÃ,ADULTO
FC-00106,COHAB,30.0,2018-05-02 03:26:33,-8.063,-34.906,DISPARO,PARDA,HOMEM CIS,False,False,3.0,2018,5,MAIO,2,QUARTA-FEIRA,2,False,3.0,MADRUGADA,ADULTO
FC-00107,SAN MARTIN,33.0,2022-10-02 20:58:55,-8.04,-34.878,HOMICIDIO/TENTATIVA,NAO IDENTIFICADO,HOMEM CIS,False,False,20.0,2022,10,OUTUBRO,2,DOMINGO,4,True,20.0,NOITE,ADULTO
FC-00108,SAN MARTIN,40.0,2021-11-04 17:58:28,-8.042,-34.872,DISPARO,NAO IDENTIFICADO,MULHER CIS,False,False,17.0,2021,11,NOVEMBRO,4,QUINTA-FEIRA,4,False,17.0,TARDE,ADULTO
FC-00109,IPUTINGA,17.0,2023-12-11 14:38:33,-8.032,-34.89,TIRO,NAO IDENTIFICADO,HOMEM CIS,False,False,14.0,2023,12,DEZEMBRO,11,SEGUNDA-FEIRA,4,False,14.0,TARDE,ADOLESCENTE
FC-00110,BREJO DA GUARDEIRA,39.0,2023-09-24 21:27:28,-8.068,-34.898,ROUBO,PRETA,HOMEM CIS,False,False,21.0,2023,9,SETEMBRO,24,DOMINGO,3,True,21.0,NOITE,ADULTO
FC-00111,IPUTINGA,29.0,2021-11-09 14:09:43,-8.031,-34.893,HOMICIDIO/TENTATIVA,NAO IDENTIFICADO,HOMEM CIS,False,False,14.0,2021,11,NOVEMBRO,9,TERÇA-FEIRA,4,False,14.0,TARDE,ADULTO
FC-00112,COHAB,21.0,2021-03-18 01:35:35,-8.062,-34.905,TIRO,NAO IDENTIFICADO,HOMEM CIS,False,False,1.0,2021,3,MARÇO,18,QUINTA-FEIRA,1,False,1.0,MADRUGADA,ADULTO
FC-00113,ESTACAO,20.0,2025-01-10 19:22:06,-8.054,-34.87,DISPARO,BRANCA,MULHER CIS,False,False,19.0,2025,1,JANEIRO,10,SEXTA-FEIRA,1,False,19.0,NOITE,ADULTO
FC-00114,VARZEA,23.0,2022-02-25 10:14:51,-8.037,-34.914,DISPARO,PARDA,HOMEM CIS,False,False,10.0,2022,2,FEVEREIRO,25,SEXTA-FEIRA,1,False,10.0,MANHÃ,ADULTO
FC-00115,GRACO,32.0,2018-11-27 20:01:11,-8.045,-34.871,TIRO,PRETA,HOMEM CIS,False,False,20.0,2018,11,NOVEMBRO,27,TERÇA-FEIRA,4,False,20.0,NOITE,ADULTO
FC-00116,IPUTINGA,32.0,2022-07-03 03:40:01,-8.032,-34.897,ROUBO,NAO IDENTIFICADO,HOMEM CIS,False,False,3.0,2022,7,JULHO,3,DOMINGO,3,True,3.0,MADRUGADA,ADULTO
FC-00117,VARZEA,21.0,2024-10-20 02:03:09,-8.036,-34.914,DISPARO,NAO IDENTIFICADO,HOMEM CIS,False,False,2.0,2024,10,OUTUBRO,20,DOMINGO,4,True,2.0,MADRUGADA,ADULTO
FC-00118,IBURA,47.0,2023-07-09 06:32:07,-8.079,-34.892,DISPARO,NAO IDENTIFICADO,HOMEM CIS,False,False,6.0,2023,7,JULHO,9,DOMINGO,3,True,6.0,MANHÃ,ADULTO
FC-00119,IPUTINGA,29.0,2018-07-20 01:13:19,-8.031,-34.893,TIRO,NAO IDENTIFICADO,HOMEM CIS,False,False,1.0,2018,7,JULHO,20,SEXTA-FEIRA,3,False,1.0,MADRUGADA,ADULTO
FC-00120,VARZEA,26.0,2024-03-05 14:45:14,-8.034,-34.917,HOMICIDIO/TENTATIVA,NAO IDENTIFICADO,HOMEM CIS,False,False,14.0,2024,3,MARÇO,5,TERÇA-FEIRA,1,False,14.0,TARDE,ADULTO
FC-00121,SANTO AMARO,36.0,2022-08-03 21:36:27,-8.053,-34.87,TIRO,NAO IDENTIFICADO,HOMEM CIS,False,False,21.0,2022,8,AGOSTO,3,QUARTA-FEIRA,3,False,21.0,NOITE,ADULTO
FC-00122,VASCO DA GAMA,34.0,2019-10-15 21:58:23,-8.053,-34.881,BRIGA,NAO IDENTIFICADO,HOMEM CIS,False,False,21.0,2019,10,OUTUBRO,15,TERÇA-FEIRA,4,False,21.0,NOITE,ADULTO
FC-00123,COHAB,32.0,2025-12-11 06:49:10,-8.065,-34.905,HOMICIDIO/TENTATIVA,NAO IDENTIFICADO,HOMEM CIS,False,False,6.0,2025,12,DEZEMBRO,11,QUINTA-FEIRA,4,False,6.0,MANHÃ,ADULTO
FC-00124,COHAB,20.0,2024-11-27 03:06:09,-8.065,-34.904,HOMICIDIO/TENTATIVA,BRANCA,HOMEM CIS,False,False,3.0,2024,11,NOVEMBRO,27,QUARTA-FEIRA,4,False,3.0,MADRUGADA,ADULTO
FC-00125,BREJO DA GUARDEIRA,47.0,2024-08-15 21:48:37,-8.067,-34.894,HOMICIDIO/TENTATIVA,PRETA,HOMEM CIS,False,False,21.0,2024,8,AGOSTO,15,QUINTA-FEIRA,3,False,21.0,NOITE,ADULTO
FC-00126,CURADO,20.0,2025-06-05 15:30:28,-8.067,-34.909,HOMICIDIO/TENTATIVA,AMARELA,HOMEM CIS,False,False,15.0,2025,6,JUNHO,5,QUINTA-FEIRA,2,False,15.0,TARDE,ADULTO
FC-00127,NOVA DESCOBERTA,56.0,2022-01-12 21:04:41,-8.017,-34.868,HOMICIDIO/TENTATIVA,NAO IDENTIFICADO,HOMEM CIS,False,False,21.0,2022,1,JANEIRO,12,QUARTA-FEIRA,1,False,21.0,NOITE,ADULTO
FC-00128,COHAB,22.0,2025-12-02 16:51:36,-8.071,-34.907,DISPARO,NAO IDENTIFICADO,HOMEM CIS,False,False,16.0,2025,12,DEZEMBRO,2,TERÇA-FEIRA,4,False,16.0,TARDE,ADULTO
FC-00129,BREJO DA GUARDEIRA,20.0,2024-06-23 02:41:11,-8.07,-34.899,DISPARO,BRANCA,HOMEM CIS,True,False,2.0,2024,6,JUNHO,23,DOMINGO,2,True,2.0,MADRUGADA,ADULTO
FC-00130,SAN MARTIN,52.0,2021-05-13 15:21:43,-8.037,-34.88,HOMICIDIO/TENTATIVA,NAO IDENTIFICADO,HOMEM CIS,False,False,15.0,2021,5,MAIO,13,QUINTA-FEIRA,2,False,15.0,TARDE,ADULTO
FC-00131,VASCO DA GAMA,19.0,2021-05-24 21:58:38,-8.054,-34.884,DISPARO,NAO IDENTIFICADO,HOMEM CIS,False,False,21.0,2021,5,MAIO,24,SEGUNDA-FEIRA,2,False,21.0,NOITE,ADULTO
FC-00132,COHAB,51.0,2023-11-13 03:45:05,-8.061,-34.906,HOMICIDIO/TENTATIVA,BRANCA,HOMEM CIS,False,False,3.0,2023,11,NOVEMBRO,13,SEGUNDA-FEIRA,4,False,3.0,MADRUGADA,ADULTO
FC-00133,VASCO DA GAMA,10.0,2025-11-17 02:42:27,-8.051,-34.88,TIRO,NAO IDENTIFICADO,HOMEM CIS,False,False,2.0,2025,11,NOVEMBRO,17,SEGUNDA-FEIRA,4,False,2.0,MADRUGADA,CRIANCA
FC-00134,CORDOARIA,44.0,2022-04-05 03:18:54,-8.063,-34.875,BRIGA,NAO IDENTIFICADO,HOMEM CIS,False,False,3.0,2022,4,ABRIL,5,TERÇA-FEIRA,2,False,3.0,MADRUGADA,ADULTO
FC-00135,TOTOS,32.0,2021-10-05 19:09:10,-8.038,-34.866,HOMICIDIO/TENTATIVA,PARDA,MULHER CIS,False,False,19.0,2021,10,OUTUBRO,5,TERÇA-FEIRA,4,False,19.0,NOITE,ADULTO
FC-00136,TOTOS,37.0,2021-11-24 07:28:39,-8.041,-34.865,DISPARO,NAO IDENTIFICADO,HOMEM CIS,False,False,7.0,2021,11,NOVEMBRO,24,QUARTA-FEIRA,4,False,7.0,MANHÃ,ADULTO
FC-00137,POCO DA PANELA,31.0,2024-04-12 20:36:28,-8.033,-34.86,BRIGA,NAO IDENTIFICADO,HOMEM CIS,False,False,20.0,2024,4,ABRIL,12,SEXTA-FEIRA,2,False,20.0,NOITE,ADULTO
FC-00138,TOTOS,16.0,2020-10-05 21:03:41,-8.043,-34.861,HOMICIDIO/TENTATIVA,NAO IDENTIFICADO,HOMEM CIS,False,False,21.0,2020,10,OUTUBRO,5,SEGUNDA-FEIRA,4,False,21.0,NOITE,ADOLESCENTE
FC-00139,MANGABEIRA,33.0,2020-03-09 16:32:09,-8.012,-34.865,ROUBO,PARDA,HOMEM CIS,False,False,16.0,2020,3,MARÇO,9,SEGUNDA-FEIRA,1,False,16.0,TARDE,ADULTO
FC-00140,JAQUEIRA,31.0,2018-01-13 17:15:24,-8.034,-34.868,HOMICIDIO/TENTATIVA,NAO IDENTIFICADO,HOMEM CIS,False,False,17.0,2018,1,JANEIRO,13,SÁBADO,1,True,17.0,TARDE,ADULTO
FC-00141,NOVA DESCOBERTA,54.0,2021-03-05 01:58:53,-8.01,-34.866,TIRO,NAO IDENTIFICADO,HOMEM CIS,False,False,1.0,2021,3,MARÇO,5,SEXTA-FEIRA,1,False,1.0,MADRUGADA,ADULTO
FC-00142,VARZEA,41.0,2018-05-07 21:35:46,-8.033,-34.911,HOMICIDIO/TENTATIVA,NAO IDENTIFICADO,HOMEM CIS,False,False,21.0,2018,5,MAIO,7,SEGUNDA-FEIRA,2,False,21.0,NOITE,ADULTO
FC-00143,COHAB,18.0,2021-10-15 01:53:57,-8.063,-34.902,HOMICIDIO/TENTATIVA,NAO IDENTIFICADO,HOMEM CIS,False,False,1.0,2021,10,OUTUBRO,15,SEXTA-FEIRA,4,False,1.0,MADRUGADA,ADULTO
FC-00144,IBURA,10.0,2021-10-12 08:26:11,-8.086,-34.898,HOMICIDIO/TENTATIVA,NAO IDENTIFICADO,HOMEM CIS,False,False,8.0,2021,10,OUTUBRO,12,TERÇA-FEIRA,4,False,8.0,MANHÃ,CRIANCA
FC-00145,ALTO JOSE DO PINHO,26.0,2024-09-18 00:55:30,-8.018,-34.88,DISPARO,BRANCA,HOMEM CIS,True,False,0.0,2024,9,SETEMBRO,18,QUARTA-FEIRA,3,False,0.0,MADRUGADA,ADULTO
FC-00146,GRACO,30.0,2021-12-22 19:49:37,-8.038,-34.874,AMEACA,NAO IDENTIFICADO,HOMEM CIS,False,False,19.0,2021,12,DEZEMBRO,22,QUARTA-FEIRA,4,False,19.0,NOITE,ADULTO
FC-00147,COHAB,10.0,2024-11-15 23:30:40,-8.065,-34.904,TIRO,NAO IDENTIFICADO,HOMEM CIS,False,False,23.0,2024,11,NOVEMBRO,15,SEXTA-FEIRA,4,False,23.0,NOITE,CRIANCA
FC-00148,IBURA,29.0,2018-04-02 12:19:32,-8.088,-34.892,HOMICIDIO/TENTATIVA,NAO IDENTIFICADO,HOMEM CIS,False,False,12.0,2018,4,ABRIL,2,SEGUNDA-FEIRA,2,False,12.0,TARDE,ADULTO
FC-00149,MANGABEIRA,14.0,2021-01-28 19:17:07,-8.008,-34.869,HOMICIDIO/TENTATIVA,PARDA,HOMEM CIS,False,False,19.0,2021,1,JANEIRO,28,QUINTA-FEIRA,1,False,19.0,NOITE,ADOLESCENTE
FC-00150,CURADO,18.0,2025-08-23 17:59:51,-8.072,-34.913,DISPARO,PARDA,HOMEM CIS,False,False,17.0,2025,8,AGOSTO,23,SÁBADO,3,True,17.0,TARDE,ADULTO
FC-00151,COHAB,29.0,2020-05-11 02:20:42,-8.062,-34.908,OUTRO,NAO IDENTIFICADO,HOMEM CIS,False,False,2.0,2020,5,MAIO,11,SEGUNDA-FEIRA,2,False,2.0,MADRUGADA,ADULTO
FC-00152,BREJO DA GUARDEIRA,36.0,2018-06-20 23:17:40,-8.072,-34.902,DISPARO,PRETA,HOMEM CIS,False,False,23.0,2018,6,JUNHO,20,QUARTA-FEIRA,2,False,23.0,NOITE,ADULTO
FC-00153,IBURA,28.0,2024-03-01 03:38:43,-8.085,-34.894,DISPARO,NAO IDENTIFICADO,HOMEM CIS,False,False,3.0,2024,3,MARÇO,1,SEXTA-FEIRA,1,False,3.0,MADRUGADA,ADULTO
FC-00154,COHAB,15.0,2025-01-20 03:28:23,-8.059,-34.905,DISPARO,PRETA,HOMEM CIS,False,False,3.0,2025,1,JANEIRO,20,SEGUNDA-FEIRA,1,False,3.0,MADRUGADA,ADOLESCENTE
FC-00155,COHAB,21.0,2020-02-01 21:31:33,-8.064,-34.905,HOMICIDIO/TENTATIVA,NAO IDENTIFICADO,HOMEM CIS,False,False,21.0,2020,2,FEVEREIRO,1,SÁBADO,1,True,21.0,NOITE,ADULTO
FC-00156,COHAB,27.0,2023-12-16 05:08:54,-8.063,-34.903,HOMICIDIO/TENTATIVA,PRETA,HOMEM CIS,False,False,5.0,2023,12,DEZEMBRO,16,SÁBADO,4,True,5.0,MADRUGADA,ADULTO
FC-00157,CURADO,23.0,2024-06-22 13:04:35,-8.072,-34.911,TIRO,NAO IDENTIFICADO,HOMEM CIS,False,False,13.0,2024,6,JUNHO,22,SÁBADO,2,True,13.0,TARDE,ADULTO
FC-00158,IPUTINGA,10.0,2019-06-17 06:12:50,-8.033,-34.889,TIRO,PRETA,HOMEM CIS,False,False,6.0,2019,6,JUNHO,17,SEGUNDA-FEIRA,2,False,6.0,MANHÃ,CRIANCA
FC-00159,ALTO JOSE DO PINHO,49.0,2025-03-20 22:04:19,-8.021,-34.883,DISPARO,PRETA,HOMEM CIS,False,False,22.0,2025,3,MARÇO,20,QUINTA-FEIRA,1,False,22.0,NOITE,ADULTO
FC-00160,AFLITOS,33.0,2018-06-21 02:29:43,-8.036,-34.869,AMEACA,PARDA,HOMEM CIS,False,False,2.0,2018,6,JUNHO,21,QUINTA-FEIRA,2,False,2.0,MADRUGADA,ADULTO
FC-00161,CURADO,28.0,2025-07-17 22:03:53,-8.073,-34.915,HOMICIDIO/TENTATIVA,PRETA,HOMEM CIS,False,False,22.0,2025,7,JULHO,17,QUINTA-FEIRA,3,False,22.0,NOITE,ADULTO
FC-00162,IPUTINGA,32.0,2025-09-10 21:16:12,-8.03,-34.897,HOMICIDIO/TENTATIVA,BRANCA,HOMEM CIS,False,False,21.0,2025,9,SETEMBRO,10,QUARTA-FEIRA,3,False,21.0,NOITE,ADULTO
FC-00163,NOVA DESCOBERTA,22.0,2023-10-19 03:42:39,-8.018,-34.86,HOMICIDIO/TENTATIVA,PRETA,HOMEM CIS,False,False,3.0,2023,10,OUTUBRO,19,QUINTA-FEIRA,4,False,3.0,MADRUGADA,ADULTO
FC-00164,IPUTINGA,44.0,2019-11-25 18:41:13,-8.028,-34.889,ROUBO,NAO IDENTIFICADO,MULHER CIS,False,False,18.0,2019,11,NOVEMBRO,25,SEGUNDA-FEIRA,4,False,18.0,NOITE,ADULTO
FC-00165,BREJO DA GUARDEIRA,30.0,2023-05-16 08:51:43,-8.073,-34.895,DISPARO,PARDA,HOMEM CIS,False,False,8.0,2023,5,MAIO,16,TERÇA-FEIRA,2,False,8.0,MANHÃ,ADULTO
FC-00166,COHAB,36.0,2020-10-05 12:45:20,-8.068,-34.906,DISPARO,NAO IDENTIFICADO,HOMEM CIS,False,False,12.0,2020,10,OUTUBRO,5,SEGUNDA-FEIRA,4,False,12.0,TARDE,ADULTO
FC-00167,IPUTINGA,19.0,2019-04-15 03:28:15,-8.032,-34.89,DISPARO,PARDA,HOMEM CIS,False,False,3.0,2019,4,ABRIL,15,SEGUNDA-FEIRA,2,False,3.0,MADRUGADA,ADULTO
FC-00168,IPUTINGA,52.0,2025-03-27 12:36:46,-8.032,-34.891,HOMICIDIO/TENTATIVA,PRETA,HOMEM CIS,False,False,12.0,2025,3,MARÇO,27,QUINTA-FEIRA,1,False,12.0,TARDE,ADULTO
FC-00169,VARZEA,21.0,2022-02-13 17:15:13,-8.036,-34.917,ROUBO,NAO IDENTIFICADO,NAO IDENTIFICADO,False,False,17.0,2022,2,FEVEREIRO,13,DOMINGO,1,True,17.0,TARDE,ADULTO
FC-00170,IBURA,19.0,2022-09-01 21:27:08,-8.082,-34.894,TIRO,PARDA,HOMEM CIS,False,False,21.0,2022,9,SETEMBRO,1,QUINTA-FEIRA,3,False,21.0,NOITE,ADULTO
FC-00171,CORDOARIA,33.0,2022-06-18 11:24:32,-8.058,-34.874,HOMICIDIO/TENTATIVA,NAO IDENTIFICADO,HOMEM CIS,False,False,11.0,2022,6,JUNHO,18,SÁBADO,2,True,11.0,MANHÃ,ADULTO
FC-00172,NOVA DESCOBERTA,18.0,2025-07-12 21:21:35,-8.017,-34.863,HOMICIDIO/TENTATIVA,PRETA,NAO IDENTIFICADO,False,False,21.0,2025,7,JULHO,12,SÁBADO,3,True,21.0,NOITE,ADULTO
FC-00173,VARZEA,36.0,2018-12-11 21:33:29,-8.038,-34.915,HOMICIDIO/TENTATIVA,NAO IDENTIFICADO,HOMEM CIS,False,False,21.0,2018,12,DEZEMBRO,11,TERÇA-FEIRA,4,False,21.0,NOITE,ADULTO
FC-00174,ALTO JOSE DO PINHO,39.0,2025-12-27 11:21:32,-8.025,-34.883,HOMICIDIO/TENTATIVA,PRETA,HOMEM CIS,False,False,11.0,2025,12,DEZEMBRO,27,SÁBADO,4,True,11.0,MANHÃ,ADULTO
FC-00175,ALTO JOSE DO PINHO,22.0,2021-02-14 18:50:57,-8.018,-34.887,HOMICIDIO/TENTATIVA,NAO IDENTIFICADO,HOMEM CIS,False,False,18.0,2021,2,FEVEREIRO,14,DOMINGO,1,True,18.0,NOITE,ADULTO
FC-00176,VASCO DA GAMA,10.0,2025-10-19 06:03:37,-8.06,-34.88,TIRO,NAO IDENTIFICADO,HOMEM CIS,False,False,6.0,2025,10,OUTUBRO,19,DOMINGO,4,True,6.0,MANHÃ,CRIANCA
FC-00177,VASCO DA GAMA,33.0,2023-01-19 22:07:12,-8.058,-34.878,HOMICIDIO/TENTATIVA,PARDA,HOMEM CIS,True,False,22.0,2023,1,JANEIRO,19,QUINTA-FEIRA,1,False,22.0,NOITE,ADULTO
FC-00178,ESTACAO,10.0,2023-08-28 21:46:03,-8.053,-34.875,DISPARO,NAO IDENTIFICADO,HOMEM CIS,False,False,21.0,2023,8,AGOSTO,28,SEGUNDA-FEIRA,3,False,21.0,NOITE,CRIANCA
FC-00179,VARZEA,22.0,2021-03-15 22:21:34,-8.035,-34.918,DISPARO,PRETA,HOMEM CIS,False,False,22.0,2021,3,MARÇO,15,SEGUNDA-FEIRA,1,False,22.0,NOITE,ADULTO
FC-00180,CURADO,25.0,2022-04-09 18:14:19,-8.067,-34.912,HOMICIDIO/TENTATIVA,PARDA,HOMEM CIS,False,False,18.0,2022,4,ABRIL,9,SÁBADO,2,True,18.0,NOITE,ADULTO
FC-00181,VARZEA,40.0,2025-12-09 11:36:43,-8.038,-34.913,HOMICIDIO/TENTATIVA,NAO IDENTIFICADO,HOMEM CIS,False,False,11.0,2025,12,DEZEMBRO,9,TERÇA-FEIRA,4,False,11.0,MANHÃ,ADULTO
FC-00182,GRACO,47.0,2020-05-23 02:59:28,-8.05,-34.872,AMEACA,BRANCA,HOMEM CIS,False,False,2.0,2020,5,MAIO,23,SÁBADO,2,True,2.0,MADRUGADA,ADULTO
FC-00183,SAN MARTIN,36.0,2023-03-04 19:37:15,-8.041,-34.877,BRIGA,NAO IDENTIFICADO,HOMEM CIS,False,False,19.0,2023,3,MARÇO,4,SÁBADO,1,True,19.0,NOITE,ADULTO
FC-00184,CURADO,22.0,2021-08-04 20:08:00,-8.07,-34.91,HOMICIDIO/TENTATIVA,NAO IDENTIFICADO,HOMEM CIS,False,False,20.0,2021,8,AGOSTO,4,QUARTA-FEIRA,3,False,20.0,NOITE,ADULTO
FC-00185,VARZEA,44.0,2023-05-11 11:03:58,-8.034,-34.914,DISPARO,PARDA,HOMEM CIS,False,False,11.0,2023,5,MAIO,11,QUINTA-FEIRA,2,False,11.0,MANHÃ,ADULTO
FC-00186,MANGABEIRA,25.0,2025-03-14 22:11:59,-8.011,-34.871,BRIGA,PRETA,HOMEM CIS,False,False,22.0,2025,3,MARÇO,14,SEXTA-FEIRA,1,False,22.0,NOITE,ADULTO
FC-00187,CORDOARIA,34.0,2025-01-01 11:38:06,-8.059,-34.872,BRIGA,BRANCA,HOMEM CIS,False,False,11.0,2025,1,JANEIRO,1,QUARTA-FEIRA,1,False,11.0,MANHÃ,ADULTO
FC-00188,IPUTINGA,48.0,2025-09-15 10:51:07,-8.025,-34.894,DISPARO,NAO IDENTIFICADO,NAO IDENTIFICADO,False,False,10.0,2025,9,SETEMBRO,15,SEGUNDA-FEIRA,3,False,10.0,MANHÃ,ADULTO
FC-00189,SAN MARTIN,44.0,2024-10-22 21:11:39,-8.041,-34.884,TIRO,NAO IDENTIFICADO,HOMEM CIS,False,False,21.0,2024,10,OUTUBRO,22,TERÇA-FEIRA,4,False,21.0,NOITE,ADULTO
FC-00190,ESTACAO,17.0,2019-03-16 12:15:00,-8.059,-34.872,DISPARO,NAO IDENTIFICADO,HOMEM CIS,False,False,12.0,2019,3,MARÇO,16,SÁBADO,1,True,12.0,TARDE,ADOLESCENTE
FC-00191,SAN MARTIN,30.0,2023-05-21 13:15:03,-8.035,-34.877,DISPARO,NAO IDENTIFICADO,HOMEM CIS,False,False,13.0,2023,5,MAIO,21,DOMINGO,2,True,13.0,TARDE,ADULTO
FC-00192,IPUTINGA,27.0,2023-05-23 02:58:18,-8.026,-34.9,ROUBO,NAO IDENTIFICADO,HOMEM CIS,False,False,2.0,2023,5,MAIO,23,TERÇA-FEIRA,2,False,2.0,MADRUGADA,ADULTO
FC-00193,NOVA DESCOBERTA,32.0,2023-07-23 18:30:48,-8.013,-34.869,TIRO,NAO IDENTIFICADO,HOMEM CIS,False,False,18.0,2023,7,JULHO,23,DOMINGO,3,True,18.0,NOITE,ADULTO
FC-00194,CASA AMARELA,43.0,2024-09-15 17:23:04,-8.031,-34.861,DISPARO,PRETA,HOMEM CIS,False,False,17.0,2024,9,SETEMBRO,15,DOMINGO,3,True,17.0,TARDE,ADULTO
FC-00195,IBURA,37.0,2019-06-28 17:07:43,-8.075,-34.891,DISPARO,NAO IDENTIFICADO,HOMEM CIS,False,False,17.0,2019,6,JUNHO,28,SEXTA-FEIRA,2,False,17.0,TARDE,ADULTO
FC-00196,ALTO JOSE DO PINHO,35.0,2019-07-15 18:35:29,-8.021,-34.888,HOMICIDIO/TENTATIVA,NAO IDENTIFICADO,MULHER CIS,False,False,18.0,2019,7,JULHO,15,SEGUNDA-FEIRA,3,False,18.0,NOITE,ADULTO
FC-00197,AFLITOS,39.0,2023-01-14 13:04:34,-8.048,-34.872,TIRO,PARDA,HOMEM CIS,False,False,13.0,2023,1,JANEIRO,14,SÁBADO,1,True,13.0,TARDE,ADULTO
FC-00198,CURADO,23.0,2019-03-25 19:46:41,-8.069,-34.909,HOMICIDIO/TENTATIVA,NAO IDENTIFICADO,NAO IDENTIFICADO,False,False,19.0,2019,3,MARÇO,25,SEGUNDA-FEIRA,1,False,19.0,NOITE,ADULTO
FC-00199,ROSARINHO,42.0,2021-11-22 21:08:41,-8.042,-34.866,ROUBO,PARDA,HOMEM CIS,False,False,21.0,2021,11,NOVEMBRO,22,SEGUNDA-FEIRA,4,False,21.0,NOITE,ADULTO
FC-00200,VARZEA,18.0,2020-01-25 00:19:29,-8.036,-34.914,TIRO,NAO IDENTIFICADO,HOMEM CIS,False,False,0.0,2020,1,JANEIRO,25,SÁBADO,1,True,0.0,MADRUGADA,ADULTO
FC-00201,ESTACAO,39.0,2019-04-24 21:02:51,-8.056,-34.868,DISPARO,NAO IDENTIFICADO,HOMEM CIS,False,False,21.0,2019,4,ABRIL,24,QUARTA-FEIRA,2,False,21.0,NOITE,ADULTO
FC-00202,TOTOS,50.0,2019-01-15 19:45:55,-8.037,-34.859,HOMICIDIO/TENTATIVA,NAO IDENTIFICADO,MULHER CIS,True,False,19.0,2019,1,JANEIRO,15,TERÇA-FEIRA,1,False,19.0,NOITE,ADULTO
FC-00203,IBURA,20.0,2024-03-17 23:14:52,-8.086,-34.897,AMEACA,NAO IDENTIFICADO,HOMEM CIS,False,False,23.0,2024,3,MARÇO,17,DOMINGO,1,True,23.0,NOITE,ADULTO
FC-00204,IPUTINGA,47.0,2021-03-22 17:26:19,-8.026,-34.893,HOMICIDIO/TENTATIVA,PRETA,HOMEM CIS,False,False,17.0,2021,3,MARÇO,22,SEGUNDA-FEIRA,1,False,17.0,TARDE,ADULTO
FC-00205,JAQUEIRA,35.0,2021-08-02 23:41:42,-8.041,-34.861,TIRO,BRANCA,MULHER CIS,False,False,23.0,2021,8,AGOSTO,2,SEGUNDA-FEIRA,3,False,23.0,NOITE,ADULTO
FC-00206,IPUTINGA,31.0,2024-08-08 21:19:54,-8.028,-34.891,DISPARO,NAO IDENTIFICADO,HOMEM CIS,False,False,21.0,2024,8,AGOSTO,8,QUINTA-FEIRA,3,False,21.0,NOITE,ADULTO
FC-00207,SAN MARTIN,35.0,2022-07-08 09:21:41,-8.039,-34.88,DISPARO,NAO IDENTIFICADO,HOMEM CIS,False,False,9.0,2022,7,JULHO,8,SEXTA-FEIRA,3,False,9.0,MANHÃ,ADULTO
FC-00208,CAXANGA,35.0,2020-11-20 19:55:04,-8.019,-34.916,HOMICIDIO/TENTATIVA,PRETA,HOMEM CIS,False,False,19.0,2020,11,NOVEMBRO,20,SEXTA-FEIRA,4,False,19.0,NOITE,ADULTO
FC-00209,BREJO DA GUARDEIRA,49.0,2025-05-01 06:12:47,-8.072,-34.903,HOMICIDIO/TENTATIVA,NAO IDENTIFICADO,HOMEM CIS,False,False,6.0,2025,5,MAIO,1,QUINTA-FEIRA,2,False,6.0,MANHÃ,ADULTO
FC-00210,SAN MARTIN,28.0,2025-09-11 21:24:29,-8.04,-34.875,HOMICIDIO/TENTATIVA,PRETA,HOMEM CIS,False,False,21.0,2025,9,SETEMBRO,11,QUINTA-FEIRA,3,False,21.0,NOITE,ADULTO
FC-00211,IPUTINGA,10.0,2024-12-16 21:20:58,-8.023,-34.893,DISPARO,PARDA,HOMEM CIS,False,False,21.0,2024,12,DEZEMBRO,16,SEGUNDA-FEIRA,4,False,21.0,NOITE,CRIANCA
FC-00212,ESTACAO,24.0,2020-10-19 20:18:09,-8.056,-34.876,HOMICIDIO/TENTATIVA,NAO IDENTIFICADO,HOMEM CIS,False,False,20.0,2020,10,OUTUBRO,19,SEGUNDA-FEIRA,4,False,20.0,NOITE,ADULTO
FC-00213,CORDOARIA,43.0,2023-05-25 21:46:41,-8.058,-34.877,TIRO,NAO IDENTIFICADO,MULHER CIS,False,False,21.0,2023,5,MAIO,25,QUINTA-FEIRA,2,False,21.0,NOITE,ADULTO
FC-00214,VARZEA,14.0,2022-09-21 23:33:02,-8.036,-34.91,TIRO,NAO IDENTIFICADO,HOMEM CIS,False,False,23.0,2022,9,SETEMBRO,21,QUARTA-FEIRA,3,False,23.0,NOITE,ADOLESCENTE
FC-00215,JARDIM SAO PAULO,26.0,2024-04-03 20:00:13,-8.01,-34.856,DISPARO,PARDA,HOMEM CIS,False,False,20.0,2024,4,ABRIL,3,QUARTA-FEIRA,2,False,20.0,NOITE,ADULTO
FC-00216,IBURA,26.0,2023-01-01 18:26:00,-8.09,-34.892,ROUBO,BRANCA,HOMEM CIS,True,False,18.0,2023,1,JANEIRO,1,DOMINGO,1,True,18.0,NOITE,ADULTO
FC-00217,NOVA DESCOBERTA,25.0,2023-03-04 22:33:09,-8.013,-34.859,AMEACA,NAO IDENTIFICADO,NAO IDENTIFICADO,False,False,22.0,2023,3,MARÇO,4,SÁBADO,1,True,22.0,NOITE,ADULTO
FC-00218,ALTO JOSE DO PINHO,43.0,2021-07-15 18:44:14,-8.021,-34.888,DISPARO,NAO IDENTIFICADO,HOMEM CIS,False,False,18.0,2021,7,JULHO,15,QUINTA-FEIRA,3,False,18.0,NOITE,ADULTO
FC-00219,CAXANGA,60.0,2019-07-13 18:03:40,-8.025,-34.92,AMEACA,PARDA,HOMEM CIS,True,False,18.0,2019,7,JULHO,13,SÁBADO,3,True,18.0,NOITE,IDOSO
FC-00220,COHAB,31.0,2025-02-17 22:14:13,-8.064,-34.905,HOMICIDIO/TENTATIVA,PRETA,MULHER CIS,False,False,22.0,2025,2,FEVEREIRO,17,SEGUNDA-FEIRA,1,False,22.0,NOITE,ADULTO
FC-00221,CURADO,23.0,2025-09-19 19:11:59,-8.072,-34.91,HOMICIDIO/TENTATIVA,NAO IDENTIFICADO,HOMEM CIS,False,False,19.0,2025,9,SETEMBRO,19,SEXTA-FEIRA,3,False,19.0,NOITE,ADULTO
FC-00222,JAQUEIRA,23.0,2021-02-10 04:15:36,-8.04,-34.868,TIRO,PARDA,HOMEM CIS,False,False,4.0,2021,2,FEVEREIRO,10,QUARTA-FEIRA,1,False,4.0,MADRUGADA,ADULTO
FC-00223,SANTO AMARO,26.0,2024-12-24 02:47:22,-8.053,-34.878,TIRO,NAO IDENTIFICADO,HOMEM CIS,True,False,2.0,2024,12,DEZEMBRO,24,TERÇA-FEIRA,4,False,2.0,MADRUGADA,ADULTO
FC-00224,NOVA DESCOBERTA,43.0,2023-06-01 19:50:28,-8.011,-34.871,TIRO,PRETA,HOMEM CIS,False,False,19.0,2023,6,JUNHO,1,QUINTA-FEIRA,2,False,19.0,NOITE,ADULTO
FC-00225,MANGABEIRA,25.0,2021-10-10 21:45:04,-8.011,-34.874,DISPARO,NAO IDENTIFICADO,HOMEM CIS,False,False,21.0,2021,10,OUTUBRO,10,DOMINGO,4,True,21.0,NOITE,ADULTO
FC-00226,CORDOARIA,20.0,2021-02-01 22:28:23,-8.061,-34.868,DISPARO,NAO IDENTIFICADO,HOMEM CIS,False,False,22.0,2021,2,FEVEREIRO,1,SEGUNDA-FEIRA,1,False,22.0,NOITE,ADULTO
FC-00227,COHAB,41.0,2021-01-03 13:05:38,-8.061,-34.903,DISPARO,NAO IDENTIFICADO,HOMEM CIS,False,False,13.0,2021,1,JANEIRO,3,DOMINGO,1,True,13.0,TARDE,ADULTO
FC-00228,CURADO,16.0,2024-09-08 18:10:43,-8.072,-34.909,AMEACA,NAO IDENTIFICADO,HOMEM CIS,False,False,18.0,2024,9,SETEMBRO,8,DOMINGO,3,True,18.0,NOITE,ADOLESCENTE
FC-00229,NOVA DESCOBERTA,15.0,2020-05-16 21:23:16,-8.013,-34.866,HOMICIDIO/TENTATIVA,NAO IDENTIFICADO,HOMEM CIS,False,False,21.0,2020,5,MAIO,16,SÁBADO,2,True,21.0,NOITE,ADOLESCENTE
FC-00230,VASCO DA GAMA,25.0,2021-07-11 21:24:51,-8.053,-34.879,HOMICIDIO/TENTATIVA,NAO IDENTIFICADO,HOMEM CIS,False,False,21.0,2021,7,JULHO,11,DOMINGO,3,True,21.0,NOITE,ADULTO
FC-00231,IPUTINGA,25.0,2019-06-20 22:12:30,-8.025,-34.896,BRIGA,PARDA,HOMEM CIS,False,False,22.0,2019,6,JUNHO,20,QUINTA-FEIRA,2,False,22.0,NOITE,ADULTO
FC-00232,CORDOARIA,37.0,2025-04-11 14:52:50,-8.056,-34.874,TIRO,PRETA,HOMEM CIS,False,False,14.0,2025,4,ABRIL,11,SEXTA-FEIRA,2,False,14.0,TARDE,ADULTO
FC-00233,JARDIM SAO PAULO,33.0,2024-01-24 16:45:13,-8.009,-34.852,HOMICIDIO/TENTATIVA,AMARELA,HOMEM CIS,False,False,16.0,2024,1,JANEIRO,24,QUARTA-FEIRA,1,False,16.0,TARDE,ADULTO
FC-00234,CAXANGA,27.0,2023-03-21 12:16:42,-8.027,-34.917,AMEACA,PARDA,HOMEM CIS,False,False,12.0,2023,3,MARÇO,21,TERÇA-FEIRA,1,False,12.0,TARDE,ADULTO
FC-00235,POCO DA PANELA,21.0,2021-09-28 20:34:02,-8.039,-34.867,DISPARO,AMARELA,HOMEM CIS,False,False,20.0,2021,9,SETEMBRO,28,TERÇA-FEIRA,3,False,20.0,NOITE,ADULTO
FC-00236,BOA VISTA,37.0,2019-04-22 20:10:41,-8.054,-34.87,ROUBO,PRETA,HOMEM CIS,False,False,20.0,2019,4,ABRIL,22,SEGUNDA-FEIRA,2,False,20.0,NOITE,ADULTO
FC-00237,ROSARINHO,10.0,2025-07-04 00:16:14,-8.035,-34.864,AMEACA,NAO IDENTIFICADO,HOMEM CIS,False,False,0.0,2025,7,JULHO,4,SEXTA-FEIRA,3,False,0.0,MADRUGADA,CRIANCA
FC-00238,MANGABEIRA,28.0,2022-11-19 20:09:22,-8.012,-34.869,DISPARO,NAO IDENTIFICADO,HOMEM CIS,False,False,20.0,2022,11,NOVEMBRO,19,SÁBADO,4,True,20.0,NOITE,ADULTO
FC-00239,COHAB,29.0,2025-03-12 12:29:50,-8.062,-34.905,HOMICIDIO/TENTATIVA,BRANCA,HOMEM CIS,False,False,12.0,2025,3,MARÇO,12,QUARTA-FEIRA,1,False,12.0,TARDE,ADULTO
FC-00240,IPUTINGA,31.0,2018-01-26 20:01:54,-8.029,-34.893,DISPARO,PRETA,HOMEM CIS,False,False,20.0,2018,1,JANEIRO,26,SEXTA-FEIRA,1,False,20.0,NOITE,ADULTO
FC-00241,SANTO AMARO,33.0,2019-03-11 18:29:14,-8.063,-34.874,HOMICIDIO/TENTATIVA,AMARELA,HOMEM CIS,False,False,18.0,2019,3,MARÇO,11,SEGUNDA-FEIRA,1,False,18.0,NOITE,ADULTO
FC-00242,VARZEA,38.0,2023-04-15 19:24:00,-8.034,-34.916,HOMICIDIO/TENTATIVA,NAO IDENTIFICADO,HOMEM CIS,False,False,19.0,2023,4,ABRIL,15,SÁBADO,2,True,19.0,NOITE,ADULTO
FC-00243,NOVA DESCOBERTA,30.0,2024-09-06 14:12:29,-8.014,-34.867,DISPARO,PARDA,HOMEM CIS,False,False,14.0,2024,9,SETEMBRO,6,SEXTA-FEIRA,3,False,14.0,TARDE,ADULTO
FC-00244,CAXANGA,20.0,2023-10-04 13:54:29,-8.024,-34.923,DISPARO,PRETA,HOMEM CIS,False,False,13.0,2023,10,OUTUBRO,4,QUARTA-FEIRA,4,False,13.0,TARDE,ADULTO
FC-00245,SANTO AMARO,34.0,2023-06-04 07:07:11,-8.063,-34.867,DISPARO,BRANCA,HOMEM CIS,False,False,7.0,2023,6,JUNHO,4,DOMINGO,2,True,7.0,MANHÃ,ADULTO
FC-00246,ALTO JOSE DO PINHO,35.0,2020-11-18 20:41:59,-8.019,-34.882,DISPARO,NAO IDENTIFICADO,HOMEM CIS,False,False,20.0,2020,11,NOVEMBRO,18,QUARTA-FEIRA,4,False,20.0,NOITE,ADULTO
FC-00247,VARZEA,49.0,2023-06-01 17:12:52,-8.032,-34.921,AMEACA,NAO IDENTIFICADO,HOMEM CIS,False,False,17.0,2023,6,JUNHO,1,QUINTA-FEIRA,2,False,17.0,TARDE,ADULTO
FC-00248,ALTO JOSE DO PINHO,14.0,2024-08-06 02:01:50,-8.022,-34.885,DISPARO,PRETA,HOMEM CIS,False,False,2.0,2024,8,AGOSTO,6,TERÇA-FEIRA,3,False,2.0,MADRUGADA,ADOLESCENTE
FC-00249,IBURA,36.0,2022-08-18 17:36:07,-8.084,-34.891,AMEACA,NAO IDENTIFICADO,HOMEM CIS,False,False,17.0,2022,8,AGOSTO,18,QUINTA-FEIRA,3,False,17.0,TARDE,ADULTO
FC-00250,CASA AMARELA,20.0,2023-09-07 23:06:47,-8.034,-34.864,HOMICIDIO/TENTATIVA,PARDA,HOMEM CIS,False,False,23.0,2023,9,SETEMBRO,7,QUINTA-FEIRA,3,False,23.0,NOITE,ADULTO
FC-00251,NOVA DESCOBERTA,19.0,2025-02-15 21:07:49,-8.019,-34.868,HOMICIDIO/TENTATIVA,NAO IDENTIFICADO,MULHER CIS,False,False,21.0,2025,2,FEVEREIRO,15,SÁBADO,1,True,21.0,NOITE,ADULTO
FC-00252,CASA AMARELA,42.0,2023-03-20 03:13:52,-8.035,-34.852,TIRO,NAO IDENTIFICADO,HOMEM CIS,False,False,3.0,2023,3,MARÇO,20,SEGUNDA-FEIRA,1,False,3.0,MADRUGADA,ADULTO
FC-00253,MANGABEIRA,35.0,2025-05-10 18:54:32,-8.009,-34.873,HOMICIDIO/TENTATIVA,PRETA,HOMEM CIS,False,False,18.0,2025,5,MAIO,10,SÁBADO,2,True,18.0,NOITE,ADULTO
FC-00254,CASA AMARELA,38.0,2018-05-28 19:44:55,-8.034,-34.86,DISPARO,PARDA,HOMEM CIS,False,False,19.0,2018,5,MAIO,28,SEGUNDA-FEIRA,2,False,19.0,NOITE,ADULTO
FC-00255,AFLITOS,67.0,2022-10-21 10:26:24,-8.045,-34.869,TIRO,PARDA,MULHER CIS,False,False,10.0,2022,10,OUTUBRO,21,SEXTA-FEIRA,4,False,10.0,MANHÃ,IDOSO
FC-00256,POCO DA PANELA,21.0,2023-06-15 23:20:37,-8.035,-34.857,TIRO,NAO IDENTIFICADO,HOMEM CIS,True,False,23.0,2023,6,JUNHO,15,QUINTA-FEIRA,2,False,23.0,NOITE,ADULTO
FC-00257,CAXANGA,22.0,2023-02-26 18:13:27,-8.02,-34.918,TIRO,BRANCA,HOMEM CIS,False,False,18.0,2023,2,FEVEREIRO,26,DOMINGO,1,True,18.0,NOITE,ADULTO
FC-00258,NOVA DESCOBERTA,24.0,2022-08-26 13:43:48,-8.013,-34.862,DISPARO,NAO IDENTIFICADO,MULHER CIS,True,False,13.0,2022,8,AGOSTO,26,SEXTA-FEIRA,3,False,13.0,TARDE,ADULTO
FC-00259,VASCO DA GAMA,40.0,2019-08-01 23:27:12,-8.06,-34.882,ROUBO,NAO IDENTIFICADO,MULHER CIS,False,False,23.0,2019,8,AGOSTO,1,QUINTA-FEIRA,3,False,23.0,NOITE,ADULTO
FC-00260,COHAB,27.0,2020-11-12 09:23:42,-8.065,-34.903,BRIGA,NAO IDENTIFICADO,HOMEM CIS,False,False,9.0,2020,11,NOVEMBRO,12,QUINTA-FEIRA,4,False,9.0,MANHÃ,ADULTO
FC-00261,IBURA,32.0,2021-02-23 02:13:30,-8.086,-34.891,AMEACA,PRETA,HOMEM CIS,False,False,2.0,2021,2,FEVEREIRO,23,TERÇA-FEIRA,1,False,2.0,MADRUGADA,ADULTO
FC-00262,NOVA DESCOBERTA,37.0,2024-07-23 03:04:14,-8.013,-34.862,TIRO,NAO IDENTIFICADO,HOMEM CIS,False,False,3.0,2024,7,JULHO,23,TERÇA-FEIRA,3,False,3.0,MADRUGADA,ADULTO
FC-00263,CASA AMARELA,40.0,2021-03-21 23:09:04,-8.031,-34.86,HOMICIDIO/TENTATIVA,NAO IDENTIFICADO,HOMEM CIS,False,False,23.0,2021,3,MARÇO,21,DOMINGO,1,True,23.0,NOITE,ADULTO
FC-00264,BREJO DA GUARDEIRA,10.0,2024-07-20 20:55:13,-8.069,-34.899,HOMICIDIO/TENTATIVA,NAO IDENTIFICADO,HOMEM CIS,False,False,20.0,2024,7,JULHO,20,SÁBADO,3,True,20.0,NOITE,CRIANCA
FC-00265,VARZEA,33.0,2021-03-08 10:05:15,-8.039,-34.918,DISPARO,PRETA,HOMEM CIS,False,False,10.0,2021,3,MARÇO,8,SEGUNDA-FEIRA,1,False,10.0,MANHÃ,ADULTO
FC-00266,AFLITOS,42.0,2024-05-07 17:32:12,-8.045,-34.87,HOMICIDIO/TENTATIVA,BRANCA,HOMEM CIS,False,False,17.0,2024,5,MAIO,7,TERÇA-FEIRA,2,False,17.0,TARDE,ADULTO
FC-00267,SANTO AMARO,30.0,2021-04-16 19:04:33,-8.058,-34.867,HOMICIDIO/TENTATIVA,PARDA,HOMEM CIS,False,False,19.0,2021,4,ABRIL,16,SEXTA-FEIRA,2,False,19.0,NOITE,ADULTO
FC-00268,ROSARINHO,24.0,2022-06-18 20:48:30,-8.04,-34.866,ROUBO,NAO IDENTIFICADO,MULHER CIS,False,False,20.0,2022,6,JUNHO,18,SÁBADO,2,True,20.0,NOITE,ADULTO
FC-00269,COHAB,24.0,2025-07-17 11:45:32,-8.066,-34.904,HOMICIDIO/TENTATIVA,NAO IDENTIFICADO,HOMEM CIS,False,False,11.0,2025,7,JULHO,17,QUINTA-FEIRA,3,False,11.0,MANHÃ,ADULTO
FC-00270,BOA VISTA,24.0,2020-05-03 17:13:51,-8.046,-34.878,TIRO,NAO IDENTIFICADO,HOMEM CIS,False,False,17.0,2020,5,MAIO,3,DOMINGO,2,True,17.0,TARDE,ADULTO
FC-00271,CORDOARIA,27.0,2018-12-14 20:54:15,-8.059,-34.869,TIRO,PARDA,HOMEM CIS,True,False,20.0,2018,12,DEZEMBRO,14,SEXTA-FEIRA,4,False,20.0,NOITE,ADULTO
FC-00272,JARDIM SAO PAULO,32.0,2023-11-24 04:00:45,-8.002,-34.859,HOMICIDIO/TENTATIVA,PRETA,HOMEM CIS,False,False,4.0,2023,11,NOVEMBRO,24,SEXTA-FEIRA,4,False,4.0,MADRUGADA,ADULTO
FC-00273,VARZEA,35.0,2024-03-12 03:49:55,-8.032,-34.915,AMEACA,NAO IDENTIFICADO,MULHER CIS,False,False,3.0,2024,3,MARÇO,12,TERÇA-FEIRA,1,False,3.0,MADRUGADA,ADULTO
FC-00274,COHAB,46.0,2022-05-23 23:40:04,-8.067,-34.901,DISPARO,NAO IDENTIFICADO,MULHER CIS,False,False,23.0,2022,5,MAIO,23,SEGUNDA-FEIRA,2,False,23.0,NOITE,ADULTO
FC-00275,CORDOARIA,57.0,2020-02-19 20:07:14,-8.059,-34.874,DISPARO,PRETA,HOMEM CIS,False,False,20.0,2020,2,FEVEREIRO,19,QUARTA-FEIRA,1,False,20.0,NOITE,ADULTO
FC-00276,IBURA,52.0,2021-03-06 22:54:02,-8.077,-34.894,DISPARO,NAO IDENTIFICADO,MULHER CIS,False,False,22.0,2021,3,MARÇO,6,SÁBADO,1,True,22.0,NOITE,ADULTO
FC-00277,AFLITOS,24.0,2025-06-09 21:36:23,-8.046,-34.876,HOMICIDIO/TENTATIVA,NAO IDENTIFICADO,HOMEM CIS,False,False,21.0,2025,6,JUNHO,9,SEGUNDA-FEIRA,2,False,21.0,NOITE,ADULTO
FC-00278,CURADO,18.0,2025-02-15 21:49:54,-8.073,-34.912,OUTRO,PARDA,HOMEM CIS,False,False,21.0,2025,2,FEVEREIRO,15,SÁBADO,1,True,21.0,NOITE,ADULTO
FC-00279,MANGABEIRA,29.0,2021-10-08 16:37:31,-8.009,-34.865,DISPARO,NAO IDENTIFICADO,HOMEM CIS,False,False,16.0,2021,10,OUTUBRO,8,SEXTA-FEIRA,4,False,16.0,TARDE,ADULTO
FC-00280,VARZEA,18.0,2018-07-01 07:22:40,-8.032,-34.916,HOMICIDIO/TENTATIVA,PARDA,MULHER CIS,False,False,7.0,2018,7,JULHO,1,DOMINGO,3,True,7.0,MANHÃ,ADULTO
FC-00281,IBURA,29.0,2024-05-04 05:15:26,-8.08,-34.895,DISPARO,PARDA,HOMEM CIS,False,False,5.0,2024,5,MAIO,4,SÁBADO,2,True,5.0,MADRUGADA,ADULTO
FC-00282,GRACO,34.0,2020-09-14 20:23:29,-8.043,-34.869,HOMICIDIO/TENTATIVA,NAO IDENTIFICADO,HOMEM CIS,False,False,20.0,2020,9,SETEMBRO,14,SEGUNDA-FEIRA,3,False,20.0,NOITE,ADULTO
FC-00283,MANGABEIRA,33.0,2023-01-14 20:08:15,-8.003,-34.872,DISPARO,PRETA,HOMEM CIS,False,False,20.0,2023,1,JANEIRO,14,SÁBADO,1,True,20.0,NOITE,ADULTO
FC-00284,IPUTINGA,23.0,2021-05-08 02:12:08,-8.03,-34.895,TIRO,PRETA,HOMEM CIS,False,False,2.0,2021,5,MAIO,8,SÁBADO,2,True,2.0,MADRUGADA,ADULTO
FC-00285,COHAB,22.0,2019-06-25 05:19:29,-8.061,-34.901,HOMICIDIO/TENTATIVA,NAO IDENTIFICADO,HOMEM CIS,False,False,5.0,2019,6,JUNHO,25,TERÇA-FEIRA,2,False,5.0,MADRUGADA,ADULTO
FC-00286,COHAB,23.0,2023-04-27 21:09:05,-8.067,-34.904,TIRO,NAO IDENTIFICADO,HOMEM CIS,False,False,21.0,2023,4,ABRIL,27,QUINTA-FEIRA,2,False,21.0,NOITE,ADULTO
FC-00287,CORDOARIA,23.0,2025-01-13 21:35:47,-8.056,-34.872,HOMICIDIO/TENTATIVA,PRETA,HOMEM CIS,False,False,21.0,2025,1,JANEIRO,13,SEGUNDA-FEIRA,1,False,21.0,NOITE,ADULTO
FC-00288,SAN MARTIN,11.0,2024-04-05 05:25:23,-8.035,-34.873,HOMICIDIO/TENTATIVA,NAO IDENTIFICADO,HOMEM CIS,False,False,5.0,2024,4,ABRIL,5,SEXTA-FEIRA,2,False,5.0,MADRUGADA,CRIANCA
FC-00289,VASCO DA GAMA,22.0,2018-02-07 22:28:51,-8.056,-34.879,AMEACA,NAO IDENTIFICADO,HOMEM CIS,False,False,22.0,2018,2,FEVEREIRO,7,QUARTA-FEIRA,1,False,22.0,NOITE,ADULTO
FC-00290,CAXANGA,34.0,2018-10-14 21:25:31,-8.023,-34.914,BRIGA,NAO IDENTIFICADO,HOMEM CIS,True,False,21.0,2018,10,OUTUBRO,14,DOMINGO,4,True,21.0,NOITE,ADULTO
FC-00291,ESTACAO,27.0,2022-03-02 19:39:15,-8.055,-34.875,HOMICIDIO/TENTATIVA,BRANCA,HOMEM CIS,False,False,19.0,2022,3,MARÇO,2,QUARTA-FEIRA,1,False,19.0,NOITE,ADULTO
FC-00292,ESTACAO,21.0,2019-04-21 22:33:15,-8.053,-34.866,HOMICIDIO/TENTATIVA,NAO IDENTIFICADO,HOMEM CIS,False,False,22.0,2019,4,ABRIL,21,DOMINGO,2,True,22.0,NOITE,ADULTO
FC-00293,MANGABEIRA,23.0,2022-08-12 22:32:20,-8.009,-34.87,TIRO,NAO IDENTIFICADO,HOMEM CIS,False,False,22.0,2022,8,AGOSTO,12,SEXTA-FEIRA,3,False,22.0,NOITE,ADULTO
FC-00294,IBURA,44.0,2020-08-17 13:37:14,-8.074,-34.894,AMEACA,NAO IDENTIFICADO,HOMEM CIS,False,False,13.0,2020,8,AGOSTO,17,SEGUNDA-FEIRA,3,False,13.0,TARDE,ADULTO
FC-00295,NOVA DESCOBERTA,24.0,2024-04-19 21:51:24,-8.012,-34.863,AMEACA,NAO IDENTIFICADO,HOMEM CIS,False,False,21.0,2024,4,ABRIL,19,SEXTA-FEIRA,2,False,21.0,NOITE,ADULTO
FC-00296,ROSARINHO,52.0,2024-06-19 00:44:22,-8.038,-34.866,HOMICIDIO/TENTATIVA,NAO IDENTIFICADO,HOMEM CIS,False,False,0.0,2024,6,JUNHO,19,QUARTA-FEIRA,2,False,0.0,MADRUGADA,ADULTO
FC-00297,VARZEA,40.0,2025-09-10 04:02:05,-8.032,-34.913,AMEACA,PARDA,MULHER CIS,True,False,4.0,2025,9,SETEMBRO,10,QUARTA-FEIRA,3,False,4.0,MADRUGADA,ADULTO
FC-00298,NOVA DESCOBERTA,36.0,2020-03-11 20:58:51,-8.012,-34.861,ROUBO,NAO IDENTIFICADO,HOMEM CIS,False,False,20.0,2020,3,MARÇO,11,QUARTA-FEIRA,1,False,20.0,NOITE,ADULTO
FC-00299,IBURA,46.0,2019-09-28 14:04:23,-8.08,-34.893,HOMICIDIO/TENTATIVA,PRETA,HOMEM CIS,False,False,14.0,2019,9,SETEMBRO,28,SÁBADO,3,True,14.0,TARDE,ADULTO
FC-00300,CORDOARIA,31.0,2019-07-26 19:31:41,-8.054,-34.875,HOMICIDIO/TENTATIVA,NAO IDENTIFICADO,HOMEM CIS,False,False,19.0,2019,7,JULHO,26,SEXTA-FEIRA,3,False,19.0,NOITE,ADULTO
FC-00301,GRACO,34.0,2020-10-27 04:19:46,-8.044,-34.87,AMEACA,BRANCA,HOMEM CIS,False,False,4.0,2020,10,OUTUBRO,27,TERÇA-FEIRA,4,False,4.0,MADRUGADA,ADULTO
FC-00302,VARZEA,45.0,2024-10-02 04:20:58,-8.034,-34.915,DISPARO,PRETA,HOMEM CIS,False,False,4.0,2024,10,OUTUBRO,2,QUARTA-FEIRA,4,False,4.0,MADRUGADA,ADULTO
FC-00303,NOVA DESCOBERTA,13.0,2024-04-12 23:10:40,-8.013,-34.863,HOMICIDIO/TENTATIVA,BRANCA,HOMEM CIS,False,False,23.0,2024,4,ABRIL,12,SEXTA-FEIRA,2,False,23.0,NOITE,ADOLESCENTE
FC-00304,CASA AMARELA,55.0,2018-04-08 20:22:16,-8.033,-34.859,HOMICIDIO/TENTATIVA,PRETA,HOMEM CIS,False,False,20.0,2018,4,ABRIL,8,DOMINGO,2,True,20.0,NOITE,ADULTO
FC-00305,IBURA,32.0,2025-08-13 13:24:06,-8.077,-34.892,BRIGA,PRETA,HOMEM CIS,False,False,13.0,2025,8,AGOSTO,13,QUARTA-FEIRA,3,False,13.0,TARDE,ADULTO
FC-00306,CURADO,33.0,2018-01-10 00:16:06,-8.068,-34.909,HOMICIDIO/TENTATIVA,PRETA,HOMEM CIS,False,False,0.0,2018,1,JANEIRO,10,QUARTA-FEIRA,1,False,0.0,MADRUGADA,ADULTO
FC-00307,CURADO,24.0,2025-06-20 23:57:30,-8.069,-34.907,BRIGA,NAO IDENTIFICADO,HOMEM CIS,False,False,23.0,2025,6,JUNHO,20,SEXTA-FEIRA,2,False,23.0,NOITE,ADULTO
FC-00308,JARDIM SAO PAULO,17.0,2019-04-07 15:35:46,-8.005,-34.857,HOMICIDIO/TENTATIVA,PARDA,HOMEM CIS,False,False,15.0,2019,4,ABRIL,7,DOMINGO,2,True,15.0,TARDE,ADOLESCENTE
FC-00309,NOVA DESCOBERTA,44.0,2023-08-05 01:00:27,-8.02,-34.867,HOMICIDIO/TENTATIVA,NAO IDENTIFICADO,HOMEM CIS,False,False,1.0,2023,8,AGOSTO,5,SÁBADO,3,True,1.0,MADRUGADA,ADULTO
FC-00310,SANTO AMARO,34.0,2019-05-03 16:07:19,-8.053,-34.87,HOMICIDIO/TENTATIVA,NAO IDENTIFICADO,HOMEM CIS,False,False,16.0,2019,5,MAIO,3,SEXTA-FEIRA,2,False,16.0,TARDE,ADULTO
FC-00311,ALTO JOSE DO PINHO,23.0,2020-07-12 04:02:16,-8.014,-34.889,DISPARO,NAO IDENTIFICADO,HOMEM CIS,False,False,4.0,2020,7,JULHO,12,DOMINGO,3,True,4.0,MADRUGADA,ADULTO
FC-00312,NOVA DESCOBERTA,10.0,2023-02-22 13:34:26,-8.014,-34.867,AMEACA,NAO IDENTIFICADO,HOMEM CIS,False,False,13.0,2023,2,FEVEREIRO,22,QUARTA-FEIRA,1,False,13.0,TARDE,CRIANCA
FC-00313,NOVA DESCOBERTA,17.0,2025-11-28 22:36:56,-8.013,-34.864,DISPARO,NAO IDENTIFICADO,HOMEM CIS,False,False,22.0,2025,11,NOVEMBRO,28,SEXTA-FEIRA,4,False,22.0,NOITE,ADOLESCENTE
FC-00314,COHAB,24.0,2025-10-22 23:09:07,-8.069,-34.902,DISPARO,PRETA,MULHER CIS,False,False,23.0,2025,10,OUTUBRO,22,QUARTA-FEIRA,4,False,23.0,NOITE,ADULTO
FC-00315,VARZEA,34.0,2019-07-03 23:27:12,-8.035,-34.909,AMEACA,BRANCA,NAO IDENTIFICADO,False,False,23.0,2019,7,JULHO,3,QUARTA-FEIRA,3,False,23.0,NOITE,ADULTO
FC-00316,VARZEA,17.0,2024-02-13 18:35:20,-8.04,-34.917,TIRO,NAO IDENTIFICADO,HOMEM CIS,False,False,18.0,2024,2,FEVEREIRO,13,TERÇA-FEIRA,1,False,18.0,NOITE,ADOLESCENTE
FC-00317,SAN MARTIN,31.0,2022-07-04 15:09:36,-8.039,-34.879,TIRO,PARDA,MULHER CIS,False,False,15.0,2022,7,JULHO,4,SEGUNDA-FEIRA,3,False,15.0,TARDE,ADULTO
FC-00318,GRACO,34.0,2024-09-12 21:16:24,-8.047,-34.866,AMEACA,NAO IDENTIFICADO,HOMEM CIS,False,False,21.0,2024,9,SETEMBRO,12,QUINTA-FEIRA,3,False,21.0,NOITE,ADULTO
FC-00319,BREJO DA GUARDEIRA,29.0,2023-12-13 01:56:56,-8.067,-34.899,HOMICIDIO/TENTATIVA,NAO IDENTIFICADO,HOMEM CIS,False,False,1.0,2023,12,DEZEMBRO,13,QUARTA-FEIRA,4,False,1.0,MADRUGADA,ADULTO
FC-00320,IBURA,35.0,2021-05-10 11:31:54,-8.08,-34.891,DISPARO,NAO IDENTIFICADO,HOMEM CIS,False,False,11.0,2021,5,MAIO,10,SEGUNDA-FEIRA,2,False,11.0,MANHÃ,ADULTO
FC-00321,GRACO,37.0,2024-06-09 20:38:41,-8.039,-34.869,TIRO,NAO IDENTIFICADO,HOMEM CIS,False,False,20.0,2024,6,JUNHO,9,DOMINGO,2,True,20.0,NOITE,ADULTO
FC-00322,VARZEA,41.0,2025-01-17 21:04:19,-8.035,-34.911,AMEACA,PRETA,MULHER CIS,False,False,21.0,2025,1,JANEIRO,17,SEXTA-FEIRA,1,False,21.0,NOITE,ADULTO
FC-00323,COHAB,22.0,2020-04-27 01:02:29,-8.06,-34.905,HOMICIDIO/TENTATIVA,PARDA,MULHER CIS,True,False,1.0,2020,4,ABRIL,27,SEGUNDA-FEIRA,2,False,1.0,MADRUGADA,ADULTO
FC-00324,BOA VISTA,12.0,2023-02-22 01:23:31,-8.05,-34.877,DISPARO,PARDA,HOMEM CIS,False,False,1.0,2023,2,FEVEREIRO,22,QUARTA-FEIRA,1,False,1.0,MADRUGADA,CRIANCA
FC-00325,JAQUEIRA,40.0,2024-05-24 21:05:18,-8.04,-34.869,HOMICIDIO/TENTATIVA,PRETA,HOMEM CIS,True,False,21.0,2024,5,MAIO,24,SEXTA-FEIRA,2,False,21.0,NOITE,ADULTO
FC-00326,VARZEA,10.0,2023-11-07 10:26:32,-8.036,-34.922,ROUBO,BRANCA,HOMEM CIS,True,False,10.0,2023,11,NOVEMBRO,7,TERÇA-FEIRA,4,False,10.0,MANHÃ,CRIANCA
FC-00327,GRACO,10.0,2019-01-08 09:51:19,-8.041,-34.868,HOMICIDIO/TENTATIVA,NAO IDENTIFICADO,HOMEM CIS,False,False,9.0,2019,1,JANEIRO,8,TERÇA-FEIRA,1,False,9.0,MANHÃ,CRIANCA
FC-00328,VASCO DA GAMA,35.0,2020-08-10 20:52:39,-8.058,-34.88,HOMICIDIO/TENTATIVA,NAO IDENTIFICADO,HOMEM CIS,False,False,20.0,2020,8,AGOSTO,10,SEGUNDA-FEIRA,3,False,20.0,NOITE,ADULTO
FC-00329,IBURA,27.0,2022-10-20 11:43:06,-8.085,-34.887,AMEACA,BRANCA,NAO IDENTIFICADO,False,False,11.0,2022,10,OUTUBRO,20,QUINTA-FEIRA,4,False,11.0,MANHÃ,ADULTO
FC-00330,ROSARINHO,40.0,2023-11-10 04:33:48,-8.041,-34.865,HOMICIDIO/TENTATIVA,PARDA,HOMEM CIS,False,False,4.0,2023,11,NOVEMBRO,10,SEXTA-FEIRA,4,False,4.0,MADRUGADA,ADULTO
FC-00331,CASA AMARELA,32.0,2023-12-01 19:18:16,-8.038,-34.861,TIRO,PRETA,HOMEM CIS,False,False,19.0,2023,12,DEZEMBRO,1,SEXTA-FEIRA,4,False,19.0,NOITE,ADULTO
FC-00332,CORDOARIA,21.0,2020-12-23 06:34:40,-8.061,-34.874,DISPARO,PRETA,HOMEM CIS,False,False,6.0,2020,12,DEZEMBRO,23,QUARTA-FEIRA,4,False,6.0,MANHÃ,ADULTO
FC-00333,JARDIM SAO PAULO,51.0,2023-09-06 11:30:08,-8.003,-34.857,HOMICIDIO/TENTATIVA,NAO IDENTIFICADO,HOMEM CIS,False,False,11.0,2023,9,SETEMBRO,6,QUARTA-FEIRA,3,False,11.0,MANHÃ,ADULTO
FC-00334,CASA AMARELA,36.0,2021-02-08 13:47:55,-8.028,-34.857,TIRO,NAO IDENTIFICADO,HOMEM CIS,False,False,13.0,2021,2,FEVEREIRO,8,SEGUNDA-FEIRA,1,False,13.0,TARDE,ADULTO
FC-00335,CURADO,30.0,2019-01-28 19:37:39,-8.072,-34.908,DISPARO,PRETA,HOMEM CIS,False,False,19.0,2019,1,JANEIRO,28,SEGUNDA-FEIRA,1,False,19.0,NOITE,ADULTO
FC-00336,VARZEA,34.0,2021-03-05 23:21:26,-8.032,-34.913,DISPARO,PRETA,HOMEM CIS,False,False,23.0,2021,3,MARÇO,5,SEXTA-FEIRA,1,False,23.0,NOITE,ADULTO
FC-00337,CURADO,42.0,2024-08-11 19:11:20,-8.072,-34.906,TIRO,NAO IDENTIFICADO,HOMEM CIS,False,False,19.0,2024,8,AGOSTO,11,DOMINGO,3,True,19.0,NOITE,ADULTO
FC-00338,SAN MARTIN,32.0,2019-02-05 19:40:27,-8.034,-34.88,DISPARO,PARDA,HOMEM CIS,False,False,19.0,2019,2,FEVEREIRO,5,TERÇA-FEIRA,1,False,19.0,NOITE,ADULTO
FC-00339,SAN MARTIN,50.0,2025-06-25 21:12:01,-8.039,-34.88,TIRO,NAO IDENTIFICADO,HOMEM CIS,False,False,21.0,2025,6,JUNHO,25,QUARTA-FEIRA,2,False,21.0,NOITE,ADULTO
FC-00340,AFLITOS,24.0,2019-09-19 12:04:52,-8.046,-34.871,HOMICIDIO/TENTATIVA,PARDA,HOMEM CIS,True,False,12.0,2019,9,SETEMBRO,19,QUINTA-FEIRA,3,False,12.0,TARDE,ADULTO
FC-00341,IPUTINGA,36.0,2025-03-11 23:31:22,-8.03,-34.893,HOMICIDIO/TENTATIVA,PRETA,HOMEM CIS,False,False,23.0,2025,3,MARÇO,11,TERÇA-FEIRA,1,False,23.0,NOITE,ADULTO
FC-00342,JAQUEIRA,61.0,2024-03-07 21:37:32,-8.033,-34.867,HOMICIDIO/TENTATIVA,NAO IDENTIFICADO,MULHER CIS,False,False,21.0,2024,3,MARÇO,7,QUINTA-FEIRA,1,False,21.0,NOITE,IDOSO
FC-00343,AFLITOS,30.0,2024-10-02 19:03:42,-8.045,-34.87,TIRO,NAO IDENTIFICADO,HOMEM CIS,False,False,19.0,2024,10,OUTUBRO,2,QUARTA-FEIRA,4,False,19.0,NOITE,ADULTO
FC-00344,IBURA,17.0,2022-08-23 03:44:43,-8.083,-34.897,DISPARO,NAO IDENTIFICADO,HOMEM CIS,False,False,3.0,2022,8,AGOSTO,23,TERÇA-FEIRA,3,False,3.0,MADRUGADA,ADOLESCENTE
FC-00345,ESTACAO,34.0,2023-07-27 22:32:46,-8.051,-34.872,TIRO,NAO IDENTIFICADO,HOMEM CIS,False,False,22.0,2023,7,JULHO,27,QUINTA-FEIRA,3,False,22.0,NOITE,ADULTO
FC-00346,COHAB,48.0,2020-09-07 13:26:18,-8.069,-34.909,HOMICIDIO/TENTATIVA,NAO IDENTIFICADO,HOMEM CIS,False,False,13.0,2020,9,SETEMBRO,7,SEGUNDA-FEIRA,3,False,13.0,TARDE,ADULTO
FC-00347,ALTO JOSE DO PINHO,32.0,2018-11-03 22:53:36,-8.017,-34.88,HOMICIDIO/TENTATIVA,BRANCA,HOMEM CIS,False,False,22.0,2018,11,NOVEMBRO,3,SÁBADO,4,True,22.0,NOITE,ADULTO
FC-00348,JAQUEIRA,24.0,2025-11-08 16:18:16,-8.035,-34.868,TIRO,NAO IDENTIFICADO,HOMEM CIS,False,False,16.0,2025,11,NOVEMBRO,8,SÁBADO,4,True,16.0,TARDE,ADULTO
FC-00349,CASA AMARELA,29.0,2023-07-24 02:54:48,-8.029,-34.858,DISPARO,PARDA,MULHER CIS,False,False,2.0,2023,7,JULHO,24,SEGUNDA-FEIRA,3,False,2.0,MADRUGADA,ADULTO
FC-00350,CAXANGA,11.0,2022-10-09 21:05:23,-8.021,-34.916,DISPARO,NAO IDENTIFICADO,HOMEM CIS,False,False,21.0,2022,10,OUTUBRO,9,DOMINGO,4,True,21.0,NOITE,CRIANCA
FC-00351,COHAB,22.0,2023-08-26 15:56:51,-8.064,-34.904,AMEACA,NAO IDENTIFICADO,HOMEM CIS,False,False,15.0,2023,8,AGOSTO,26,SÁBADO,3,True,15.0,TARDE,ADULTO
FC-00352,BOA VISTA,33.0,2021-10-16 21:43:28,-8.052,-34.877,HOMICIDIO/TENTATIVA,BRANCA,HOMEM CIS,False,False,21.0,2021,10,OUTUBRO,16,SÁBADO,4,True,21.0,NOITE,ADULTO
FC-00353,TOTOS,29.0,2024-03-16 22:07:56,-8.034,-34.863,ROUBO,PARDA,HOMEM CIS,False,False,22.0,2024,3,MARÇO,16,SÁBADO,1,True,22.0,NOITE,ADULTO
FC-00354,IBURA,25.0,2022-12-19 20:14:42,-8.08,-34.901,ROUBO,NAO IDENTIFICADO,HOMEM CIS,False,False,20.0,2022,12,DEZEMBRO,19,SEGUNDA-FEIRA,4,False,20.0,NOITE,ADULTO
FC-00355,ALTO JOSE DO PINHO,43.0,2020-06-22 20:24:09,-8.025,-34.886,TIRO,NAO IDENTIFICADO,HOMEM CIS,False,False,20.0,2020,6,JUNHO,22,SEGUNDA-FEIRA,2,False,20.0,NOITE,ADULTO
FC-00356,CURADO,16.0,2022-08-28 17:10:04,-8.074,-34.907,BRIGA,NAO IDENTIFICADO,HOMEM CIS,False,False,17.0,2022,8,AGOSTO,28,DOMINGO,3,True,17.0,TARDE,ADOLESCENTE
FC-00357,NOVA DESCOBERTA,23.0,2023-07-27 07:29:28,-8.014,-34.865,HOMICIDIO/TENTATIVA,NAO IDENTIFICADO,NAO IDENTIFICADO,False,False,7.0,2023,7,JULHO,27,QUINTA-FEIRA,3,False,7.0,MANHÃ,ADULTO
FC-00358,COHAB,35.0,2024-01-04 15:02:35,-8.065,-34.909,OUTRO,NAO IDENTIFICADO,HOMEM CIS,False,False,15.0,2024,1,JANEIRO,4,QUINTA-FEIRA,1,False,15.0,TARDE,ADULTO
FC-00359,COHAB,41.0,2022-04-21 20:21:23,-8.066,-34.91,HOMICIDIO/TENTATIVA,PRETA,HOMEM CIS,False,False,20.0,2022,4,ABRIL,21,QUINTA-FEIRA,2,False,20.0,NOITE,ADULTO
FC-00360,NOVA DESCOBERTA,24.0,2022-11-12 20:07:06,-8.01,-34.862,TIRO,PRETA,HOMEM CIS,False,False,20.0,2022,11,NOVEMBRO,12,SÁBADO,4,True,20.0,NOITE,ADULTO
FC-00361,IBURA,25.0,2022-06-23 02:57:10,-8.083,-34.893,AMEACA,PRETA,HOMEM CIS,False,False,2.0,2022,6,JUNHO,23,QUINTA-FEIRA,2,False,2.0,MADRUGADA,ADULTO
FC-00362,AFLITOS,54.0,2020-07-07 16:50:12,-8.044,-34.871,TIRO,NAO IDENTIFICADO,HOMEM CIS,False,False,16.0,2020,7,JULHO,7,TERÇA-FEIRA,3,False,16.0,TARDE,ADULTO
FC-00363,ESPINHEIRO,42.0,2019-08-15 19:32:08,-8.041,-34.869,TIRO,PRETA,HOMEM CIS,False,False,19.0,2019,8,AGOSTO,15,QUINTA-FEIRA,3,False,19.0,NOITE,ADULTO
FC-00364,ALTO JOSE DO PINHO,27.0,2022-09-25 22:11:44,-8.02,-34.885,AMEACA,BRANCA,HOMEM CIS,False,False,22.0,2022,9,SETEMBRO,25,DOMINGO,3,True,22.0,NOITE,ADULTO
FC-00365,CASA AMARELA,38.0,2021-07-14 23:58:44,-8.032,-34.858,TIRO,PRETA,HOMEM CIS,False,False,23.0,2021,7,JULHO,14,QUARTA-FEIRA,3,False,23.0,NOITE,ADULTO
FC-00366,CORDOARIA,29.0,2019-10-23 22:32:19,-8.058,-34.879,AMEACA,NAO IDENTIFICADO,HOMEM CIS,False,False,22.0,2019,10,OUTUBRO,23,QUARTA-FEIRA,4,False,22.0,NOITE,ADULTO
FC-00367,CAXANGA,40.0,2020-10-23 11:22:58,-8.024,-34.917,TIRO,BRANCA,HOMEM CIS,False,False,11.0,2020,10,OUTUBRO,23,SEXTA-FEIRA,4,False,11.0,MANHÃ,ADULTO
FC-00368,SANTO AMARO,8.0,2021-02-25 13:30:37,-8.052,-34.87,TIRO,NAO IDENTIFICADO,MULHER CIS,False,False,13.0,2021,2,FEVEREIRO,25,QUINTA-FEIRA,1,False,13.0,TARDE,CRIANCA
FC-00369,AFLITOS,43.0,2025-07-26 00:06:01,-8.048,-34.87,DISPARO,PARDA,HOMEM CIS,False,False,0.0,2025,7,JULHO,26,SÁBADO,3,True,0.0,MADRUGADA,ADULTO
FC-00370,SANTO AMARO,17.0,2020-05-05 21:44:50,-8.06,-34.864,HOMICIDIO/TENTATIVA,PARDA,HOMEM CIS,False,False,21.0,2020,5,MAIO,5,TERÇA-FEIRA,2,False,21.0,NOITE,ADOLESCENTE
FC-00371,MANGABEIRA,27.0,2023-09-28 06:41:35,-8.009,-34.867,TIRO,NAO IDENTIFICADO,HOMEM CIS,False,False,6.0,2023,9,SETEMBRO,28,QUINTA-FEIRA,3,False,6.0,MANHÃ,ADULTO
FC-00372,POCO DA PANELA,35.0,2025-07-14 23:43:20,-8.035,-34.861,TIRO,NAO IDENTIFICADO,HOMEM CIS,False,False,23.0,2025,7,JULHO,14,SEGUNDA-FEIRA,3,False,23.0,NOITE,ADULTO
FC-00373,IBURA,58.0,2025-04-21 20:41:23,-8.082,-34.891,AMEACA,PRETA,HOMEM CIS,False,False,20.0,2025,4,ABRIL,21,SEGUNDA-FEIRA,2,False,20.0,NOITE,ADULTO
FC-00374,ESPINHEIRO,42.0,2022-11-03 04:11:47,-8.039,-34.864,HOMICIDIO/TENTATIVA,PRETA,HOMEM CIS,False,False,4.0,2022,11,NOVEMBRO,3,QUINTA-FEIRA,4,False,4.0,MADRUGADA,ADULTO
FC-00375,IBURA,37.0,2024-01-11 16:59:09,-8.085,-34.887,HOMICIDIO/TENTATIVA,NAO IDENTIFICADO,HOMEM CIS,True,False,16.0,2024,1,JANEIRO,11,QUINTA-FEIRA,1,False,16.0,TARDE,ADULTO
FC-00376,IPUTINGA,16.0,2023-08-26 18:22:04,-8.027,-34.895,TIRO,BRANCA,HOMEM CIS,False,False,18.0,2023,8,AGOSTO,26,SÁBADO,3,True,18.0,NOITE,ADOLESCENTE
FC-00377,ALTO JOSE DO PINHO,31.0,2019-09-18 15:22:14,-8.019,-34.884,AMEACA,NAO IDENTIFICADO,MULHER CIS,False,False,15.0,2019,9,SETEMBRO,18,QUARTA-FEIRA,3,False,15.0,TARDE,ADULTO
FC-00378,IPUTINGA,35.0,2022-09-27 21:41:00,-8.023,-34.892,AMEACA,NAO IDENTIFICADO,HOMEM CIS,False,False,21.0,2022,9,SETEMBRO,27,TERÇA-FEIRA,3,False,21.0,NOITE,ADULTO
FC-00379,SAN MARTIN,28.0,2025-11-11 14:50:07,-8.037,-34.874,TIRO,PRETA,MULHER CIS,False,False,14.0,2025,11,NOVEMBRO,11,TERÇA-FEIRA,4,False,14.0,TARDE,ADULTO
FC-00380,AFLITOS,15.0,2022-09-15 17:18:57,-8.043,-34.87,AMEACA,NAO IDENTIFICADO,HOMEM CIS,False,False,17.0,2022,9,SETEMBRO,15,QUINTA-FEIRA,3,False,17.0,TARDE,ADOLESCENTE
FC-00381,ALTO JOSE DO PINHO,27.0,2022-01-21 01:42:40,-8.016,-34.885,BRIGA,NAO IDENTIFICADO,MULHER CIS,False,False,1.0,2022,1,JANEIRO,21,SEXTA-FEIRA,1,False,1.0,MADRUGADA,ADULTO
FC-00382,BOA VISTA,33.0,2025-12-25 15:52:04,-8.051,-34.875,AMEACA,NAO IDENTIFICADO,MULHER CIS,False,False,15.0,2025,12,DEZEMBRO,25,QUINTA-FEIRA,4,False,15.0,TARDE,ADULTO
FC-00383,IBURA,16.0,2019-05-18 02:52:14,-8.086,-34.887,HOMICIDIO/TENTATIVA,NAO IDENTIFICADO,HOMEM CIS,False,False,2.0,2019,5,MAIO,18,SÁBADO,2,True,2.0,MADRUGADA,ADOLESCENTE
FC-00384,CORDOARIA,19.0,2023-09-01 19:39:04,-8.061,-34.879,HOMICIDIO/TENTATIVA,NAO IDENTIFICADO,HOMEM CIS,False,False,19.0,2023,9,SETEMBRO,1,SEXTA-FEIRA,3,False,19.0,NOITE,ADULTO
FC-00385,IBURA,23.0,2020-11-10 19:18:48,-8.086,-34.887,DISPARO,NAO IDENTIFICADO,MULHER CIS,False,False,19.0,2020,11,NOVEMBRO,10,TERÇA-FEIRA,4,False,19.0,NOITE,ADULTO
FC-00386,CORDOARIA,42.0,2019-07-26 21:34:18,-8.06,-34.866,DISPARO,NAO IDENTIFICADO,HOMEM CIS,False,False,21.0,2019,7,JULHO,26,SEXTA-FEIRA,3,False,21.0,NOITE,ADULTO
FC-00387,IPUTINGA,45.0,2023-01-18 21:09:07,-8.029,-34.9,ROUBO,BRANCA,MULHER CIS,True,False,21.0,2023,1,JANEIRO,18,QUARTA-FEIRA,1,False,21.0,NOITE,ADULTO
FC-00388,BREJO DA GUARDEIRA,57.0,2024-12-12 06:57:41,-8.074,-34.905,HOMICIDIO/TENTATIVA,BRANCA,HOMEM CIS,False,False,6.0,2024,12,DEZEMBRO,12,QUINTA-FEIRA,4,False,6.0,MANHÃ,ADULTO
FC-00389,VARZEA,42.0,2020-10-28 01:48:59,-8.028,-34.911,HOMICIDIO/TENTATIVA,PARDA,HOMEM CIS,False,False,1.0,2020,10,OUTUBRO,28,QUARTA-FEIRA,4,False,1.0,MADRUGADA,ADULTO
FC-00390,SAN MARTIN,36.0,2019-12-19 17:21:22,-8.038,-34.875,HOMICIDIO/TENTATIVA,NAO IDENTIFICADO,HOMEM CIS,False,False,17.0,2019,12,DEZEMBRO,19,QUINTA-FEIRA,4,False,17.0,TARDE,ADULTO
FC-00391,NOVA DESCOBERTA,39.0,2022-06-20 19:44:37,-8.014,-34.865,HOMICIDIO/TENTATIVA,NAO IDENTIFICADO,HOMEM CIS,False,False,19.0,2022,6,JUNHO,20,SEGUNDA-FEIRA,2,False,19.0,NOITE,ADULTO
FC-00392,CORDOARIA,29.0,2020-04-23 21:27:17,-8.06,-34.874,HOMICIDIO/TENTATIVA,NAO IDENTIFICADO,HOMEM CIS,False,False,21.0,2020,4,ABRIL,23,QUINTA-FEIRA,2,False,21.0,NOITE,ADULTO
FC-00393,SANTO AMARO,10.0,2024-08-18 02:41:38,-8.058,-34.873,DISPARO,NAO IDENTIFICADO,HOMEM CIS,False,False,2.0,2024,8,AGOSTO,18,DOMINGO,3,True,2.0,MADRUGADA,CRIANCA
FC-00394,CAXANGA,16.0,2025-02-24 02:01:54,-8.024,-34.916,HOMICIDIO/TENTATIVA,NAO IDENTIFICADO,HOMEM CIS,False,False,2.0,2025,2,FEVEREIRO,24,SEGUNDA-FEIRA,1,False,2.0,MADRUGADA,ADOLESCENTE
FC-00395,CASA AMARELA,41.0,2018-05-18 22:34:30,-8.037,-34.863,HOMICIDIO/TENTATIVA,PARDA,HOMEM CIS,False,False,22.0,2018,5,MAIO,18,SEXTA-FEIRA,2,False,22.0,NOITE,ADULTO
FC-00396,CORDOARIA,41.0,2020-08-17 17:25:23,-8.061,-34.874,TIRO,PARDA,HOMEM CIS,False,False,17.0,2020,8,AGOSTO,17,SEGUNDA-FEIRA,3,False,17.0,TARDE,ADULTO
FC-00397,NOVA DESCOBERTA,39.0,2024-03-15 03:36:36,-8.018,-34.865,TIRO,AMARELA,MULHER CIS,False,False,3.0,2024,3,MARÇO,15,SEXTA-FEIRA,1,False,3.0,MADRUGADA,ADULTO
FC-00398,VARZEA,13.0,2024-04-03 10:14:02,-8.037,-34.914,HOMICIDIO/TENTATIVA,BRANCA,HOMEM CIS,False,False,10.0,2024,4,ABRIL,3,QUARTA-FEIRA,2,False,10.0,MANHÃ,ADOLESCENTE
FC-00399,CURADO,10.0,2018-11-11 02:33:40,-8.069,-34.91,DISPARO,NAO IDENTIFICADO,HOMEM CIS,False,False,2.0,2018,11,NOVEMBRO,11,DOMINGO,4,True,2.0,MADRUGADA,CRIANCA
FC-00400,ESPINHEIRO,36.0,2021-10-21 22:04:33,-8.041,-34.864,DISPARO,PRETA,HOMEM CIS,False,False,22.0,2021,10,OUTUBRO,21,QUINTA-FEIRA,4,False,22.0,NOITE,ADULTO
FC-00401,CURADO,31.0,2022-08-20 00:56:08,-8.071,-34.91,ROUBO,NAO IDENTIFICADO,HOMEM CIS,False,False,0.0,2022,8,AGOSTO,20,SÁBADO,3,True,0.0,MADRUGADA,ADULTO
FC-00402,COHAB,36.0,2021-12-27 02:14:26,-8.065,-34.905,HOMICIDIO/TENTATIVA,NAO IDENTIFICADO,HOMEM CIS,False,False,2.0,2021,12,DEZEMBRO,27,SEGUNDA-FEIRA,4,False,2.0,MADRUGADA,ADULTO
FC-00403,COHAB,21.0,2023-07-01 08:08:36,-8.067,-34.909,DISPARO,NAO IDENTIFICADO,HOMEM CIS,False,False,8.0,2023,7,JULHO,1,SÁBADO,3,True,8.0,MANHÃ,ADULTO
FC-00404,VASCO DA GAMA,50.0,2020-03-17 23:38:36,-8.059,-34.882,HOMICIDIO/TENTATIVA,PRETA,HOMEM CIS,False,False,23.0,2020,3,MARÇO,17,TERÇA-FEIRA,1,False,23.0,NOITE,ADULTO
FC-00405,AFLITOS,21.0,2022-08-28 17:14:53,-8.042,-34.873,HOMICIDIO/TENTATIVA,NAO IDENTIFICADO,HOMEM CIS,False,False,17.0,2022,8,AGOSTO,28,DOMINGO,3,True,17.0,TARDE,ADULTO
FC-00406,POCO DA PANELA,49.0,2020-12-22 13:29:38,-8.037,-34.861,TIRO,NAO IDENTIFICADO,MULHER CIS,False,False,13.0,2020,12,DEZEMBRO,22,TERÇA-FEIRA,4,False,13.0,TARDE,ADULTO
FC-00407,CORDOARIA,19.0,2025-11-14 21:38:06,-8.052,-34.877,DISPARO,NAO IDENTIFICADO,HOMEM CIS,False,False,21.0,2025,11,NOVEMBRO,14,SEXTA-FEIRA,4,False,21.0,NOITE,ADULTO
FC-00408,BREJO DA GUARDEIRA,33.0,2019-08-22 03:38:34,-8.068,-34.899,DISPARO,PARDA,HOMEM CIS,False,False,3.0,2019,8,AGOSTO,22,QUINTA-FEIRA,3,False,3.0,MADRUGADA,ADULTO
FC-00409,JARDIM SAO PAULO,27.0,2025-12-17 15:51:30,-8.005,-34.855,DISPARO,NAO IDENTIFICADO,HOMEM CIS,False,False,15.0,2025,12,DEZEMBRO,17,QUARTA-FEIRA,4,False,15.0,TARDE,ADULTO
FC-00410,IPUTINGA,28.0,2023-07-05 09:49:14,-8.025,-34.886,AMEACA,BRANCA,HOMEM CIS,False,False,9.0,2023,7,JULHO,5,QUARTA-FEIRA,3,False,9.0,MANHÃ,ADULTO
FC-00411,IPUTINGA,24.0,2023-01-19 17:33:00,-8.032,-34.893,HOMICIDIO/TENTATIVA,NAO IDENTIFICADO,MULHER CIS,False,False,17.0,2023,1,JANEIRO,19,QUINTA-FEIRA,1,False,17.0,TARDE,ADULTO
FC-00412,BOA VISTA,60.0,2023-05-09 21:27:36,-8.052,-34.87,HOMICIDIO/TENTATIVA,NAO IDENTIFICADO,HOMEM CIS,False,False,21.0,2023,5,MAIO,9,TERÇA-FEIRA,2,False,21.0,NOITE,IDOSO
FC-00413,ROSARINHO,50.0,2022-03-12 18:30:16,-8.042,-34.863,DISPARO,NAO IDENTIFICADO,HOMEM CIS,False,False,18.0,2022,3,MARÇO,12,SÁBADO,1,True,18.0,NOITE,ADULTO
FC-00414,IPUTINGA,49.0,2023-12-08 16:44:10,-8.029,-34.894,ROUBO,PRETA,HOMEM CIS,False,False,16.0,2023,12,DEZEMBRO,8,SEXTA-FEIRA,4,False,16.0,TARDE,ADULTO
FC-00415,ESTACAO,23.0,2023-03-13 23:00:51,-8.056,-34.873,TIRO,PRETA,HOMEM CIS,False,False,23.0,2023,3,MARÇO,13,SEGUNDA-FEIRA,1,False,23.0,NOITE,ADULTO
FC-00416,SAN MARTIN,15.0,2021-10-02 20:59:25,-8.04,-34.88,HOMICIDIO/TENTATIVA,NAO IDENTIFICADO,HOMEM CIS,False,False,20.0,2021,10,OUTUBRO,2,SÁBADO,4,True,20.0,NOITE,ADOLESCENTE
FC-00417,IPUTINGA,35.0,2019-08-15 00:54:42,-8.033,-34.892,AMEACA,NAO IDENTIFICADO,MULHER CIS,False,False,0.0,2019,8,AGOSTO,15,QUINTA-FEIRA,3,False,0.0,MADRUGADA,ADULTO
FC-00418,IPUTINGA,40.0,2020-03-22 01:15:41,-8.034,-34.892,DISPARO,PRETA,HOMEM CIS,True,False,1.0,2020,3,MARÇO,22,DOMINGO,1,True,1.0,MADRUGADA,ADULTO
FC-00419,COHAB,44.0,2021-04-17 00:45:04,-8.069,-34.9,TIRO,NAO IDENTIFICADO,HOMEM CIS,False,False,0.0,2021,4,ABRIL,17,SÁBADO,2,True,0.0,MADRUGADA,ADULTO
FC-00420,IPUTINGA,37.0,2025-05-08 19:12:29,-8.03,-34.893,HOMICIDIO/TENTATIVA,BRANCA,MULHER CIS,False,False,19.0,2025,5,MAIO,8,QUINTA-FEIRA,2,False,19.0,NOITE,ADULTO
FC-00421,IBURA,36.0,2022-06-04 21:16:56,-8.082,-34.89,DISPARO,NAO IDENTIFICADO,HOMEM CIS,False,False,21.0,2022,6,JUNHO,4,SÁBADO,2,True,21.0,NOITE,ADULTO
FC-00422,MANGABEIRA,18.0,2024-06-25 16:29:57,-8.009,-34.874,DISPARO,BRANCA,HOMEM CIS,False,False,16.0,2024,6,JUNHO,25,TERÇA-FEIRA,2,False,16.0,TARDE,ADULTO
FC-00423,ALTO JOSE DO PINHO,28.0,2020-12-08 21:26:22,-8.023,-34.887,AMEACA,NAO IDENTIFICADO,HOMEM CIS,False,False,21.0,2020,12,DEZEMBRO,8,TERÇA-FEIRA,4,False,21.0,NOITE,ADULTO
FC-00424,BOA VISTA,44.0,2024-06-03 18:11:30,-8.047,-34.873,DISPARO,NAO IDENTIFICADO,HOMEM CIS,False,False,18.0,2024,6,JUNHO,3,SEGUNDA-FEIRA,2,False,18.0,NOITE,ADULTO
FC-00425,CURADO,16.0,2025-08-24 05:47:15,-8.071,-34.906,TIRO,BRANCA,HOMEM CIS,False,False,5.0,2025,8,AGOSTO,24,DOMINGO,3,True,5.0,MADRUGADA,ADOLESCENTE
FC-00426,NOVA DESCOBERTA,33.0,2024-02-03 20:42:31,-8.008,-34.864,DISPARO,PARDA,MULHER CIS,False,False,20.0,2024,2,FEVEREIRO,3,SÁBADO,1,True,20.0,NOITE,ADULTO
FC-00427,CAXANGA,34.0,2021-10-28 10:11:48,-8.026,-34.92,DISPARO,PARDA,MULHER CIS,False,False,10.0,2021,10,OUTUBRO,28,QUINTA-FEIRA,4,False,10.0,MANHÃ,ADULTO
FC-00428,CORDOARIA,28.0,2021-09-02 17:25:55,-8.056,-34.87,DISPARO,NAO IDENTIFICADO,HOMEM CIS,False,False,17.0,2021,9,SETEMBRO,2,QUINTA-FEIRA,3,False,17.0,TARDE,ADULTO
FC-00429,SAN MARTIN,20.0,2018-11-07 14:06:20,-8.044,-34.884,HOMICIDIO/TENTATIVA,NAO IDENTIFICADO,HOMEM CIS,False,False,14.0,2018,11,NOVEMBRO,7,QUARTA-FEIRA,4,False,14.0,TARDE,ADULTO
FC-00430,NOVA DESCOBERTA,36.0,2023-06-06 17:13:26,-8.018,-34.871,DISPARO,NAO IDENTIFICADO,HOMEM CIS,False,False,17.0,2023,6,JUNHO,6,TERÇA-FEIRA,2,False,17.0,TARDE,ADULTO
FC-00431,CORDOARIA,34.0,2025-11-08 21:46:17,-8.051,-34.873,DISPARO,NAO IDENTIFICADO,HOMEM CIS,False,False,21.0,2025,11,NOVEMBRO,8,SÁBADO,4,True,21.0,NOITE,ADULTO
FC-00432,ESTACAO,40.0,2019-01-06 15:08:57,-8.053,-34.871,BRIGA,NAO IDENTIFICADO,HOMEM CIS,False,False,15.0,2019,1,JANEIRO,6,DOMINGO,1,True,15.0,TARDE,ADULTO
FC-00433,ALTO JOSE DO PINHO,41.0,2024-01-13 02:10:03,-8.021,-34.884,HOMICIDIO/TENTATIVA,NAO IDENTIFICADO,HOMEM CIS,False,False,2.0,2024,1,JANEIRO,13,SÁBADO,1,True,2.0,MADRUGADA,ADULTO
FC-00434,SAN MARTIN,33.0,2021-09-18 22:16:22,-8.042,-34.875,HOMICIDIO/TENTATIVA,NAO IDENTIFICADO,HOMEM CIS,True,False,22.0,2021,9,SETEMBRO,18,SÁBADO,3,True,22.0,NOITE,ADULTO
FC-00435,IPUTINGA,27.0,2023-09-06 23:18:22,-8.03,-34.891,DISPARO,PRETA,HOMEM CIS,False,False,23.0,2023,9,SETEMBRO,6,QUARTA-FEIRA,3,False,23.0,NOITE,ADULTO
FC-00436,ALTO JOSE DO PINHO,19.0,2020-11-05 21:40:51,-8.02,-34.885,DISPARO,PARDA,HOMEM CIS,False,False,21.0,2020,11,NOVEMBRO,5,QUINTA-FEIRA,4,False,21.0,NOITE,ADULTO
FC-00437,VASCO DA GAMA,43.0,2019-04-11 12:18:45,-8.054,-34.88,HOMICIDIO/TENTATIVA,PARDA,HOMEM CIS,False,False,12.0,2019,4,ABRIL,11,QUINTA-FEIRA,2,False,12.0,TARDE,ADULTO
FC-00438,CORDOARIA,43.0,2024-09-15 15:11:54,-8.054,-34.871,BRIGA,PARDA,MULHER CIS,True,False,15.0,2024,9,SETEMBRO,15,DOMINGO,3,True,15.0,TARDE,ADULTO
FC-00439,NOVA DESCOBERTA,30.0,2020-07-04 02:59:56,-8.019,-34.868,TIRO,PRETA,HOMEM CIS,False,False,2.0,2020,7,JULHO,4,SÁBADO,3,True,2.0,MADRUGADA,ADULTO
FC-00440,IBURA,26.0,2020-03-03 19:56:24,-8.084,-34.893,HOMICIDIO/TENTATIVA,PARDA,HOMEM CIS,False,False,19.0,2020,3,MARÇO,3,TERÇA-FEIRA,1,False,19.0,NOITE,ADULTO
FC-00441,ESPINHEIRO,30.0,2019-01-22 13:58:20,-8.04,-34.868,DISPARO,NAO IDENTIFICADO,HOMEM CIS,False,False,13.0,2019,1,JANEIRO,22,TERÇA-FEIRA,1,False,13.0,TARDE,ADULTO
FC-00442,GRACO,35.0,2025-12-18 04:38:29,-8.043,-34.876,DISPARO,NAO IDENTIFICADO,HOMEM CIS,False,False,4.0,2025,12,DEZEMBRO,18,QUINTA-FEIRA,4,False,4.0,MADRUGADA,ADULTO
FC-00443,CURADO,18.0,2025-08-18 06:05:28,-8.07,-34.914,DISPARO,PRETA,HOMEM CIS,False,False,6.0,2025,8,AGOSTO,18,SEGUNDA-FEIRA,3,False,6.0,MANHÃ,ADULTO
FC-00444,NOVA DESCOBERTA,37.0,2024-06-10 16:00:44,-8.01,-34.861,AMEACA,NAO IDENTIFICADO,HOMEM CIS,False,False,16.0,2024,6,JUNHO,10,SEGUNDA-FEIRA,2,False,16.0,TARDE,ADULTO
FC-00445,ESPINHEIRO,27.0,2023-01-18 14:26:56,-8.038,-34.868,AMEACA,PARDA,HOMEM CIS,False,False,14.0,2023,1,JANEIRO,18,QUARTA-FEIRA,1,False,14.0,TARDE,ADULTO
FC-00446,NOVA DESCOBERTA,25.0,2020-02-14 19:33:48,-8.017,-34.866,AMEACA,PRETA,HOMEM CIS,False,False,19.0,2020,2,FEVEREIRO,14,SEXTA-FEIRA,1,False,19.0,NOITE,ADULTO
FC-00447,CASA AMARELA,25.0,2024-07-07 21:11:08,-8.031,-34.86,TIRO,NAO IDENTIFICADO,HOMEM CIS,False,False,21.0,2024,7,JULHO,7,DOMINGO,3,True,21.0,NOITE,ADULTO
FC-00448,SAN MARTIN,30.0,2021-03-02 23:01:11,-8.039,-34.874,DISPARO,PRETA,HOMEM CIS,False,False,23.0,2021,3,MARÇO,2,TERÇA-FEIRA,1,False,23.0,NOITE,ADULTO
FC-00449,NOVA DESCOBERTA,41.0,2019-08-07 13:19:50,-8.019,-34.873,HOMICIDIO/TENTATIVA,PRETA,HOMEM CIS,False,False,13.0,2019,8,AGOSTO,7,QUARTA-FEIRA,3,False,13.0,TARDE,ADULTO
FC-00450,SAN MARTIN,41.0,2025-01-09 21:04:34,-8.044,-34.879,AMEACA,NAO IDENTIFICADO,HOMEM CIS,False,False,21.0,2025,1,JANEIRO,9,QUINTA-FEIRA,1,False,21.0,NOITE,ADULTO
FC-00451,CURADO,15.0,2025-12-08 14:28:15,-8.075,-34.908,HOMICIDIO/TENTATIVA,NAO IDENTIFICADO,HOMEM CIS,False,False,14.0,2025,12,DEZEMBRO,8,SEGUNDA-FEIRA,4,False,14.0,TARDE,ADOLESCENTE
FC-00452,VARZEA,39.0,2020-07-22 23:59:20,-8.037,-34.923,TIRO,NAO IDENTIFICADO,HOMEM CIS,False,False,23.0,2020,7,JULHO,22,QUARTA-FEIRA,3,False,23.0,NOITE,ADULTO
FC-00453,IBURA,24.0,2023-04-12 22:55:42,-8.081,-34.896,HOMICIDIO/TENTATIVA,NAO IDENTIFICADO,MULHER CIS,False,False,22.0,2023,4,ABRIL,12,QUARTA-FEIRA,2,False,22.0,NOITE,ADULTO
FC-00454,NOVA DESCOBERTA,32.0,2023-07-26 08:02:37,-8.015,-34.863,AMEACA,NAO IDENTIFICADO,HOMEM CIS,False,False,8.0,2023,7,JULHO,26,QUARTA-FEIRA,3,False,8.0,MANHÃ,ADULTO
FC-00455,BOA VISTA,31.0,2022-11-20 13:48:40,-8.053,-34.871,HOMICIDIO/TENTATIVA,PARDA,HOMEM CIS,False,False,13.0,2022,11,NOVEMBRO,20,DOMINGO,4,True,13.0,TARDE,ADULTO
FC-00456,VASCO DA GAMA,28.0,2020-09-26 19:22:51,-8.055,-34.883,HOMICIDIO/TENTATIVA,PARDA,HOMEM CIS,False,False,19.0,2020,9,SETEMBRO,26,SÁBADO,3,True,19.0,NOITE,ADULTO
FC-00457,VARZEA,24.0,2025-08-23 15:18:34,-8.038,-34.916,HOMICIDIO/TENTATIVA,NAO IDENTIFICADO,HOMEM CIS,False,False,15.0,2025,8,AGOSTO,23,SÁBADO,3,True,15.0,TARDE,ADULTO
FC-00458,MANGABEIRA,50.0,2025-10-28 18:04:33,-8.014,-34.875,DISPARO,NAO IDENTIFICADO,HOMEM CIS,False,False,18.0,2025,10,OUTUBRO,28,TERÇA-FEIRA,4,False,18.0,NOITE,ADULTO
FC-00459,CASA AMARELA,47.0,2022-12-06 22:39:54,-8.033,-34.862,AMEACA,NAO IDENTIFICADO,HOMEM CIS,False,False,22.0,2022,12,DEZEMBRO,6,TERÇA-FEIRA,4,False,22.0,NOITE,ADULTO
FC-00460,NOVA DESCOBERTA,42.0,2021-09-22 17:35:09,-8.017,-34.86,DISPARO,PRETA,HOMEM CIS,False,False,17.0,2021,9,SETEMBRO,22,QUARTA-FEIRA,3,False,17.0,TARDE,ADULTO
FC-00461,ESTACAO,38.0,2018-03-06 21:12:06,-8.054,-34.865,TIRO,NAO IDENTIFICADO,HOMEM CIS,False,False,21.0,2018,3,MARÇO,6,TERÇA-FEIRA,1,False,21.0,NOITE,ADULTO
FC-00462,IBURA,22.0,2023-10-09 01:14:38,-8.08,-34.891,DISPARO,NAO IDENTIFICADO,HOMEM CIS,False,False,1.0,2023,10,OUTUBRO,9,SEGUNDA-FEIRA,4,False,1.0,MADRUGADA,ADULTO
FC-00463,JARDIM SAO PAULO,45.0,2018-11-02 14:47:56,-8.0,-34.855,ROUBO,NAO IDENTIFICADO,HOMEM CIS,False,False,14.0,2018,11,NOVEMBRO,2,SEXTA-FEIRA,4,False,14.0,TARDE,ADULTO
FC-00464,POCO DA PANELA,20.0,2024-05-03 22:33:06,-8.034,-34.864,DISPARO,PRETA,HOMEM CIS,False,False,22.0,2024,5,MAIO,3,SEXTA-FEIRA,2,False,22.0,NOITE,ADULTO
FC-00465,ALTO JOSE DO PINHO,54.0,2023-03-18 21:26:47,-8.02,-34.886,HOMICIDIO/TENTATIVA,NAO IDENTIFICADO,HOMEM CIS,False,False,21.0,2023,3,MARÇO,18,SÁBADO,1,True,21.0,NOITE,ADULTO
FC-00466,MANGABEIRA,32.0,2019-03-18 15:21:42,-8.014,-34.873,DISPARO,PRETA,HOMEM CIS,False,False,15.0,2019,3,MARÇO,18,SEGUNDA-FEIRA,1,False,15.0,TARDE,ADULTO
FC-00467,SAN MARTIN,44.0,2021-06-14 21:27:52,-8.042,-34.881,OUTRO,NAO IDENTIFICADO,HOMEM CIS,False,False,21.0,2021,6,JUNHO,14,SEGUNDA-FEIRA,2,False,21.0,NOITE,ADULTO
FC-00468,NOVA DESCOBERTA,36.0,2024-06-15 16:25:00,-8.011,-34.863,DISPARO,NAO IDENTIFICADO,HOMEM CIS,False,False,16.0,2024,6,JUNHO,15,SÁBADO,2,True,16.0,TARDE,ADULTO
FC-00469,BREJO DA GUARDEIRA,41.0,2021-04-07 21:01:49,-8.072,-34.904,HOMICIDIO/TENTATIVA,AMARELA,HOMEM CIS,False,False,21.0,2021,4,ABRIL,7,QUARTA-FEIRA,2,False,21.0,NOITE,ADULTO
FC-00470,CASA AMARELA,53.0,2023-02-02 16:09:08,-8.033,-34.861,DISPARO,NAO IDENTIFICADO,MULHER CIS,False,False,16.0,2023,2,FEVEREIRO,2,QUINTA-FEIRA,1,False,16.0,TARDE,ADULTO
FC-00471,BREJO DA GUARDEIRA,45.0,2021-04-24 02:20:50,-8.068,-34.899,HOMICIDIO/TENTATIVA,PARDA,HOMEM CIS,False,False,2.0,2021,4,ABRIL,24,SÁBADO,2,True,2.0,MADRUGADA,ADULTO
FC-00472,CASA AMARELA,55.0,2023-05-02 21:36:24,-8.034,-34.857,ROUBO,PRETA,HOMEM CIS,False,False,21.0,2023,5,MAIO,2,TERÇA-FEIRA,2,False,21.0,NOITE,ADULTO
FC-00473,JARDIM SAO PAULO,30.0,2025-02-28 21:47:41,-8.004,-34.85,DISPARO,PARDA,HOMEM CIS,False,False,21.0,2025,2,FEVEREIRO,28,SEXTA-FEIRA,1,False,21.0,NOITE,ADULTO
FC-00474,IBURA,36.0,2018-09-19 03:32:44,-8.08,-34.889,HOMICIDIO/TENTATIVA,NAO IDENTIFICADO,HOMEM CIS,False,False,3.0,2018,9,SETEMBRO,19,QUARTA-FEIRA,3,False,3.0,MADRUGADA,ADULTO
FC-00475,SANTO AMARO,24.0,2023-02-08 15:50:25,-8.061,-34.873,AMEACA,BRANCA,NAO IDENTIFICADO,False,False,15.0,2023,2,FEVEREIRO,8,QUARTA-FEIRA,1,False,15.0,TARDE,ADULTO
FC-00476,COHAB,10.0,2019-09-14 21:08:48,-8.059,-34.908,DISPARO,NAO IDENTIFICADO,HOMEM CIS,False,False,21.0,2019,9,SETEMBRO,14,SÁBADO,3,True,21.0,NOITE,CRIANCA
FC-00477,VARZEA,27.0,2025-09-08 08:17:49,-8.036,-34.914,DISPARO,PRETA,HOMEM CIS,False,False,8.0,2025,9,SETEMBRO,8,SEGUNDA-FEIRA,3,False,8.0,MANHÃ,ADULTO
FC-00478,JARDIM SAO PAULO,39.0,2021-06-12 19:01:49,-8.002,-34.857,DISPARO,PRETA,HOMEM CIS,False,False,19.0,2021,6,JUNHO,12,SÁBADO,2,True,19.0,NOITE,ADULTO
FC-00479,BREJO DA GUARDEIRA,26.0,2018-04-07 20:09:48,-8.069,-34.901,HOMICIDIO/TENTATIVA,NAO IDENTIFICADO,NAO IDENTIFICADO,False,False,20.0,2018,4,ABRIL,7,SÁBADO,2,True,20.0,NOITE,ADULTO
FC-00480,COHAB,49.0,2025-05-01 13:51:07,-8.064,-34.903,ROUBO,BRANCA,HOMEM CIS,False,False,13.0,2025,5,MAIO,1,QUINTA-FEIRA,2,False,13.0,TARDE,ADULTO
FC-00481,IBURA,37.0,2022-05-18 17:46:09,-8.078,-34.891,HOMICIDIO/TENTATIVA,NAO IDENTIFICADO,HOMEM CIS,False,False,17.0,2022,5,MAIO,18,QUARTA-FEIRA,2,False,17.0,TARDE,ADULTO
FC-00482,IBURA,14.0,2019-05-07 21:39:17,-8.081,-34.894,HOMICIDIO/TENTATIVA,PRETA,HOMEM CIS,True,False,21.0,2019,5,MAIO,7,TERÇA-FEIRA,2,False,21.0,NOITE,ADOLESCENTE
FC-00483,JARDIM SAO PAULO,23.0,2025-06-28 02:18:55,-8.003,-34.851,TIRO,PRETA,HOMEM CIS,False,False,2.0,2025,6,JUNHO,28,SÁBADO,2,True,2.0,MADRUGADA,ADULTO
FC-00484,NOVA DESCOBERTA,30.0,2021-10-18 02:12:32,-8.014,-34.86,HOMICIDIO/TENTATIVA,BRANCA,HOMEM CIS,False,False,2.0,2021,10,OUTUBRO,18,SEGUNDA-FEIRA,4,False,2.0,MADRUGADA,ADULTO
FC-00485,JARDIM SAO PAULO,32.0,2021-07-24 03:22:43,-7.997,-34.853,DISPARO,NAO IDENTIFICADO,HOMEM CIS,False,False,3.0,2021,7,JULHO,24,SÁBADO,3,True,3.0,MADRUGADA,ADULTO
FC-00486,IPUTINGA,15.0,2018-05-13 22:52:01,-8.026,-34.892,HOMICIDIO/TENTATIVA,BRANCA,NAO IDENTIFICADO,False,False,22.0,2018,5,MAIO,13,DOMINGO,2,True,22.0,NOITE,ADOLESCENTE
FC-00487,NOVA DESCOBERTA,45.0,2019-07-17 23:39:55,-8.013,-34.865,TIRO,PARDA,HOMEM CIS,False,False,23.0,2019,7,JULHO,17,QUARTA-FEIRA,3,False,23.0,NOITE,ADULTO
FC-00488,ESTACAO,15.0,2023-08-18 03:41:08,-8.054,-34.874,HOMICIDIO/TENTATIVA,NAO IDENTIFICADO,HOMEM CIS,False,False,3.0,2023,8,AGOSTO,18,SEXTA-FEIRA,3,False,3.0,MADRUGADA,ADOLESCENTE
FC-00489,CASA AMARELA,23.0,2022-03-14 23:49:09,-8.03,-34.855,TIRO,NAO IDENTIFICADO,MULHER CIS,False,False,23.0,2022,3,MARÇO,14,SEGUNDA-FEIRA,1,False,23.0,NOITE,ADULTO
FC-00490,JARDIM SAO PAULO,34.0,2019-06-27 21:46:01,-8.009,-34.854,BRIGA,PRETA,HOMEM CIS,False,False,21.0,2019,6,JUNHO,27,QUINTA-FEIRA,2,False,21.0,NOITE,ADULTO
FC-00491,GRACO,48.0,2024-11-24 10:49:12,-8.045,-34.87,TIRO,NAO IDENTIFICADO,MULHER CIS,False,False,10.0,2024,11,NOVEMBRO,24,DOMINGO,4,True,10.0,MANHÃ,ADULTO
FC-00492,IBURA,28.0,2023-10-08 07:01:22,-8.084,-34.89,TIRO,PRETA,NAO IDENTIFICADO,False,False,7.0,2023,10,OUTUBRO,8,DOMINGO,4,True,7.0,MANHÃ,ADULTO
FC-00493,SAN MARTIN,28.0,2021-07-16 16:10:12,-8.039,-34.881,TIRO,PRETA,HOMEM CIS,False,False,16.0,2021,7,JULHO,16,SEXTA-FEIRA,3,False,16.0,TARDE,ADULTO
FC-00494,TOTOS,24.0,2024-04-25 05:11:59,-8.036,-34.866,DISPARO,NAO IDENTIFICADO,HOMEM CIS,False,False,5.0,2024,4,ABRIL,25,QUINTA-FEIRA,2,False,5.0,MADRUGADA,ADULTO
FC-00495,CURADO,50.0,2020-07-25 01:47:52,-8.071,-34.909,DISPARO,NAO IDENTIFICADO,HOMEM CIS,False,False,1.0,2020,7,JULHO,25,SÁBADO,3,True,1.0,MADRUGADA,ADULTO
FC-00496,CORDOARIA,45.0,2023-12-26 01:06:28,-8.062,-34.878,DISPARO,PRETA,MULHER CIS,False,False,1.0,2023,12,DEZEMBRO,26,TERÇA-FEIRA,4,False,1.0,MADRUGADA,ADULTO
FC-00497,IBURA,15.0,2024-09-13 17:40:03,-8.078,-34.894,DISPARO,NAO IDENTIFICADO,NAO IDENTIFICADO,False,False,17.0,2024,9,SETEMBRO,13,SEXTA-FEIRA,3,False,17.0,TARDE,ADOLESCENTE
FC-00498,CORDOARIA,60.0,2021-10-02 20:57:09,-8.06,-34.872,DISPARO,PARDA,HOMEM CIS,False,False,20.0,2021,10,OUTUBRO,2,SÁBADO,4,True,20.0,NOITE,IDOSO
FC-00499,SAN MARTIN,48.0,2025-12-18 03:26:20,-8.034,-34.872,AMEACA,NAO IDENTIFICADO,HOMEM CIS,False,False,3.0,2025,12,DEZEMBRO,18,QUINTA-FEIRA,4,False,3.0,MADRUGADA,ADULTO
FC-00500,SAN MARTIN,48.0,2019-06-23 19:45:50,-8.037,-34.876,ROUBO,PARDA,MULHER CIS,False,False,19.0,2019,6,JUNHO,23,DOMINGO,2,True,19.0,NOITE,ADULTO
FC-00501,COHAB,39.0,2022-07-24 21:32:39,-8.067,-34.907,DISPARO,NAO IDENTIFICADO,HOMEM CIS,False,False,21.0,2022,7,JULHO,24,DOMINGO,3,True,21.0,NOITE,ADULTO
FC-00502,MANGABEIRA,29.0,2025-03-06 21:11:49,-8.011,-34.871,HOMICIDIO/TENTATIVA,NAO IDENTIFICADO,HOMEM CIS,False,False,21.0,2025,3,MARÇO,6,QUINTA-FEIRA,1,False,21.0,NOITE,ADULTO
FC-00503,IPUTINGA,38.0,2020-03-07 00:48:16,-8.025,-34.893,HOMICIDIO/TENTATIVA,BRANCA,HOMEM CIS,True,False,0.0,2020,3,MARÇO,7,SÁBADO,1,True,0.0,MADRUGADA,ADULTO
FC-00504,CAXANGA,47.0,2020-10-22 16:26:28,-8.028,-34.921,ROUBO,NAO IDENTIFICADO,HOMEM CIS,False,False,16.0,2020,10,OUTUBRO,22,QUINTA-FEIRA,4,False,16.0,TARDE,ADULTO
FC-00505,IBURA,21.0,2024-04-02 04:03:41,-8.088,-34.892,TIRO,NAO IDENTIFICADO,MULHER CIS,False,False,4.0,2024,4,ABRIL,2,TERÇA-FEIRA,2,False,4.0,MADRUGADA,ADULTO
FC-00506,CAXANGA,28.0,2025-01-04 15:11:10,-8.02,-34.918,HOMICIDIO/TENTATIVA,PARDA,HOMEM CIS,False,False,15.0,2025,1,JANEIRO,4,SÁBADO,1,True,15.0,TARDE,ADULTO
FC-00507,SANTO AMARO,17.0,2025-12-19 14:02:05,-8.052,-34.866,DISPARO,PRETA,HOMEM CIS,False,False,14.0,2025,12,DEZEMBRO,19,SEXTA-FEIRA,4,False,14.0,TARDE,ADOLESCENTE
FC-00508,CORDOARIA,36.0,2022-05-16 03:44:55,-8.059,-34.876,DISPARO,NAO IDENTIFICADO,HOMEM CIS,False,False,3.0,2022,5,MAIO,16,SEGUNDA-FEIRA,2,False,3.0,MADRUGADA,ADULTO
FC-00509,ESTACAO,25.0,2023-11-17 23:30:46,-8.05,-34.865,HOMICIDIO/TENTATIVA,NAO IDENTIFICADO,HOMEM CIS,False,False,23.0,2023,11,NOVEMBRO,17,SEXTA-FEIRA,4,False,23.0,NOITE,ADULTO
FC-00510,POCO DA PANELA,48.0,2020-10-20 13:08:39,-8.036,-34.865,AMEACA,NAO IDENTIFICADO,HOMEM CIS,False,False,13.0,2020,10,OUTUBRO,20,TERÇA-FEIRA,4,False,13.0,TARDE,ADULTO
FC-00511,AFLITOS,31.0,2020-05-07 00:01:29,-8.05,-34.871,ROUBO,PARDA,HOMEM CIS,False,False,0.0,2020,5,MAIO,7,QUINTA-FEIRA,2,False,0.0,MADRUGADA,ADULTO
FC-00512,ESPINHEIRO,28.0,2018-06-18 21:13:00,-8.043,-34.873,DISPARO,PRETA,HOMEM CIS,False,False,21.0,2018,6,JUNHO,18,SEGUNDA-FEIRA,2,False,21.0,NOITE,ADULTO
FC-00513,NOVA DESCOBERTA,36.0,2021-01-04 20:21:25,-8.017,-34.869,DISPARO,NAO IDENTIFICADO,HOMEM CIS,False,False,20.0,2021,1,JANEIRO,4,SEGUNDA-FEIRA,1,False,20.0,NOITE,ADULTO
FC-00514,JAQUEIRA,8.0,2025-08-16 21:41:08,-8.038,-34.863,AMEACA,NAO IDENTIFICADO,MULHER CIS,False,False,21.0,2025,8,AGOSTO,16,SÁBADO,3,True,21.0,NOITE,CRIANCA
FC-00515,SAN MARTIN,55.0,2024-12-02 21:19:36,-8.041,-34.88,DISPARO,PARDA,MULHER CIS,False,False,21.0,2024,12,DEZEMBRO,2,SEGUNDA-FEIRA,4,False,21.0,NOITE,ADULTO
FC-00516,MANGABEIRA,35.0,2025-06-03 23:17:53,-8.013,-34.869,HOMICIDIO/TENTATIVA,PRETA,HOMEM CIS,True,False,23.0,2025,6,JUNHO,3,TERÇA-FEIRA,2,False,23.0,NOITE,ADULTO
FC-00517,VASCO DA GAMA,42.0,2023-05-23 21:45:02,-8.051,-34.88,DISPARO,PRETA,MULHER CIS,False,False,21.0,2023,5,MAIO,23,TERÇA-FEIRA,2,False,21.0,NOITE,ADULTO
FC-00518,ALTO JOSE DO PINHO,27.0,2020-05-06 02:50:02,-8.023,-34.887,BRIGA,NAO IDENTIFICADO,HOMEM CIS,False,False,2.0,2020,5,MAIO,6,QUARTA-FEIRA,2,False,2.0,MADRUGADA,ADULTO
FC-00519,COHAB,27.0,2019-06-16 21:33:19,-8.064,-34.902,ROUBO,PARDA,HOMEM CIS,False,False,21.0,2019,6,JUNHO,16,DOMINGO,2,True,21.0,NOITE,ADULTO
FC-00520,TOTOS,20.0,2025-04-24 01:24:45,-8.034,-34.866,DISPARO,AMARELA,HOMEM CIS,False,False,1.0,2025,4,ABRIL,24,QUINTA-FEIRA,2,False,1.0,MADRUGADA,ADULTO
FC-00521,IBURA,31.0,2019-08-02 02:49:42,-8.084,-34.899,DISPARO,PRETA,MULHER CIS,False,False,2.0,2019,8,AGOSTO,2,SEXTA-FEIRA,3,False,2.0,MADRUGADA,ADULTO
FC-00522,MANGABEIRA,40.0,2020-05-18 12:28:42,-8.008,-34.871,HOMICIDIO/TENTATIVA,PARDA,HOMEM CIS,False,False,12.0,2020,5,MAIO,18,SEGUNDA-FEIRA,2,False,12.0,TARDE,ADULTO
FC-00523,VARZEA,30.0,2019-09-12 18:17:09,-8.033,-34.92,DISPARO,BRANCA,HOMEM CIS,False,False,18.0,2019,9,SETEMBRO,12,QUINTA-FEIRA,3,False,18.0,NOITE,ADULTO
FC-00524,IPUTINGA,23.0,2021-08-02 03:30:57,-8.026,-34.897,TIRO,NAO IDENTIFICADO,HOMEM CIS,False,False,3.0,2021,8,AGOSTO,2,SEGUNDA-FEIRA,3,False,3.0,MADRUGADA,ADULTO
FC-00525,CORDOARIA,33.0,2025-11-27 20:28:39,-8.062,-34.872,TIRO,NAO IDENTIFICADO,HOMEM CIS,False,False,20.0,2025,11,NOVEMBRO,27,QUINTA-FEIRA,4,False,20.0,NOITE,ADULTO
FC-00526,CASA AMARELA,29.0,2025-08-19 03:52:51,-8.037,-34.857,DISPARO,PRETA,HOMEM CIS,False,False,3.0,2025,8,AGOSTO,19,TERÇA-FEIRA,3,False,3.0,MADRUGADA,ADULTO
FC-00527,COHAB,21.0,2022-04-05 21:39:16,-8.067,-34.904,AMEACA,PRETA,HOMEM CIS,False,False,21.0,2022,4,ABRIL,5,TERÇA-FEIRA,2,False,21.0,NOITE,ADULTO
FC-00528,VARZEA,48.0,2021-08-01 01:07:22,-8.038,-34.915,ROUBO,NAO IDENTIFICADO,MULHER CIS,False,False,1.0,2021,8,AGOSTO,1,DOMINGO,3,True,1.0,MADRUGADA,ADULTO
FC-00529,VARZEA,35.0,2019-12-26 02:35:41,-8.033,-34.914,HOMICIDIO/TENTATIVA,PRETA,HOMEM CIS,False,False,2.0,2019,12,DEZEMBRO,26,QUINTA-FEIRA,4,False,2.0,MADRUGADA,ADULTO
FC-00530,ALTO JOSE DO PINHO,25.0,2022-08-13 01:13:52,-8.022,-34.885,TIRO,NAO IDENTIFICADO,HOMEM CIS,False,False,1.0,2022,8,AGOSTO,13,SÁBADO,3,True,1.0,MADRUGADA,ADULTO
FC-00531,POCO DA PANELA,17.0,2020-11-22 02:59:45,-8.044,-34.861,DISPARO,PARDA,HOMEM CIS,False,False,2.0,2020,11,NOVEMBRO,22,DOMINGO,4,True,2.0,MADRUGADA,ADOLESCENTE
FC-00532,COHAB,40.0,2022-05-13 01:06:43,-8.072,-34.908,HOMICIDIO/TENTATIVA,NAO IDENTIFICADO,HOMEM CIS,False,False,1.0,2022,5,MAIO,13,SEXTA-FEIRA,2,False,1.0,MADRUGADA,ADULTO
FC-00533,CASA AMARELA,37.0,2020-03-19 22:40:51,-8.026,-34.86,HOMICIDIO/TENTATIVA,PRETA,HOMEM CIS,True,False,22.0,2020,3,MARÇO,19,QUINTA-FEIRA,1,False,22.0,NOITE,ADULTO
FC-00534,SANTO AMARO,21.0,2022-04-22 21:19:36,-8.059,-34.866,TIRO,NAO IDENTIFICADO,HOMEM CIS,False,False,21.0,2022,4,ABRIL,22,SEXTA-FEIRA,2,False,21.0,NOITE,ADULTO
FC-00535,IPUTINGA,22.0,2021-02-19 00:32:25,-8.03,-34.894,OUTRO,NAO IDENTIFICADO,MULHER CIS,False,False,0.0,2021,2,FEVEREIRO,19,SEXTA-FEIRA,1,False,0.0,MADRUGADA,ADULTO
FC-00536,IPUTINGA,18.0,2023-06-04 21:55:01,-8.028,-34.888,HOMICIDIO/TENTATIVA,NAO IDENTIFICADO,HOMEM CIS,False,False,21.0,2023,6,JUNHO,4,DOMINGO,2,True,21.0,NOITE,ADULTO
FC-00537,BREJO DA GUARDEIRA,33.0,2022-04-22 04:08:12,-8.071,-34.901,DISPARO,PRETA,HOMEM CIS,False,False,4.0,2022,4,ABRIL,22,SEXTA-FEIRA,2,False,4.0,MADRUGADA,ADULTO
FC-00538,JARDIM SAO PAULO,10.0,2023-03-01 02:01:09,-8.002,-34.855,OUTRO,NAO IDENTIFICADO,MULHER CIS,False,False,2.0,2023,3,MARÇO,1,QUARTA-FEIRA,1,False,2.0,MADRUGADA,CRIANCA
FC-00539,SANTO AMARO,26.0,2024-08-26 20:59:27,-8.048,-34.869,HOMICIDIO/TENTATIVA,NAO IDENTIFICADO,NAO IDENTIFICADO,False,False,20.0,2024,8,AGOSTO,26,SEGUNDA-FEIRA,3,False,20.0,NOITE,ADULTO
FC-00540,ALTO JOSE DO PINHO,20.0,2020-10-01 18:54:46,-8.021,-34.882,DISPARO,NAO IDENTIFICADO,HOMEM CIS,False,False,18.0,2020,10,OUTUBRO,1,QUINTA-FEIRA,4,False,18.0,NOITE,ADULTO
FC-00541,NOVA DESCOBERTA,33.0,2018-08-23 14:37:30,-8.019,-34.862,HOMICIDIO/TENTATIVA,PRETA,MULHER CIS,False,False,14.0,2018,8,AGOSTO,23,QUINTA-FEIRA,3,False,14.0,TARDE,ADULTO
FC-00542,VARZEA,21.0,2024-08-17 02:56:39,-8.029,-34.912,OUTRO,AMARELA,HOMEM CIS,False,False,2.0,2024,8,AGOSTO,17,SÁBADO,3,True,2.0,MADRUGADA,ADULTO
FC-00543,VASCO DA GAMA,24.0,2022-10-10 19:57:21,-8.051,-34.88,TIRO,PRETA,HOMEM CIS,False,False,19.0,2022,10,OUTUBRO,10,SEGUNDA-FEIRA,4,False,19.0,NOITE,ADULTO
FC-00544,SAN MARTIN,40.0,2021-05-10 04:44:59,-8.039,-34.881,TIRO,NAO IDENTIFICADO,HOMEM CIS,False,False,4.0,2021,5,MAIO,10,SEGUNDA-FEIRA,2,False,4.0,MADRUGADA,ADULTO
FC-00545,AFLITOS,22.0,2019-01-22 23:51:47,-8.042,-34.873,DISPARO,NAO IDENTIFICADO,HOMEM CIS,False,False,23.0,2019,1,JANEIRO,22,TERÇA-FEIRA,1,False,23.0,NOITE,ADULTO
FC-00546,ALTO JOSE DO PINHO,25.0,2020-10-09 10:16:00,-8.023,-34.884,AMEACA,NAO IDENTIFICADO,HOMEM CIS,False,False,10.0,2020,10,OUTUBRO,9,SEXTA-FEIRA,4,False,10.0,MANHÃ,ADULTO
FC-00547,VARZEA,54.0,2024-05-26 20:31:11,-8.038,-34.915,DISPARO,NAO IDENTIFICADO,HOMEM CIS,False,False,20.0,2024,5,MAIO,26,DOMINGO,2,True,20.0,NOITE,ADULTO
FC-00548,IBURA,42.0,2024-08-25 23:49:24,-8.082,-34.891,DISPARO,BRANCA,NAO IDENTIFICADO,False,False,23.0,2024,8,AGOSTO,25,DOMINGO,3,True,23.0,NOITE,ADULTO
FC-00549,AFLITOS,17.0,2018-05-25 21:03:10,-8.044,-34.873,AMEACA,PRETA,HOMEM CIS,False,False,21.0,2018,5,MAIO,25,SEXTA-FEIRA,2,False,21.0,NOITE,ADOLESCENTE
FC-00550,IPUTINGA,41.0,2021-12-13 16:09:33,-8.024,-34.885,DISPARO,PARDA,HOMEM CIS,False,False,16.0,2021,12,DEZEMBRO,13,SEGUNDA-FEIRA,4,False,16.0,TARDE,ADULTO
FC-00551,IPUTINGA,36.0,2022-01-04 22:40:22,-8.027,-34.892,HOMICIDIO/TENTATIVA,NAO IDENTIFICADO,HOMEM CIS,False,False,22.0,2022,1,JANEIRO,4,TERÇA-FEIRA,1,False,22.0,NOITE,ADULTO
FC-00552,BREJO DA GUARDEIRA,25.0,2024-05-21 18:29:49,-8.069,-34.901,HOMICIDIO/TENTATIVA,NAO IDENTIFICADO,HOMEM CIS,False,False,18.0,2024,5,MAIO,21,TERÇA-FEIRA,2,False,18.0,NOITE,ADULTO
FC-00553,AFLITOS,32.0,2023-03-11 18:43:00,-8.041,-34.875,HOMICIDIO/TENTATIVA,NAO IDENTIFICADO,HOMEM CIS,False,False,18.0,2023,3,MARÇO,11,SÁBADO,1,True,18.0,NOITE,ADULTO
FC-00554,ESTACAO,43.0,2024-05-07 01:39:05,-8.049,-34.871,DISPARO,PRETA,HOMEM CIS,True,False,1.0,2024,5,MAIO,7,TERÇA-FEIRA,2,False,1.0,MADRUGADA,ADULTO
FC-00555,SANTO AMARO,8.0,2023-02-03 21:08:24,-8.06,-34.866,TIRO,BRANCA,MULHER CIS,False,False,21.0,2023,2,FEVEREIRO,3,SEXTA-FEIRA,1,False,21.0,NOITE,CRIANCA
FC-00556,SANTO AMARO,29.0,2020-05-15 20:04:40,-8.061,-34.872,HOMICIDIO/TENTATIVA,NAO IDENTIFICADO,HOMEM CIS,False,False,20.0,2020,5,MAIO,15,SEXTA-FEIRA,2,False,20.0,NOITE,ADULTO
FC-00557,TOTOS,40.0,2020-02-09 21:24:24,-8.036,-34.866,AMEACA,PRETA,HOMEM CIS,False,False,21.0,2020,2,FEVEREIRO,9,DOMINGO,1,True,21.0,NOITE,ADULTO
FC-00558,NOVA DESCOBERTA,25.0,2025-04-20 14:41:31,-8.016,-34.868,HOMICIDIO/TENTATIVA,NAO IDENTIFICADO,HOMEM CIS,False,False,14.0,2025,4,ABRIL,20,DOMINGO,2,True,14.0,TARDE,ADULTO
FC-00559,TOTOS,49.0,2023-02-02 02:36:46,-8.039,-34.861,ROUBO,PRETA,HOMEM CIS,False,False,2.0,2023,2,FEVEREIRO,2,QUINTA-FEIRA,1,False,2.0,MADRUGADA,ADULTO
FC-00560,IBURA,48.0,2018-07-09 03:21:57,-8.079,-34.893,HOMICIDIO/TENTATIVA,PRETA,HOMEM CIS,False,False,3.0,2018,7,JULHO,9,SEGUNDA-FEIRA,3,False,3.0,MADRUGADA,ADULTO
FC-00561,ALTO JOSE DO PINHO,37.0,2024-02-18 06:24:44,-8.02,-34.888,DISPARO,NAO IDENTIFICADO,MULHER CIS,False,False,6.0,2024,2,FEVEREIRO,18,DOMINGO,1,True,6.0,MANHÃ,ADULTO
FC-00562,COHAB,33.0,2021-01-21 23:41:05,-8.069,-34.901,HOMICIDIO/TENTATIVA,AMARELA,HOMEM CIS,False,False,23.0,2021,1,JANEIRO,21,QUINTA-FEIRA,1,False,23.0,NOITE,ADULTO
FC-00563,JAQUEIRA,24.0,2023-03-18 01:24:42,-8.037,-34.867,AMEACA,NAO IDENTIFICADO,HOMEM CIS,False,False,1.0,2023,3,MARÇO,18,SÁBADO,1,True,1.0,MADRUGADA,ADULTO
FC-00564,CORDOARIA,26.0,2025-08-24 04:02:12,-8.056,-34.874,DISPARO,PRETA,HOMEM CIS,True,False,4.0,2025,8,AGOSTO,24,DOMINGO,3,True,4.0,MADRUGADA,ADULTO
FC-00565,NOVA DESCOBERTA,40.0,2022-08-01 01:03:21,-8.019,-34.865,TIRO,PARDA,HOMEM CIS,False,False,1.0,2022,8,AGOSTO,1,SEGUNDA-FEIRA,3,False,1.0,MADRUGADA,ADULTO
FC-00566,ESTACAO,53.0,2025-09-05 21:14:59,-8.056,-34.873,DISPARO,PRETA,HOMEM CIS,False,False,21.0,2025,9,SETEMBRO,5,SEXTA-FEIRA,3,False,21.0,NOITE,ADULTO
FC-00567,VARZEA,36.0,2018-12-21 03:11:40,-8.034,-34.914,ROUBO,NAO IDENTIFICADO,HOMEM CIS,True,False,3.0,2018,12,DEZEMBRO,21,SEXTA-FEIRA,4,False,3.0,MADRUGADA,ADULTO
FC-00568,CASA AMARELA,35.0,2018-02-04 17:51:39,-8.03,-34.857,AMEACA,PRETA,HOMEM CIS,False,False,17.0,2018,2,FEVEREIRO,4,DOMINGO,1,True,17.0,TARDE,ADULTO
FC-00569,VARZEA,34.0,2021-02-22 18:08:20,-8.036,-34.913,TIRO,PARDA,HOMEM CIS,False,False,18.0,2021,2,FEVEREIRO,22,SEGUNDA-FEIRA,1,False,18.0,NOITE,ADULTO
FC-00570,VARZEA,52.0,2020-07-06 20:35:10,-8.035,-34.918,HOMICIDIO/TENTATIVA,NAO IDENTIFICADO,HOMEM CIS,False,False,20.0,2020,7,JULHO,6,SEGUNDA-FEIRA,3,False,20.0,NOITE,ADULTO
FC-00571,BREJO DA GUARDEIRA,43.0,2021-03-01 21:05:00,-8.07,-34.907,TIRO,PARDA,HOMEM CIS,True,False,21.0,2021,3,MARÇO,1,SEGUNDA-FEIRA,1,False,21.0,NOITE,ADULTO
FC-00572,COHAB,40.0,2024-08-23 03:09:40,-8.067,-34.905,DISPARO,PARDA,HOMEM CIS,False,False,3.0,2024,8,AGOSTO,23,SEXTA-FEIRA,3,False,3.0,MADRUGADA,ADULTO
FC-00573,ESTACAO,36.0,2020-08-20 23:40:52,-8.052,-34.869,HOMICIDIO/TENTATIVA,PRETA,MULHER CIS,False,False,23.0,2020,8,AGOSTO,20,QUINTA-FEIRA,3,False,23.0,NOITE,ADULTO
FC-00574,ESTACAO,24.0,2025-10-12 21:34:32,-8.051,-34.872,OUTRO,NAO IDENTIFICADO,HOMEM CIS,False,False,21.0,2025,10,OUTUBRO,12,DOMINGO,4,True,21.0,NOITE,ADULTO
FC-00575,VASCO DA GAMA,38.0,2019-08-16 04:42:59,-8.053,-34.883,HOMICIDIO/TENTATIVA,NAO IDENTIFICADO,HOMEM CIS,True,False,4.0,2019,8,AGOSTO,16,SEXTA-FEIRA,3,False,4.0,MADRUGADA,ADULTO
FC-00576,CORDOARIA,43.0,2025-08-02 02:03:59,-8.06,-34.871,TIRO,NAO IDENTIFICADO,HOMEM CIS,False,False,2.0,2025,8,AGOSTO,2,SÁBADO,3,True,2.0,MADRUGADA,ADULTO
FC-00577,POCO DA PANELA,34.0,2024-10-19 12:12:47,-8.029,-34.863,ROUBO,NAO IDENTIFICADO,HOMEM CIS,False,False,12.0,2024,10,OUTUBRO,19,SÁBADO,4,True,12.0,TARDE,ADULTO
FC-00578,NOVA DESCOBERTA,25.0,2021-04-13 22:04:30,-8.015,-34.866,HOMICIDIO/TENTATIVA,NAO IDENTIFICADO,HOMEM CIS,False,False,22.0,2021,4,ABRIL,13,TERÇA-FEIRA,2,False,22.0,NOITE,ADULTO
FC-00579,CURADO,39.0,2021-03-15 20:40:22,-8.075,-34.913,DISPARO,BRANCA,HOMEM CIS,False,False,20.0,2021,3,MARÇO,15,SEGUNDA-FEIRA,1,False,20.0,NOITE,ADULTO
FC-00580,IPUTINGA,17.0,2019-08-15 15:48:21,-8.025,-34.888,HOMICIDIO/TENTATIVA,PRETA,HOMEM CIS,False,False,15.0,2019,8,AGOSTO,15,QUINTA-FEIRA,3,False,15.0,TARDE,ADOLESCENTE
FC-00581,BREJO DA GUARDEIRA,28.0,2019-09-28 06:26:54,-8.071,-34.9,TIRO,PRETA,HOMEM CIS,False,False,6.0,2019,9,SETEMBRO,28,SÁBADO,3,True,6.0,MANHÃ,ADULTO
FC-00582,ROSARINHO,43.0,2024-12-28 08:20:27,-8.043,-34.864,HOMICIDIO/TENTATIVA,PARDA,HOMEM CIS,False,False,8.0,2024,12,DEZEMBRO,28,SÁBADO,4,True,8.0,MANHÃ,ADULTO
FC-00583,JARDIM SAO PAULO,45.0,2021-01-02 23:46:49,-8.003,-34.854,ROUBO,BRANCA,MULHER CIS,False,False,23.0,2021,1,JANEIRO,2,SÁBADO,1,True,23.0,NOITE,ADULTO
FC-00584,ALTO JOSE DO PINHO,42.0,2022-04-03 18:00:44,-8.028,-34.883,AMEACA,PARDA,HOMEM CIS,False,False,18.0,2022,4,ABRIL,3,DOMINGO,2,True,18.0,NOITE,ADULTO
FC-00585,VARZEA,22.0,2018-11-10 04:29:54,-8.04,-34.913,OUTRO,NAO IDENTIFICADO,HOMEM CIS,False,False,4.0,2018,11,NOVEMBRO,10,SÁBADO,4,True,4.0,MADRUGADA,ADULTO
FC-00586,IBURA,46.0,2021-06-21 16:40:00,-8.082,-34.889,ROUBO,PARDA,HOMEM CIS,False,False,16.0,2021,6,JUNHO,21,SEGUNDA-FEIRA,2,False,16.0,TARDE,ADULTO
FC-00587,CORDOARIA,49.0,2024-12-20 18:50:13,-8.054,-34.868,HOMICIDIO/TENTATIVA,NAO IDENTIFICADO,HOMEM CIS,False,False,18.0,2024,12,DEZEMBRO,20,SEXTA-FEIRA,4,False,18.0,NOITE,ADULTO
FC-00588,VASCO DA GAMA,38.0,2025-06-02 02:23:29,-8.055,-34.885,DISPARO,BRANCA,HOMEM CIS,False,False,2.0,2025,6,JUNHO,2,SEGUNDA-FEIRA,2,False,2.0,MADRUGADA,ADULTO
FC-00589,CORDOARIA,27.0,2024-03-11 07:07:41,-8.061,-34.866,DISPARO,PRETA,HOMEM CIS,False,False,7.0,2024,3,MARÇO,11,SEGUNDA-FEIRA,1,False,7.0,MANHÃ,ADULTO
FC-00590,ESPINHEIRO,29.0,2024-06-12 22:32:43,-8.042,-34.866,AMEACA,PRETA,MULHER CIS,False,False,22.0,2024,6,JUNHO,12,QUARTA-FEIRA,2,False,22.0,NOITE,ADULTO
FC-00591,IBURA,30.0,2019-12-18 20:34:57,-8.077,-34.894,DISPARO,NAO IDENTIFICADO,HOMEM CIS,False,False,20.0,2019,12,DEZEMBRO,18,QUARTA-FEIRA,4,False,20.0,NOITE,ADULTO
FC-00592,CORDOARIA,32.0,2025-04-15 02:25:57,-8.06,-34.877,BRIGA,PRETA,HOMEM CIS,False,False,2.0,2025,4,ABRIL,15,TERÇA-FEIRA,2,False,2.0,MADRUGADA,ADULTO
FC-00593,JAQUEIRA,22.0,2022-04-17 23:01:18,-8.038,-34.869,TIRO,NAO IDENTIFICADO,HOMEM CIS,False,False,23.0,2022,4,ABRIL,17,DOMINGO,2,True,23.0,NOITE,ADULTO
FC-00594,MANGABEIRA,21.0,2023-05-07 01:55:51,-8.014,-34.87,DISPARO,NAO IDENTIFICADO,HOMEM CIS,False,False,1.0,2023,5,MAIO,7,DOMINGO,2,True,1.0,MADRUGADA,ADULTO
FC-00595,ALTO JOSE DO PINHO,11.0,2024-08-19 20:33:53,-8.018,-34.885,TIRO,PRETA,HOMEM CIS,False,False,20.0,2024,8,AGOSTO,19,SEGUNDA-FEIRA,3,False,20.0,NOITE,CRIANCA
FC-00596,IPUTINGA,12.0,2020-08-12 23:49:54,-8.029,-34.895,HOMICIDIO/TENTATIVA,PARDA,HOMEM CIS,True,False,23.0,2020,8,AGOSTO,12,QUARTA-FEIRA,3,False,23.0,NOITE,CRIANCA
FC-00597,IPUTINGA,36.0,2022-03-06 21:44:57,-8.024,-34.899,HOMICIDIO/TENTATIVA,PRETA,MULHER CIS,False,False,21.0,2022,3,MARÇO,6,DOMINGO,1,True,21.0,NOITE,ADULTO
FC-00598,VARZEA,31.0,2022-06-06 05:45:02,-8.035,-34.913,DISPARO,AMARELA,HOMEM CIS,False,False,5.0,2022,6,JUNHO,6,SEGUNDA-FEIRA,2,False,5.0,MADRUGADA,ADULTO
FC-00599,VARZEA,32.0,2019-01-13 22:49:09,-8.037,-34.916,DISPARO,BRANCA,HOMEM CIS,False,False,22.0,2019,1,JANEIRO,13,DOMINGO,1,True,22.0,NOITE,ADULTO
FC-00600,IPUTINGA,20.0,2021-12-10 16:18:48,-8.025,-34.893,BRIGA,PRETA,HOMEM CIS,False,False,16.0,2021,12,DEZEMBRO,10,SEXTA-FEIRA,4,False,16.0,TARDE,ADULTO
FC-00601,SANTO AMARO,52.0,2021-02-24 16:02:08,-8.058,-34.872,ROUBO,PRETA,HOMEM CIS,False,False,16.0,2021,2,FEVEREIRO,24,QUARTA-FEIRA,1,False,16.0,TARDE,ADULTO
FC-00602,IPUTINGA,11.0,2019-01-20 19:37:33,-8.033,-34.898,DISPARO,PARDA,HOMEM CIS,False,False,19.0,2019,1,JANEIRO,20,DOMINGO,1,True,19.0,NOITE,CRIANCA
FC-00603,TOTOS,33.0,2023-02-17 14:31:20,-8.036,-34.87,AMEACA,NAO IDENTIFICADO,HOMEM CIS,False,False,14.0,2023,2,FEVEREIRO,17,SEXTA-FEIRA,1,False,14.0,TARDE,ADULTO
FC-00604,JARDIM SAO PAULO,44.0,2024-06-13 14:18:22,-8.006,-34.855,HOMICIDIO/TENTATIVA,NAO IDENTIFICADO,MULHER CIS,False,False,14.0,2024,6,JUNHO,13,QUINTA-FEIRA,2,False,14.0,TARDE,ADULTO
FC-00605,CURADO,49.0,2025-08-10 04:46:57,-8.067,-34.911,DISPARO,PRETA,HOMEM CIS,False,False,4.0,2025,8,AGOSTO,10,DOMINGO,3,True,4.0,MADRUGADA,ADULTO
FC-00606,ESTACAO,19.0,2021-09-11 01:37:48,-8.059,-34.873,HOMICIDIO/TENTATIVA,PRETA,MULHER CIS,False,False,1.0,2021,9,SETEMBRO,11,SÁBADO,3,True,1.0,MADRUGADA,ADULTO
FC-00607,ESTACAO,29.0,2023-03-07 04:24:18,-8.056,-34.871,DISPARO,NAO IDENTIFICADO,MULHER CIS,False,False,4.0,2023,3,MARÇO,7,TERÇA-FEIRA,1,False,4.0,MADRUGADA,ADULTO
FC-00608,CASA AMARELA,30.0,2024-04-01 21:09:16,-8.033,-34.862,DISPARO,PRETA,HOMEM CIS,False,False,21.0,2024,4,ABRIL,1,SEGUNDA-FEIRA,2,False,21.0,NOITE,ADULTO
FC-00609,CAXANGA,32.0,2021-08-23 19:01:07,-8.024,-34.923,ROUBO,PRETA,HOMEM CIS,False,False,19.0,2021,8,AGOSTO,23,SEGUNDA-FEIRA,3,False,19.0,NOITE,ADULTO
FC-00610,ROSARINHO,46.0,2022-05-21 20:44:52,-8.04,-34.865,DISPARO,PRETA,HOMEM CIS,False,False,20.0,2022,5,MAIO,21,SÁBADO,2,True,20.0,NOITE,ADULTO
FC-00611,AFLITOS,38.0,2019-08-23 03:10:03,-8.044,-34.869,DISPARO,NAO IDENTIFICADO,HOMEM CIS,False,False,3.0,2019,8,AGOSTO,23,SEXTA-FEIRA,3,False,3.0,MADRUGADA,ADULTO
FC-00612,VASCO DA GAMA,36.0,2023-02-17 05:40:11,-8.057,-34.879,HOMICIDIO/TENTATIVA,NAO IDENTIFICADO,MULHER CIS,False,False,5.0,2023,2,FEVEREIRO,17,SEXTA-FEIRA,1,False,5.0,MADRUGADA,ADULTO
FC-00613,ESPINHEIRO,16.0,2023-05-09 20:44:23,-8.042,-34.868,AMEACA,PARDA,HOMEM CIS,False,False,20.0,2023,5,MAIO,9,TERÇA-FEIRA,2,False,20.0,NOITE,ADOLESCENTE
FC-00614,IPUTINGA,27.0,2024-07-11 22:10:06,-8.028,-34.899,HOMICIDIO/TENTATIVA,NAO IDENTIFICADO,HOMEM CIS,False,False,22.0,2024,7,JULHO,11,QUINTA-FEIRA,3,False,22.0,NOITE,ADULTO
FC-00615,NOVA DESCOBERTA,23.0,2024-09-28 18:35:44,-8.015,-34.865,TIRO,PARDA,HOMEM CIS,False,False,18.0,2024,9,SETEMBRO,28,SÁBADO,3,True,18.0,NOITE,ADULTO
FC-00616,ESTACAO,17.0,2018-06-10 20:08:52,-8.049,-34.874,HOMICIDIO/TENTATIVA,NAO IDENTIFICADO,MULHER CIS,False,False,20.0,2018,6,JUNHO,10,DOMINGO,2,True,20.0,NOITE,ADOLESCENTE
FC-00617,ALTO JOSE DO PINHO,37.0,2024-02-08 03:44:09,-8.019,-34.887,HOMICIDIO/TENTATIVA,NAO IDENTIFICADO,NAO IDENTIFICADO,False,False,3.0,2024,2,FEVEREIRO,8,QUINTA-FEIRA,1,False,3.0,MADRUGADA,ADULTO
FC-00618,COHAB,51.0,2024-02-01 21:48:27,-8.069,-34.902,TIRO,NAO IDENTIFICADO,HOMEM CIS,True,False,21.0,2024,2,FEVEREIRO,1,QUINTA-FEIRA,1,False,21.0,NOITE,ADULTO
FC-00619,IBURA,42.0,2025-01-03 12:00:48,-8.084,-34.888,DISPARO,PRETA,HOMEM CIS,False,False,12.0,2025,1,JANEIRO,3,SEXTA-FEIRA,1,False,12.0,TARDE,ADULTO
FC-00620,JARDIM SAO PAULO,26.0,2021-02-05 21:17:37,-8.004,-34.854,HOMICIDIO/TENTATIVA,BRANCA,HOMEM CIS,False,False,21.0,2021,2,FEVEREIRO,5,SEXTA-FEIRA,1,False,21.0,NOITE,ADULTO
FC-00621,CAXANGA,28.0,2018-10-25 00:13:45,-8.023,-34.918,DISPARO,PRETA,HOMEM CIS,False,False,0.0,2018,10,OUTUBRO,25,QUINTA-FEIRA,4,False,0.0,MADRUGADA,ADULTO
FC-00622,VARZEA,10.0,2025-09-28 20:23:44,-8.031,-34.92,TIRO,NAO IDENTIFICADO,HOMEM CIS,False,False,20.0,2025,9,SETEMBRO,28,DOMINGO,3,True,20.0,NOITE,CRIANCA
FC-00623,SANTO AMARO,42.0,2021-09-08 15:48:20,-8.055,-34.873,OUTRO,PARDA,HOMEM CIS,False,False,15.0,2021,9,SETEMBRO,8,QUARTA-FEIRA,3,False,15.0,TARDE,ADULTO
FC-00624,ALTO JOSE DO PINHO,25.0,2024-02-11 17:24:18,-8.023,-34.886,HOMICIDIO/TENTATIVA,NAO IDENTIFICADO,HOMEM CIS,False,False,17.0,2024,2,FEVEREIRO,11,DOMINGO,1,True,17.0,TARDE,ADULTO
FC-00625,IPUTINGA,24.0,2020-07-07 21:57:53,-8.026,-34.889,DISPARO,NAO IDENTIFICADO,NAO IDENTIFICADO,False,False,21.0,2020,7,JULHO,7,TERÇA-FEIRA,3,False,21.0,NOITE,ADULTO
FC-00626,SANTO AMARO,46.0,2019-08-17 19:05:07,-8.06,-34.871,DISPARO,AMARELA,HOMEM CIS,False,False,19.0,2019,8,AGOSTO,17,SÁBADO,3,True,19.0,NOITE,ADULTO
FC-00627,BOA VISTA,15.0,2019-06-07 13:38:54,-8.052,-34.872,ROUBO,PRETA,NAO IDENTIFICADO,False,False,13.0,2019,6,JUNHO,7,SEXTA-FEIRA,2,False,13.0,TARDE,ADOLESCENTE
FC-00628,NOVA DESCOBERTA,49.0,2024-10-09 21:51:41,-8.019,-34.867,AMEACA,NAO IDENTIFICADO,HOMEM CIS,False,False,21.0,2024,10,OUTUBRO,9,QUARTA-FEIRA,4,False,21.0,NOITE,ADULTO
FC-00629,SAN MARTIN,29.0,2020-08-04 03:31:31,-8.039,-34.88,DISPARO,NAO IDENTIFICADO,HOMEM CIS,False,False,3.0,2020,8,AGOSTO,4,TERÇA-FEIRA,3,False,3.0,MADRUGADA,ADULTO
FC-00630,COHAB,35.0,2023-03-13 19:20:09,-8.066,-34.905,HOMICIDIO/TENTATIVA,NAO IDENTIFICADO,HOMEM CIS,False,False,19.0,2023,3,MARÇO,13,SEGUNDA-FEIRA,1,False,19.0,NOITE,ADULTO
FC-00631,COHAB,36.0,2024-04-10 20:31:32,-8.065,-34.906,AMEACA,PARDA,HOMEM CIS,False,False,20.0,2024,4,ABRIL,10,QUARTA-FEIRA,2,False,20.0,NOITE,ADULTO
FC-00632,CASA AMARELA,28.0,2025-02-13 16:54:24,-8.032,-34.861,AMEACA,NAO IDENTIFICADO,HOMEM CIS,False,False,16.0,2025,2,FEVEREIRO,13,QUINTA-FEIRA,1,False,16.0,TARDE,ADULTO
FC-00633,IBURA,26.0,2023-08-14 03:45:24,-8.077,-34.89,HOMICIDIO/TENTATIVA,PARDA,HOMEM CIS,False,False,3.0,2023,8,AGOSTO,14,SEGUNDA-FEIRA,3,False,3.0,MADRUGADA,ADULTO
FC-00634,MANGABEIRA,26.0,2022-09-28 03:03:25,-8.008,-34.871,DISPARO,PRETA,HOMEM CIS,False,False,3.0,2022,9,SETEMBRO,28,QUARTA-FEIRA,3,False,3.0,MADRUGADA,ADULTO
FC-00635,GRACO,44.0,2021-01-19 01:53:23,-8.042,-34.87,BRIGA,NAO IDENTIFICADO,HOMEM CIS,False,False,1.0,2021,1,JANEIRO,19,TERÇA-FEIRA,1,False,1.0,MADRUGADA,ADULTO
FC-00636,BREJO DA GUARDEIRA,35.0,2021-06-14 13:42:15,-8.075,-34.903,DISPARO,PRETA,HOMEM CIS,False,False,13.0,2021,6,JUNHO,14,SEGUNDA-FEIRA,2,False,13.0,TARDE,ADULTO
FC-00637,IPUTINGA,15.0,2019-03-01 18:02:29,-8.028,-34.888,ROUBO,PRETA,HOMEM CIS,False,False,18.0,2019,3,MARÇO,1,SEXTA-FEIRA,1,False,18.0,NOITE,ADOLESCENTE
FC-00638,MANGABEIRA,63.0,2023-06-13 18:20:36,-8.008,-34.868,TIRO,NAO IDENTIFICADO,MULHER CIS,False,False,18.0,2023,6,JUNHO,13,TERÇA-FEIRA,2,False,18.0,NOITE,IDOSO
FC-00639,COHAB,10.0,2024-06-06 19:23:27,-8.067,-34.907,DISPARO,NAO IDENTIFICADO,HOMEM CIS,False,False,19.0,2024,6,JUNHO,6,QUINTA-FEIRA,2,False,19.0,NOITE,CRIANCA
FC-00640,CAXANGA,22.0,2020-01-10 23:25:51,-8.026,-34.921,DISPARO,PARDA,HOMEM CIS,False,False,23.0,2020,1,JANEIRO,10,SEXTA-FEIRA,1,False,23.0,NOITE,ADULTO
FC-00641,JAQUEIRA,10.0,2020-10-26 18:27:13,-8.036,-34.871,DISPARO,PRETA,HOMEM CIS,False,False,18.0,2020,10,OUTUBRO,26,SEGUNDA-FEIRA,4,False,18.0,NOITE,CRIANCA
FC-00642,SANTO AMARO,32.0,2022-04-14 15:39:32,-8.052,-34.873,DISPARO,PARDA,HOMEM CIS,False,False,15.0,2022,4,ABRIL,14,QUINTA-FEIRA,2,False,15.0,TARDE,ADULTO
FC-00643,MANGABEIRA,8.0,2020-08-07 20:52:47,-8.011,-34.867,DISPARO,PRETA,MULHER CIS,False,False,20.0,2020,8,AGOSTO,7,SEXTA-FEIRA,3,False,20.0,NOITE,CRIANCA
FC-00644,JARDIM SAO PAULO,53.0,2022-10-24 19:33:12,-8.009,-34.854,AMEACA,PRETA,HOMEM CIS,False,False,19.0,2022,10,OUTUBRO,24,SEGUNDA-FEIRA,4,False,19.0,NOITE,ADULTO
FC-00645,NOVA DESCOBERTA,24.0,2021-02-21 05:26:17,-8.015,-34.857,AMEACA,PARDA,HOMEM CIS,False,False,5.0,2021,2,FEVEREIRO,21,DOMINGO,1,True,5.0,MADRUGADA,ADULTO
FC-00646,VARZEA,11.0,2019-01-08 21:19:29,-8.034,-34.914,HOMICIDIO/TENTATIVA,NAO IDENTIFICADO,HOMEM CIS,False,False,21.0,2019,1,JANEIRO,8,TERÇA-FEIRA,1,False,21.0,NOITE,CRIANCA
FC-00647,ESTACAO,47.0,2018-05-22 18:41:54,-8.053,-34.87,HOMICIDIO/TENTATIVA,NAO IDENTIFICADO,MULHER CIS,True,False,18.0,2018,5,MAIO,22,TERÇA-FEIRA,2,False,18.0,NOITE,ADULTO
FC-00648,ALTO JOSE DO PINHO,25.0,2023-02-14 22:42:42,-8.019,-34.886,HOMICIDIO/TENTATIVA,PARDA,HOMEM CIS,False,False,22.0,2023,2,FEVEREIRO,14,TERÇA-FEIRA,1,False,22.0,NOITE,ADULTO
FC-00649,JARDIM SAO PAULO,37.0,2024-02-17 20:37:49,-8.006,-34.854,HOMICIDIO/TENTATIVA,NAO IDENTIFICADO,HOMEM CIS,False,False,20.0,2024,2,FEVEREIRO,17,SÁBADO,1,True,20.0,NOITE,ADULTO
FC-00650,ALTO JOSE DO PINHO,29.0,2021-10-24 14:47:47,-8.017,-34.885,AMEACA,PRETA,HOMEM CIS,False,False,14.0,2021,10,OUTUBRO,24,DOMINGO,4,True,14.0,TARDE,ADULTO
FC-00651,VARZEA,10.0,2021-10-02 17:23:44,-8.031,-34.918,HOMICIDIO/TENTATIVA,NAO IDENTIFICADO,HOMEM CIS,False,False,17.0,2021,10,OUTUBRO,2,SÁBADO,4,True,17.0,TARDE,CRIANCA
FC-00652,MANGABEIRA,22.0,2024-03-12 16:23:52,-8.012,-34.866,HOMICIDIO/TENTATIVA,NAO IDENTIFICADO,HOMEM CIS,False,False,16.0,2024,3,MARÇO,12,TERÇA-FEIRA,1,False,16.0,TARDE,ADULTO
FC-00653,GRACO,10.0,2025-12-26 20:16:35,-8.034,-34.867,TIRO,PARDA,HOMEM CIS,False,False,20.0,2025,12,DEZEMBRO,26,SEXTA-FEIRA,4,False,20.0,NOITE,CRIANCA
FC-00654,JAQUEIRA,32.0,2025-08-13 00:25:59,-8.038,-34.867,HOMICIDIO/TENTATIVA,PARDA,HOMEM CIS,False,False,0.0,2025,8,AGOSTO,13,QUARTA-FEIRA,3,False,0.0,MADRUGADA,ADULTO
FC-00655,IPUTINGA,39.0,2024-03-15 19:56:51,-8.026,-34.891,HOMICIDIO/TENTATIVA,PARDA,MULHER CIS,False,False,19.0,2024,3,MARÇO,15,SEXTA-FEIRA,1,False,19.0,NOITE,ADULTO
FC-00656,POCO DA PANELA,31.0,2022-12-14 22:21:45,-8.036,-34.862,AMEACA,NAO IDENTIFICADO,HOMEM CIS,False,False,22.0,2022,12,DEZEMBRO,14,QUARTA-FEIRA,4,False,22.0,NOITE,ADULTO
FC-00657,CASA AMARELA,29.0,2021-10-24 21:47:20,-8.029,-34.858,DISPARO,PRETA,MULHER CIS,False,False,21.0,2021,10,OUTUBRO,24,DOMINGO,4,True,21.0,NOITE,ADULTO
FC-00658,ESPINHEIRO,10.0,2023-01-13 05:19:20,-8.04,-34.867,DISPARO,NAO IDENTIFICADO,HOMEM CIS,False,False,5.0,2023,1,JANEIRO,13,SEXTA-FEIRA,1,False,5.0,MADRUGADA,CRIANCA
FC-00659,VARZEA,29.0,2024-10-22 15:20:28,-8.036,-34.912,AMEACA,BRANCA,HOMEM CIS,False,False,15.0,2024,10,OUTUBRO,22,TERÇA-FEIRA,4,False,15.0,TARDE,ADULTO
FC-00660,COHAB,41.0,2020-02-14 14:25:56,-8.067,-34.904,HOMICIDIO/TENTATIVA,PRETA,HOMEM CIS,False,False,14.0,2020,2,FEVEREIRO,14,SEXTA-FEIRA,1,False,14.0,TARDE,ADULTO
FC-00661,CURADO,18.0,2023-11-08 22:29:12,-8.074,-34.912,ROUBO,BRANCA,HOMEM CIS,False,False,22.0,2023,11,NOVEMBRO,8,QUARTA-FEIRA,4,False,22.0,NOITE,ADULTO
FC-00662,VARZEA,40.0,2019-06-06 22:07:00,-8.032,-34.913,HOMICIDIO/TENTATIVA,NAO IDENTIFICADO,HOMEM CIS,False,False,22.0,2019,6,JUNHO,6,QUINTA-FEIRA,2,False,22.0,NOITE,ADULTO
FC-00663,TOTOS,42.0,2020-04-07 22:52:50,-8.036,-34.867,DISPARO,PARDA,MULHER CIS,False,False,22.0,2020,4,ABRIL,7,TERÇA-FEIRA,2,False,22.0,NOITE,ADULTO
FC-00664,ALTO JOSE DO PINHO,35.0,2025-05-24 20:26:11,-8.018,-34.883,TIRO,PARDA,HOMEM CIS,False,False,20.0,2025,5,MAIO,24,SÁBADO,2,True,20.0,NOITE,ADULTO
FC-00665,IBURA,39.0,2020-10-22 19:05:00,-8.08,-34.891,DISPARO,NAO IDENTIFICADO,NAO IDENTIFICADO,False,False,19.0,2020,10,OUTUBRO,22,QUINTA-FEIRA,4,False,19.0,NOITE,ADULTO
FC-00666,IPUTINGA,42.0,2023-12-20 09:06:35,-8.028,-34.896,TIRO,PRETA,HOMEM CIS,True,False,9.0,2023,12,DEZEMBRO,20,QUARTA-FEIRA,4,False,9.0,MANHÃ,ADULTO
FC-00667,JARDIM SAO PAULO,28.0,2023-10-23 21:02:00,-8.007,-34.857,TIRO,NAO IDENTIFICADO,HOMEM CIS,False,False,21.0,2023,10,OUTUBRO,23,SEGUNDA-FEIRA,4,False,21.0,NOITE,ADULTO
FC-00668,CORDOARIA,26.0,2025-01-19 04:10:32,-8.06,-34.874,HOMICIDIO/TENTATIVA,PRETA,NAO IDENTIFICADO,False,False,4.0,2025,1,JANEIRO,19,DOMINGO,1,True,4.0,MADRUGADA,ADULTO
FC-00669,CURADO,10.0,2019-02-11 01:08:31,-8.069,-34.91,DISPARO,NAO IDENTIFICADO,HOMEM CIS,False,False,1.0,2019,2,FEVEREIRO,11,SEGUNDA-FEIRA,1,False,1.0,MADRUGADA,CRIANCA
FC-00670,NOVA DESCOBERTA,20.0,2020-05-17 12:57:10,-8.013,-34.862,ROUBO,NAO IDENTIFICADO,HOMEM CIS,False,False,12.0,2020,5,MAIO,17,DOMINGO,2,True,12.0,TARDE,ADULTO
FC-00671,TOTOS,10.0,2024-01-07 03:14:11,-8.04,-34.867,TIRO,PARDA,HOMEM CIS,True,False,3.0,2024,1,JANEIRO,7,DOMINGO,1,True,3.0,MADRUGADA,CRIANCA
FC-00672,VARZEA,18.0,2022-08-12 23:35:31,-8.033,-34.916,ROUBO,NAO IDENTIFICADO,HOMEM CIS,False,False,23.0,2022,8,AGOSTO,12,SEXTA-FEIRA,3,False,23.0,NOITE,ADULTO
FC-00673,CAXANGA,28.0,2025-03-27 04:32:52,-8.031,-34.918,HOMICIDIO/TENTATIVA,NAO IDENTIFICADO,MULHER CIS,False,False,4.0,2025,3,MARÇO,27,QUINTA-FEIRA,1,False,4.0,MADRUGADA,ADULTO
FC-00674,SANTO AMARO,15.0,2024-03-14 22:15:49,-8.058,-34.869,HOMICIDIO/TENTATIVA,AMARELA,HOMEM CIS,False,False,22.0,2024,3,MARÇO,14,QUINTA-FEIRA,1,False,22.0,NOITE,ADOLESCENTE
FC-00675,CURADO,46.0,2021-10-04 21:09:01,-8.074,-34.919,TIRO,PRETA,HOMEM CIS,False,False,21.0,2021,10,OUTUBRO,4,SEGUNDA-FEIRA,4,False,21.0,NOITE,ADULTO
FC-00676,BOA VISTA,32.0,2023-06-02 19:28:20,-8.045,-34.871,HOMICIDIO/TENTATIVA,PRETA,HOMEM CIS,False,False,19.0,2023,6,JUNHO,2,SEXTA-FEIRA,2,False,19.0,NOITE,ADULTO
FC-00677,CURADO,32.0,2024-05-11 21:47:04,-8.071,-34.908,ROUBO,NAO IDENTIFICADO,HOMEM CIS,False,False,21.0,2024,5,MAIO,11,SÁBADO,2,True,21.0,NOITE,ADULTO
FC-00678,CORDOARIA,18.0,2025-02-01 21:10:24,-8.057,-34.871,BRIGA,NAO IDENTIFICADO,HOMEM CIS,False,False,21.0,2025,2,FEVEREIRO,1,SÁBADO,1,True,21.0,NOITE,ADULTO
FC-00679,SANTO AMARO,46.0,2024-12-26 22:57:43,-8.05,-34.869,HOMICIDIO/TENTATIVA,NAO IDENTIFICADO,MULHER CIS,False,False,22.0,2024,12,DEZEMBRO,26,QUINTA-FEIRA,4,False,22.0,NOITE,ADULTO
FC-00680,SANTO AMARO,24.0,2025-08-09 18:27:05,-8.058,-34.875,DISPARO,NAO IDENTIFICADO,MULHER CIS,False,False,18.0,2025,8,AGOSTO,9,SÁBADO,3,True,18.0,NOITE,ADULTO
FC-00681,CORDOARIA,21.0,2022-08-22 06:43:45,-8.059,-34.875,HOMICIDIO/TENTATIVA,PRETA,HOMEM CIS,False,False,6.0,2022,8,AGOSTO,22,SEGUNDA-FEIRA,3,False,6.0,MANHÃ,ADULTO
FC-00682,ALTO JOSE DO PINHO,31.0,2018-08-10 03:08:43,-8.022,-34.882,DISPARO,NAO IDENTIFICADO,HOMEM CIS,False,False,3.0,2018,8,AGOSTO,10,SEXTA-FEIRA,3,False,3.0,MADRUGADA,ADULTO
FC-00683,NOVA DESCOBERTA,30.0,2025-09-04 17:26:06,-8.015,-34.866,DISPARO,PRETA,HOMEM CIS,False,False,17.0,2025,9,SETEMBRO,4,QUINTA-FEIRA,3,False,17.0,TARDE,ADULTO
FC-00684,MANGABEIRA,31.0,2022-02-24 20:11:50,-8.008,-34.873,HOMICIDIO/TENTATIVA,NAO IDENTIFICADO,HOMEM CIS,False,False,20.0,2022,2,FEVEREIRO,24,QUINTA-FEIRA,1,False,20.0,NOITE,ADULTO
FC-00685,IBURA,22.0,2024-11-15 19:16:21,-8.083,-34.896,HOMICIDIO/TENTATIVA,PRETA,HOMEM CIS,False,False,19.0,2024,11,NOVEMBRO,15,SEXTA-FEIRA,4,False,19.0,NOITE,ADULTO
FC-00686,CASA AMARELA,20.0,2020-11-04 15:01:00,-8.033,-34.857,OUTRO,NAO IDENTIFICADO,HOMEM CIS,False,False,15.0,2020,11,NOVEMBRO,4,QUARTA-FEIRA,4,False,15.0,TARDE,ADULTO
FC-00687,VARZEA,33.0,2025-10-24 17:39:52,-8.034,-34.912,ROUBO,PRETA,HOMEM CIS,False,False,17.0,2025,10,OUTUBRO,24,SEXTA-FEIRA,4,False,17.0,TARDE,ADULTO
FC-00688,BOA VISTA,30.0,2019-03-01 05:52:01,-8.049,-34.875,AMEACA,PRETA,MULHER CIS,False,False,5.0,2019,3,MARÇO,1,SEXTA-FEIRA,1,False,5.0,MADRUGADA,ADULTO
FC-00689,CAXANGA,33.0,2022-11-28 21:12:05,-8.027,-34.927,TIRO,PRETA,HOMEM CIS,False,False,21.0,2022,11,NOVEMBRO,28,SEGUNDA-FEIRA,4,False,21.0,NOITE,ADULTO
FC-00690,VARZEA,28.0,2024-08-16 16:55:28,-8.031,-34.912,ROUBO,NAO IDENTIFICADO,HOMEM CIS,False,False,16.0,2024,8,AGOSTO,16,SEXTA-FEIRA,3,False,16.0,TARDE,ADULTO
FC-00691,IPUTINGA,45.0,2019-12-14 23:54:31,-8.024,-34.893,HOMICIDIO/TENTATIVA,NAO IDENTIFICADO,MULHER CIS,False,False,23.0,2019,12,DEZEMBRO,14,SÁBADO,4,True,23.0,NOITE,ADULTO
FC-00692,AFLITOS,29.0,2022-12-20 22:57:52,-8.047,-34.873,DISPARO,NAO IDENTIFICADO,NAO IDENTIFICADO,False,False,22.0,2022,12,DEZEMBRO,20,TERÇA-FEIRA,4,False,22.0,NOITE,ADULTO
FC-00693,AFLITOS,37.0,2018-11-14 22:07:31,-8.041,-34.872,HOMICIDIO/TENTATIVA,NAO IDENTIFICADO,HOMEM CIS,False,False,22.0,2018,11,NOVEMBRO,14,QUARTA-FEIRA,4,False,22.0,NOITE,ADULTO
FC-00694,IPUTINGA,24.0,2020-06-15 07:14:37,-8.028,-34.891,HOMICIDIO/TENTATIVA,NAO IDENTIFICADO,HOMEM CIS,False,False,7.0,2020,6,JUNHO,15,SEGUNDA-FEIRA,2,False,7.0,MANHÃ,ADULTO
FC-00695,JARDIM SAO PAULO,11.0,2025-12-23 14:26:53,-8.012,-34.857,DISPARO,PRETA,MULHER CIS,False,False,14.0,2025,12,DEZEMBRO,23,TERÇA-FEIRA,4,False,14.0,TARDE,CRIANCA
FC-00696,AFLITOS,15.0,2023-05-23 21:42:30,-8.047,-34.872,AMEACA,PARDA,HOMEM CIS,False,False,21.0,2023,5,MAIO,23,TERÇA-FEIRA,2,False,21.0,NOITE,ADOLESCENTE
FC-00697,VARZEA,24.0,2022-04-07 18:01:22,-8.031,-34.914,BRIGA,PARDA,HOMEM CIS,False,False,18.0,2022,4,ABRIL,7,QUINTA-FEIRA,2,False,18.0,NOITE,ADULTO
FC-00698,SANTO AMARO,33.0,2024-06-14 02:14:07,-8.056,-34.873,DISPARO,PARDA,HOMEM CIS,False,False,2.0,2024,6,JUNHO,14,SEXTA-FEIRA,2,False,2.0,MADRUGADA,ADULTO
FC-00699,NOVA DESCOBERTA,42.0,2025-05-05 21:55:32,-8.015,-34.863,HOMICIDIO/TENTATIVA,NAO IDENTIFICADO,HOMEM CIS,False,False,21.0,2025,5,MAIO,5,SEGUNDA-FEIRA,2,False,21.0,NOITE,ADULTO
FC-00700,BOA VISTA,16.0,2024-02-04 21:39:50,-8.055,-34.873,DISPARO,NAO IDENTIFICADO,MULHER CIS,False,False,21.0,2024,2,FEVEREIRO,4,DOMINGO,1,True,21.0,NOITE,ADOLESCENTE
FC-00701,CASA AMARELA,34.0,2025-06-06 20:45:28,-8.035,-34.863,TIRO,NAO IDENTIFICADO,HOMEM CIS,False,False,20.0,2025,6,JUNHO,6,SEXTA-FEIRA,2,False,20.0,NOITE,ADULTO
FC-00702,AFLITOS,43.0,2019-04-15 23:49:49,-8.049,-34.867,HOMICIDIO/TENTATIVA,PRETA,HOMEM CIS,True,False,23.0,2019,4,ABRIL,15,SEGUNDA-FEIRA,2,False,23.0,NOITE,ADULTO
FC-00703,CASA AMARELA,19.0,2021-07-12 19:15:09,-8.03,-34.861,HOMICIDIO/TENTATIVA,NAO IDENTIFICADO,HOMEM CIS,False,False,19.0,2021,7,JULHO,12,SEGUNDA-FEIRA,3,False,19.0,NOITE,ADULTO
FC-00704,ESTACAO,37.0,2021-08-28 17:43:23,-8.055,-34.871,DISPARO,PARDA,HOMEM CIS,False,False,17.0,2021,8,AGOSTO,28,SÁBADO,3,True,17.0,TARDE,ADULTO
FC-00705,VARZEA,30.0,2019-06-13 23:10:27,-8.038,-34.913,BRIGA,PARDA,HOMEM CIS,False,False,23.0,2019,6,JUNHO,13,QUINTA-FEIRA,2,False,23.0,NOITE,ADULTO
FC-00706,IBURA,24.0,2025-12-26 20:33:18,-8.083,-34.895,DISPARO,NAO IDENTIFICADO,MULHER CIS,False,False,20.0,2025,12,DEZEMBRO,26,SEXTA-FEIRA,4,False,20.0,NOITE,ADULTO
FC-00707,SANTO AMARO,10.0,2025-01-27 10:33:39,-8.059,-34.863,TIRO,NAO IDENTIFICADO,HOMEM CIS,False,False,10.0,2025,1,JANEIRO,27,SEGUNDA-FEIRA,1,False,10.0,MANHÃ,CRIANCA
FC-00708,ESTACAO,39.0,2023-08-23 13:51:50,-8.053,-34.872,TIRO,PARDA,HOMEM CIS,False,False,13.0,2023,8,AGOSTO,23,QUARTA-FEIRA,3,False,13.0,TARDE,ADULTO
FC-00709,VARZEA,30.0,2024-12-05 17:34:18,-8.033,-34.919,HOMICIDIO/TENTATIVA,NAO IDENTIFICADO,HOMEM CIS,False,False,17.0,2024,12,DEZEMBRO,5,QUINTA-FEIRA,4,False,17.0,TARDE,ADULTO
FC-00710,MANGABEIRA,43.0,2018-09-19 09:53:49,-8.008,-34.868,HOMICIDIO/TENTATIVA,PARDA,HOMEM CIS,False,False,9.0,2018,9,SETEMBRO,19,QUARTA-FEIRA,3,False,9.0,MANHÃ,ADULTO
FC-00711,ROSARINHO,35.0,2023-06-04 01:41:07,-8.04,-34.863,DISPARO,NAO IDENTIFICADO,HOMEM CIS,False,False,1.0,2023,6,JUNHO,4,DOMINGO,2,True,1.0,MADRUGADA,ADULTO
FC-00712,ESPINHEIRO,37.0,2025-10-23 22:40:42,-8.043,-34.87,AMEACA,AMARELA,HOMEM CIS,False,False,22.0,2025,10,OUTUBRO,23,QUINTA-FEIRA,4,False,22.0,NOITE,ADULTO
FC-00713,NOVA DESCOBERTA,31.0,2023-03-23 14:47:15,-8.01,-34.869,AMEACA,PRETA,HOMEM CIS,False,False,14.0,2023,3,MARÇO,23,QUINTA-FEIRA,1,False,14.0,TARDE,ADULTO
FC-00714,BREJO DA GUARDEIRA,11.0,2023-07-03 02:27:56,-8.07,-34.9,HOMICIDIO/TENTATIVA,NAO IDENTIFICADO,MULHER CIS,False,False,2.0,2023,7,JULHO,3,SEGUNDA-FEIRA,3,False,2.0,MADRUGADA,CRIANCA
FC-00715,SAN MARTIN,32.0,2022-07-28 10:31:40,-8.039,-34.879,DISPARO,NAO IDENTIFICADO,HOMEM CIS,False,False,10.0,2022,7,JULHO,28,QUINTA-FEIRA,3,False,10.0,MANHÃ,ADULTO
FC-00716,BOA VISTA,52.0,2019-09-05 17:29:08,-8.055,-34.877,DISPARO,PRETA,MULHER CIS,False,False,17.0,2019,9,SETEMBRO,5,QUINTA-FEIRA,3,False,17.0,TARDE,ADULTO
FC-00717,CAXANGA,28.0,2024-09-12 22:07:38,-8.03,-34.921,DISPARO,NAO IDENTIFICADO,HOMEM CIS,False,False,22.0,2024,9,SETEMBRO,12,QUINTA-FEIRA,3,False,22.0,NOITE,ADULTO
FC-00718,COHAB,49.0,2021-06-10 11:01:50,-8.065,-34.904,HOMICIDIO/TENTATIVA,NAO IDENTIFICADO,HOMEM CIS,False,False,11.0,2021,6,JUNHO,10,QUINTA-FEIRA,2,False,11.0,MANHÃ,ADULTO
FC-00719,BREJO DA GUARDEIRA,14.0,2020-12-16 00:35:22,-8.072,-34.901,ROUBO,PARDA,HOMEM CIS,False,False,0.0,2020,12,DEZEMBRO,16,QUARTA-FEIRA,4,False,0.0,MADRUGADA,ADOLESCENTE
FC-00720,ESTACAO,26.0,2024-08-27 20:38:08,-8.049,-34.869,ROUBO,PRETA,HOMEM CIS,False,False,20.0,2024,8,AGOSTO,27,TERÇA-FEIRA,3,False,20.0,NOITE,ADULTO
FC-00721,VASCO DA GAMA,16.0,2024-02-26 19:39:26,-8.054,-34.879,HOMICIDIO/TENTATIVA,PRETA,HOMEM CIS,False,False,19.0,2024,2,FEVEREIRO,26,SEGUNDA-FEIRA,1,False,19.0,NOITE,ADOLESCENTE
FC-00722,CORDOARIA,43.0,2024-11-03 21:45:01,-8.053,-34.876,ROUBO,BRANCA,HOMEM CIS,False,False,21.0,2024,11,NOVEMBRO,3,DOMINGO,4,True,21.0,NOITE,ADULTO
FC-00723,TOTOS,20.0,2019-10-18 18:03:36,-8.042,-34.866,TIRO,PRETA,HOMEM CIS,False,False,18.0,2019,10,OUTUBRO,18,SEXTA-FEIRA,4,False,18.0,NOITE,ADULTO
FC-00724,SAN MARTIN,38.0,2019-01-09 21:15:53,-8.037,-34.878,BRIGA,NAO IDENTIFICADO,MULHER CIS,False,False,21.0,2019,1,JANEIRO,9,QUARTA-FEIRA,1,False,21.0,NOITE,ADULTO
FC-00725,MANGABEIRA,26.0,2023-08-28 22:21:27,-8.01,-34.873,HOMICIDIO/TENTATIVA,NAO IDENTIFICADO,HOMEM CIS,False,False,22.0,2023,8,AGOSTO,28,SEGUNDA-FEIRA,3,False,22.0,NOITE,ADULTO
FC-00726,CAXANGA,55.0,2019-03-10 03:16:49,-8.03,-34.919,HOMICIDIO/TENTATIVA,NAO IDENTIFICADO,HOMEM CIS,False,False,3.0,2019,3,MARÇO,10,DOMINGO,1,True,3.0,MADRUGADA,ADULTO
FC-00727,JAQUEIRA,54.0,2020-12-02 11:06:20,-8.038,-34.869,BRIGA,NAO IDENTIFICADO,HOMEM CIS,False,False,11.0,2020,12,DEZEMBRO,2,QUARTA-FEIRA,4,False,11.0,MANHÃ,ADULTO
FC-00728,IPUTINGA,25.0,2020-10-19 07:32:48,-8.029,-34.889,HOMICIDIO/TENTATIVA,PARDA,HOMEM CIS,False,False,7.0,2020,10,OUTUBRO,19,SEGUNDA-FEIRA,4,False,7.0,MANHÃ,ADULTO
FC-00729,COHAB,10.0,2022-07-21 07:56:01,-8.06,-34.909,DISPARO,NAO IDENTIFICADO,HOMEM CIS,False,False,7.0,2022,7,JULHO,21,QUINTA-FEIRA,3,False,7.0,MANHÃ,CRIANCA
FC-00730,BREJO DA GUARDEIRA,26.0,2019-10-14 16:54:40,-8.071,-34.898,TIRO,PARDA,HOMEM CIS,False,False,16.0,2019,10,OUTUBRO,14,SEGUNDA-FEIRA,4,False,16.0,TARDE,ADULTO
FC-00731,GRACO,10.0,2022-07-18 16:00:52,-8.042,-34.864,AMEACA,AMARELA,HOMEM CIS,False,False,16.0,2022,7,JULHO,18,SEGUNDA-FEIRA,3,False,16.0,TARDE,CRIANCA
FC-00732,VASCO DA GAMA,13.0,2025-05-20 09:43:24,-8.054,-34.882,HOMICIDIO/TENTATIVA,NAO IDENTIFICADO,HOMEM CIS,False,False,9.0,2025,5,MAIO,20,TERÇA-FEIRA,2,False,9.0,MANHÃ,ADOLESCENTE
FC-00733,VASCO DA GAMA,35.0,2024-10-03 12:25:44,-8.055,-34.882,HOMICIDIO/TENTATIVA,NAO IDENTIFICADO,HOMEM CIS,False,False,12.0,2024,10,OUTUBRO,3,QUINTA-FEIRA,4,False,12.0,TARDE,ADULTO
FC-00734,AFLITOS,32.0,2022-06-22 22:40:16,-8.04,-34.873,HOMICIDIO/TENTATIVA,PARDA,NAO IDENTIFICADO,False,False,22.0,2022,6,JUNHO,22,QUARTA-FEIRA,2,False,22.0,NOITE,ADULTO
FC-00735,SAN MARTIN,38.0,2022-10-11 00:44:08,-8.044,-34.881,HOMICIDIO/TENTATIVA,AMARELA,HOMEM CIS,False,False,0.0,2022,10,OUTUBRO,11,TERÇA-FEIRA,4,False,0.0,MADRUGADA,ADULTO
FC-00736,BREJO DA GUARDEIRA,35.0,2022-12-23 17:25:34,-8.066,-34.899,HOMICIDIO/TENTATIVA,NAO IDENTIFICADO,HOMEM CIS,False,False,17.0,2022,12,DEZEMBRO,23,SEXTA-FEIRA,4,False,17.0,TARDE,ADULTO
FC-00737,SANTO AMARO,26.0,2023-11-04 13:52:24,-8.058,-34.874,AMEACA,NAO IDENTIFICADO,HOMEM CIS,False,False,13.0,2023,11,NOVEMBRO,4,SÁBADO,4,True,13.0,TARDE,ADULTO
FC-00738,CORDOARIA,40.0,2019-06-07 16:14:47,-8.055,-34.874,OUTRO,PARDA,MULHER CIS,True,False,16.0,2019,6,JUNHO,7,SEXTA-FEIRA,2,False,16.0,TARDE,ADULTO
FC-00739,SANTO AMARO,24.0,2023-12-08 07:31:23,-8.057,-34.871,AMEACA,NAO IDENTIFICADO,HOMEM CIS,True,False,7.0,2023,12,DEZEMBRO,8,SEXTA-FEIRA,4,False,7.0,MANHÃ,ADULTO
FC-00740,CURADO,29.0,2024-07-04 21:36:32,-8.064,-34.911,HOMICIDIO/TENTATIVA,NAO IDENTIFICADO,HOMEM CIS,False,False,21.0,2024,7,JULHO,4,QUINTA-FEIRA,3,False,21.0,NOITE,ADULTO
FC-00741,VARZEA,25.0,2019-10-05 21:08:16,-8.037,-34.913,TIRO,PRETA,HOMEM CIS,False,False,21.0,2019,10,OUTUBRO,5,SÁBADO,4,True,21.0,NOITE,ADULTO
FC-00742,NOVA DESCOBERTA,27.0,2023-12-22 18:16:43,-8.017,-34.861,HOMICIDIO/TENTATIVA,PARDA,HOMEM CIS,False,False,18.0,2023,12,DEZEMBRO,22,SEXTA-FEIRA,4,False,18.0,NOITE,ADULTO
FC-00743,IBURA,47.0,2024-06-14 21:26:17,-8.084,-34.898,TIRO,PRETA,HOMEM CIS,False,False,21.0,2024,6,JUNHO,14,SEXTA-FEIRA,2,False,21.0,NOITE,ADULTO
FC-00744,SAN MARTIN,42.0,2020-05-14 18:20:00,-8.042,-34.876,ROUBO,PARDA,HOMEM CIS,False,False,18.0,2020,5,MAIO,14,QUINTA-FEIRA,2,False,18.0,NOITE,ADULTO
FC-00745,COHAB,10.0,2025-07-03 22:12:10,-8.062,-34.909,TIRO,NAO IDENTIFICADO,HOMEM CIS,False,False,22.0,2025,7,JULHO,3,QUINTA-FEIRA,3,False,22.0,NOITE,CRIANCA
FC-00746,VASCO DA GAMA,38.0,2023-11-11 21:15:06,-8.055,-34.883,AMEACA,NAO IDENTIFICADO,HOMEM CIS,False,False,21.0,2023,11,NOVEMBRO,11,SÁBADO,4,True,21.0,NOITE,ADULTO
FC-00747,IPUTINGA,25.0,2025-10-20 15:06:40,-8.026,-34.893,AMEACA,NAO IDENTIFICADO,HOMEM CIS,False,False,15.0,2025,10,OUTUBRO,20,SEGUNDA-FEIRA,4,False,15.0,TARDE,ADULTO
FC-00748,COHAB,37.0,2024-02-26 03:58:51,-8.059,-34.91,HOMICIDIO/TENTATIVA,NAO IDENTIFICADO,HOMEM CIS,False,False,3.0,2024,2,FEVEREIRO,26,SEGUNDA-FEIRA,1,False,3.0,MADRUGADA,ADULTO
FC-00749,BREJO DA GUARDEIRA,49.0,2018-07-13 02:48:26,-8.07,-34.903,HOMICIDIO/TENTATIVA,NAO IDENTIFICADO,HOMEM CIS,False,False,2.0,2018,7,JULHO,13,SEXTA-FEIRA,3,False,2.0,MADRUGADA,ADULTO
FC-00750,POCO DA PANELA,14.0,2021-10-20 02:41:43,-8.036,-34.859,DISPARO,NAO IDENTIFICADO,HOMEM CIS,False,False,2.0,2021,10,OUTUBRO,20,QUARTA-FEIRA,4,False,2.0,MADRUGADA,ADOLESCENTE
FC-00751,ALTO JOSE DO PINHO,28.0,2023-10-26 21:57:36,-8.015,-34.889,HOMICIDIO/TENTATIVA,NAO IDENTIFICADO,HOMEM CIS,False,False,21.0,2023,10,OUTUBRO,26,QUINTA-FEIRA,4,False,21.0,NOITE,ADULTO
FC-00752,NOVA DESCOBERTA,29.0,2020-01-02 03:37:27,-8.019,-34.864,DISPARO,PRETA,HOMEM CIS,False,False,3.0,2020,1,JANEIRO,2,QUINTA-FEIRA,1,False,3.0,MADRUGADA,ADULTO
FC-00753,ESPINHEIRO,40.0,2019-05-20 13:23:00,-8.043,-34.876,AMEACA,PARDA,HOMEM CIS,False,False,13.0,2019,5,MAIO,20,SEGUNDA-FEIRA,2,False,13.0,TARDE,ADULTO
FC-00754,SANTO AMARO,32.0,2024-07-12 05:12:40,-8.057,-34.869,AMEACA,NAO IDENTIFICADO,HOMEM CIS,False,False,5.0,2024,7,JULHO,12,SEXTA-FEIRA,3,False,5.0,MADRUGADA,ADULTO
FC-00755,IBURA,44.0,2022-12-11 21:36:21,-8.085,-34.89,TIRO,NAO IDENTIFICADO,HOMEM CIS,False,False,21.0,2022,12,DEZEMBRO,11,DOMINGO,4,True,21.0,NOITE,ADULTO
FC-00756,IPUTINGA,44.0,2022-01-21 06:14:29,-8.033,-34.892,ROUBO,PARDA,HOMEM CIS,False,False,6.0,2022,1,JANEIRO,21,SEXTA-FEIRA,1,False,6.0,MANHÃ,ADULTO
FC-00757,SAN MARTIN,23.0,2021-07-06 21:00:23,-8.04,-34.877,AMEACA,PARDA,HOMEM CIS,True,False,21.0,2021,7,JULHO,6,TERÇA-FEIRA,3,False,21.0,NOITE,ADULTO
FC-00758,IBURA,24.0,2023-06-02 23:12:12,-8.084,-34.892,HOMICIDIO/TENTATIVA,NAO IDENTIFICADO,HOMEM CIS,False,False,23.0,2023,6,JUNHO,2,SEXTA-FEIRA,2,False,23.0,NOITE,ADULTO
FC-00759,CURADO,16.0,2019-01-06 21:58:06,-8.073,-34.908,DISPARO,NAO IDENTIFICADO,HOMEM CIS,True,False,21.0,2019,1,JANEIRO,6,DOMINGO,1,True,21.0,NOITE,ADOLESCENTE
FC-00760,VARZEA,16.0,2020-08-08 14:23:42,-8.033,-34.914,HOMICIDIO/TENTATIVA,PARDA,HOMEM CIS,False,False,14.0,2020,8,AGOSTO,8,SÁBADO,3,True,14.0,TARDE,ADOLESCENTE
FC-00761,GRACO,15.0,2018-03-05 21:12:34,-8.045,-34.866,ROUBO,PARDA,NAO IDENTIFICADO,False,False,21.0,2018,3,MARÇO,5,SEGUNDA-FEIRA,1,False,21.0,NOITE,ADOLESCENTE
FC-00762,IPUTINGA,18.0,2024-10-07 21:18:50,-8.029,-34.892,ROUBO,PRETA,HOMEM CIS,False,False,21.0,2024,10,OUTUBRO,7,SEGUNDA-FEIRA,4,False,21.0,NOITE,ADULTO
FC-00763,IBURA,39.0,2025-08-07 20:50:30,-8.083,-34.894,ROUBO,PARDA,HOMEM CIS,False,False,20.0,2025,8,AGOSTO,7,QUINTA-FEIRA,3,False,20.0,NOITE,ADULTO
FC-00764,IBURA,47.0,2022-08-17 16:20:45,-8.077,-34.889,TIRO,PARDA,HOMEM CIS,False,False,16.0,2022,8,AGOSTO,17,QUARTA-FEIRA,3,False,16.0,TARDE,ADULTO
FC-00765,ALTO JOSE DO PINHO,33.0,2023-10-21 01:14:57,-8.022,-34.887,DISPARO,NAO IDENTIFICADO,MULHER CIS,False,False,1.0,2023,10,OUTUBRO,21,SÁBADO,4,True,1.0,MADRUGADA,ADULTO
FC-00766,NOVA DESCOBERTA,36.0,2019-06-09 18:08:48,-8.014,-34.861,DISPARO,NAO IDENTIFICADO,HOMEM CIS,False,False,18.0,2019,6,JUNHO,9,DOMINGO,2,True,18.0,NOITE,ADULTO
FC-00767,ALTO JOSE DO PINHO,37.0,2021-08-15 15:23:51,-8.025,-34.882,DISPARO,NAO IDENTIFICADO,HOMEM CIS,False,False,15.0,2021,8,AGOSTO,15,DOMINGO,3,True,15.0,TARDE,ADULTO
FC-00768,CORDOARIA,18.0,2021-02-10 21:32:34,-8.059,-34.872,TIRO,NAO IDENTIFICADO,HOMEM CIS,False,False,21.0,2021,2,FEVEREIRO,10,QUARTA-FEIRA,1,False,21.0,NOITE,ADULTO
FC-00769,NOVA DESCOBERTA,53.0,2022-06-07 20:16:19,-8.006,-34.863,DISPARO,NAO IDENTIFICADO,HOMEM CIS,False,False,20.0,2022,6,JUNHO,7,TERÇA-FEIRA,2,False,20.0,NOITE,ADULTO
FC-00770,BOA VISTA,27.0,2025-12-24 18:16:00,-8.048,-34.872,OUTRO,PRETA,HOMEM CIS,False,False,18.0,2025,12,DEZEMBRO,24,QUARTA-FEIRA,4,False,18.0,NOITE,ADULTO
FC-00771,CASA AMARELA,26.0,2023-11-01 16:32:48,-8.027,-34.859,DISPARO,NAO IDENTIFICADO,HOMEM CIS,False,False,16.0,2023,11,NOVEMBRO,1,QUARTA-FEIRA,4,False,16.0,TARDE,ADULTO
FC-00772,CORDOARIA,35.0,2022-09-25 16:52:29,-8.056,-34.872,DISPARO,PRETA,HOMEM CIS,False,False,16.0,2022,9,SETEMBRO,25,DOMINGO,3,True,16.0,TARDE,ADULTO
FC-00773,IPUTINGA,40.0,2020-08-28 18:23:08,-8.03,-34.895,TIRO,PARDA,HOMEM CIS,False,False,18.0,2020,8,AGOSTO,28,SEXTA-FEIRA,3,False,18.0,NOITE,ADULTO
FC-00774,IPUTINGA,16.0,2021-04-14 15:48:25,-8.027,-34.891,TIRO,NAO IDENTIFICADO,HOMEM CIS,False,False,15.0,2021,4,ABRIL,14,QUARTA-FEIRA,2,False,15.0,TARDE,ADOLESCENTE
FC-00775,MANGABEIRA,35.0,2025-03-11 18:51:38,-8.005,-34.87,AMEACA,NAO IDENTIFICADO,HOMEM CIS,False,False,18.0,2025,3,MARÇO,11,TERÇA-FEIRA,1,False,18.0,NOITE,ADULTO
FC-00776,CURADO,34.0,2022-04-16 02:36:28,-8.073,-34.911,DISPARO,NAO IDENTIFICADO,NAO IDENTIFICADO,False,False,2.0,2022,4,ABRIL,16,SÁBADO,2,True,2.0,MADRUGADA,ADULTO
FC-00777,COHAB,38.0,2023-08-01 04:04:58,-8.062,-34.906,HOMICIDIO/TENTATIVA,PRETA,HOMEM CIS,False,False,4.0,2023,8,AGOSTO,1,TERÇA-FEIRA,3,False,4.0,MADRUGADA,ADULTO
FC-00778,VARZEA,29.0,2021-01-06 12:58:26,-8.04,-34.916,DISPARO,NAO IDENTIFICADO,HOMEM CIS,False,False,12.0,2021,1,JANEIRO,6,QUARTA-FEIRA,1,False,12.0,TARDE,ADULTO
FC-00779,COHAB,40.0,2025-04-05 21:19:27,-8.063,-34.903,DISPARO,PRETA,HOMEM CIS,False,False,21.0,2025,4,ABRIL,5,SÁBADO,2,True,21.0,NOITE,ADULTO
FC-00780,SAN MARTIN,30.0,2022-11-15 10:00:09,-8.04,-34.88,DISPARO,BRANCA,HOMEM CIS,False,False,10.0,2022,11,NOVEMBRO,15,TERÇA-FEIRA,4,False,10.0,MANHÃ,ADULTO
FC-00781,CORDOARIA,38.0,2025-08-15 18:47:05,-8.057,-34.872,ROUBO,NAO IDENTIFICADO,HOMEM CIS,False,False,18.0,2025,8,AGOSTO,15,SEXTA-FEIRA,3,False,18.0,NOITE,ADULTO
FC-00782,JARDIM SAO PAULO,23.0,2021-03-14 08:57:39,-8.011,-34.852,AMEACA,PARDA,HOMEM CIS,False,False,8.0,2021,3,MARÇO,14,DOMINGO,1,True,8.0,MANHÃ,ADULTO
FC-00783,CORDOARIA,24.0,2023-01-08 22:10:17,-8.061,-34.871,HOMICIDIO/TENTATIVA,PRETA,HOMEM CIS,False,False,22.0,2023,1,JANEIRO,8,DOMINGO,1,True,22.0,NOITE,ADULTO
FC-00784,IPUTINGA,26.0,2020-08-14 23:35:07,-8.025,-34.891,TIRO,PRETA,MULHER CIS,False,False,23.0,2020,8,AGOSTO,14,SEXTA-FEIRA,3,False,23.0,NOITE,ADULTO
FC-00785,ESPINHEIRO,38.0,2019-04-17 01:01:04,-8.046,-34.864,DISPARO,PARDA,HOMEM CIS,False,False,1.0,2019,4,ABRIL,17,QUARTA-FEIRA,2,False,1.0,MADRUGADA,ADULTO
FC-00786,ESPINHEIRO,33.0,2021-01-09 02:58:08,-8.043,-34.868,ROUBO,PRETA,HOMEM CIS,False,False,2.0,2021,1,JANEIRO,9,SÁBADO,1,True,2.0,MADRUGADA,ADULTO
FC-00787,SAN MARTIN,10.0,2023-08-05 16:17:53,-8.039,-34.881,TIRO,NAO IDENTIFICADO,HOMEM CIS,False,False,16.0,2023,8,AGOSTO,5,SÁBADO,3,True,16.0,TARDE,CRIANCA
FC-00788,IBURA,13.0,2021-02-22 21:43:17,-8.087,-34.889,DISPARO,NAO IDENTIFICADO,HOMEM CIS,False,False,21.0,2021,2,FEVEREIRO,22,SEGUNDA-FEIRA,1,False,21.0,NOITE,ADOLESCENTE
FC-00789,VARZEA,22.0,2022-01-27 19:33:41,-8.03,-34.917,DISPARO,PARDA,HOMEM CIS,False,False,19.0,2022,1,JANEIRO,27,QUINTA-FEIRA,1,False,19.0,NOITE,ADULTO
FC-00790,CURADO,10.0,2018-07-25 05:15:23,-8.073,-34.906,HOMICIDIO/TENTATIVA,NAO IDENTIFICADO,HOMEM CIS,False,False,5.0,2018,7,JULHO,25,QUARTA-FEIRA,3,False,5.0,MADRUGADA,CRIANCA
FC-00791,COHAB,28.0,2020-11-03 06:56:06,-8.067,-34.905,HOMICIDIO/TENTATIVA,AMARELA,HOMEM CIS,False,False,6.0,2020,11,NOVEMBRO,3,TERÇA-FEIRA,4,False,6.0,MANHÃ,ADULTO
FC-00792,SANTO AMARO,36.0,2024-06-18 19:39:13,-8.055,-34.866,DISPARO,NAO IDENTIFICADO,HOMEM CIS,False,False,19.0,2024,6,JUNHO,18,TERÇA-FEIRA,2,False,19.0,NOITE,ADULTO
FC-00793,JARDIM SAO PAULO,25.0,2019-07-21 12:24:13,-8.009,-34.856,DISPARO,NAO IDENTIFICADO,HOMEM CIS,False,False,12.0,2019,7,JULHO,21,DOMINGO,3,True,12.0,TARDE,ADULTO
FC-00794,SANTO AMARO,33.0,2025-07-10 21:31:06,-8.061,-34.873,HOMICIDIO/TENTATIVA,PRETA,HOMEM CIS,False,False,21.0,2025,7,JULHO,10,QUINTA-FEIRA,3,False,21.0,NOITE,ADULTO
FC-00795,ROSARINHO,36.0,2023-11-23 14:59:49,-8.04,-34.865,BRIGA,NAO IDENTIFICADO,MULHER CIS,False,False,14.0,2023,11,NOVEMBRO,23,QUINTA-FEIRA,4,False,14.0,TARDE,ADULTO
FC-00796,VARZEA,20.0,2023-02-11 00:58:37,-8.036,-34.918,BRIGA,PRETA,HOMEM CIS,False,False,0.0,2023,2,FEVEREIRO,11,SÁBADO,1,True,0.0,MADRUGADA,ADULTO
FC-00797,VASCO DA GAMA,40.0,2020-10-25 22:19:15,-8.052,-34.886,OUTRO,PRETA,HOMEM CIS,False,False,22.0,2020,10,OUTUBRO,25,DOMINGO,4,True,22.0,NOITE,ADULTO
FC-00798,NOVA DESCOBERTA,18.0,2020-07-07 19:15:59,-8.019,-34.867,DISPARO,NAO IDENTIFICADO,HOMEM CIS,False,False,19.0,2020,7,JULHO,7,TERÇA-FEIRA,3,False,19.0,NOITE,ADULTO
FC-00799,SAN MARTIN,30.0,2024-01-17 21:26:41,-8.044,-34.881,HOMICIDIO/TENTATIVA,NAO IDENTIFICADO,MULHER CIS,False,False,21.0,2024,1,JANEIRO,17,QUARTA-FEIRA,1,False,21.0,NOITE,ADULTO
FC-00800,IBURA,17.0,2022-11-08 21:44:46,-8.081,-34.892,HOMICIDIO/TENTATIVA,NAO IDENTIFICADO,MULHER CIS,False,False,21.0,2022,11,NOVEMBRO,8,TERÇA-FEIRA,4,False,21.0,NOITE,ADOLESCENTE
FC-00801,CORDOARIA,21.0,2025-02-07 01:09:13,-8.057,-34.875,HOMICIDIO/TENTATIVA,NAO IDENTIFICADO,HOMEM CIS,False,False,1.0,2025,2,FEVEREIRO,7,SEXTA-FEIRA,1,False,1.0,MADRUGADA,ADULTO
FC-00802,BREJO DA GUARDEIRA,28.0,2018-12-15 12:46:12,-8.065,-34.896,HOMICIDIO/TENTATIVA,BRANCA,MULHER CIS,False,False,12.0,2018,12,DEZEMBRO,15,SÁBADO,4,True,12.0,TARDE,ADULTO
FC-00803,BREJO DA GUARDEIRA,14.0,2020-08-03 23:23:25,-8.068,-34.898,BRIGA,PRETA,HOMEM CIS,False,False,23.0,2020,8,AGOSTO,3,SEGUNDA-FEIRA,3,False,23.0,NOITE,ADOLESCENTE
FC-00804,SAN MARTIN,16.0,2024-08-01 21:27:54,-8.038,-34.873,AMEACA,PRETA,HOMEM CIS,False,False,21.0,2024,8,AGOSTO,1,QUINTA-FEIRA,3,False,21.0,NOITE,ADOLESCENTE
FC-00805,JARDIM SAO PAULO,16.0,2020-08-10 16:24:35,-8.008,-34.852,TIRO,NAO IDENTIFICADO,HOMEM CIS,False,False,16.0,2020,8,AGOSTO,10,SEGUNDA-FEIRA,3,False,16.0,TARDE,ADOLESCENTE
FC-00806,IPUTINGA,33.0,2018-09-24 20:31:25,-8.026,-34.892,ROUBO,NAO IDENTIFICADO,HOMEM CIS,False,False,20.0,2018,9,SETEMBRO,24,SEGUNDA-FEIRA,3,False,20.0,NOITE,ADULTO
FC-00807,CORDOARIA,34.0,2025-02-14 22:58:07,-8.062,-34.87,HOMICIDIO/TENTATIVA,NAO IDENTIFICADO,HOMEM CIS,False,False,22.0,2025,2,FEVEREIRO,14,SEXTA-FEIRA,1,False,22.0,NOITE,ADULTO
FC-00808,VARZEA,44.0,2024-06-17 20:40:44,-8.036,-34.915,AMEACA,BRANCA,HOMEM CIS,False,False,20.0,2024,6,JUNHO,17,SEGUNDA-FEIRA,2,False,20.0,NOITE,ADULTO
FC-00809,SANTO AMARO,10.0,2018-06-21 20:01:44,-8.056,-34.868,HOMICIDIO/TENTATIVA,PRETA,MULHER CIS,False,False,20.0,2018,6,JUNHO,21,QUINTA-FEIRA,2,False,20.0,NOITE,CRIANCA
FC-00810,NOVA DESCOBERTA,29.0,2023-11-27 04:07:49,-8.012,-34.866,HOMICIDIO/TENTATIVA,PRETA,HOMEM CIS,False,False,4.0,2023,11,NOVEMBRO,27,SEGUNDA-FEIRA,4,False,4.0,MADRUGADA,ADULTO
FC-00811,JARDIM SAO PAULO,36.0,2022-04-14 04:27:16,-8.008,-34.855,ROUBO,PRETA,HOMEM CIS,False,False,4.0,2022,4,ABRIL,14,QUINTA-FEIRA,2,False,4.0,MADRUGADA,ADULTO
FC-00812,GRACO,27.0,2021-12-28 02:40:36,-8.042,-34.871,HOMICIDIO/TENTATIVA,NAO IDENTIFICADO,HOMEM CIS,False,False,2.0,2021,12,DEZEMBRO,28,TERÇA-FEIRA,4,False,2.0,MADRUGADA,ADULTO
FC-00813,CASA AMARELA,28.0,2023-01-06 21:00:06,-8.03,-34.861,TIRO,NAO IDENTIFICADO,HOMEM CIS,False,False,21.0,2023,1,JANEIRO,6,SEXTA-FEIRA,1,False,21.0,NOITE,ADULTO
FC-00814,ESTACAO,10.0,2019-03-23 03:31:11,-8.048,-34.867,DISPARO,NAO IDENTIFICADO,HOMEM CIS,False,False,3.0,2019,3,MARÇO,23,SÁBADO,1,True,3.0,MADRUGADA,CRIANCA
FC-00815,SAN MARTIN,14.0,2020-04-09 23:55:26,-8.038,-34.88,HOMICIDIO/TENTATIVA,NAO IDENTIFICADO,HOMEM CIS,False,False,23.0,2020,4,ABRIL,9,QUINTA-FEIRA,2,False,23.0,NOITE,ADOLESCENTE
FC-00816,VASCO DA GAMA,35.0,2021-05-03 13:37:15,-8.054,-34.881,HOMICIDIO/TENTATIVA,NAO IDENTIFICADO,MULHER CIS,False,False,13.0,2021,5,MAIO,3,SEGUNDA-FEIRA,2,False,13.0,TARDE,ADULTO
FC-00817,ESPINHEIRO,20.0,2023-01-04 06:50:00,-8.044,-34.871,BRIGA,NAO IDENTIFICADO,HOMEM CIS,False,False,6.0,2023,1,JANEIRO,4,QUARTA-FEIRA,1,False,6.0,MANHÃ,ADULTO
FC-00818,ROSARINHO,20.0,2021-07-11 14:56:21,-8.04,-34.867,DISPARO,BRANCA,HOMEM CIS,False,False,14.0,2021,7,JULHO,11,DOMINGO,3,True,14.0,TARDE,ADULTO
FC-00819,NOVA DESCOBERTA,38.0,2025-06-26 02:29:55,-8.011,-34.867,TIRO,NAO IDENTIFICADO,HOMEM CIS,False,False,2.0,2025,6,JUNHO,26,QUINTA-FEIRA,2,False,2.0,MADRUGADA,ADULTO
FC-00820,CAXANGA,35.0,2022-12-25 21:23:28,-8.024,-34.919,HOMICIDIO/TENTATIVA,NAO IDENTIFICADO,MULHER CIS,False,False,21.0,2022,12,DEZEMBRO,25,DOMINGO,4,True,21.0,NOITE,ADULTO
FC-00821,CURADO,30.0,2023-06-01 19:55:02,-8.068,-34.909,HOMICIDIO/TENTATIVA,PRETA,HOMEM CIS,False,False,19.0,2023,6,JUNHO,1,QUINTA-FEIRA,2,False,19.0,NOITE,ADULTO
FC-00822,IPUTINGA,15.0,2023-02-12 15:59:59,-8.025,-34.89,DISPARO,PRETA,HOMEM CIS,False,False,15.0,2023,2,FEVEREIRO,12,DOMINGO,1,True,15.0,TARDE,ADOLESCENTE
FC-00823,CAXANGA,21.0,2020-03-28 17:36:50,-8.025,-34.918,HOMICIDIO/TENTATIVA,PRETA,MULHER CIS,False,False,17.0,2020,3,MARÇO,28,SÁBADO,1,True,17.0,TARDE,ADULTO
FC-00824,IBURA,27.0,2025-08-06 22:07:30,-8.079,-34.885,AMEACA,NAO IDENTIFICADO,HOMEM CIS,False,False,22.0,2025,8,AGOSTO,6,QUARTA-FEIRA,3,False,22.0,NOITE,ADULTO
FC-00825,NOVA DESCOBERTA,20.0,2019-12-01 04:59:20,-8.019,-34.864,TIRO,BRANCA,HOMEM CIS,False,False,4.0,2019,12,DEZEMBRO,1,DOMINGO,4,True,4.0,MADRUGADA,ADULTO
FC-00826,NOVA DESCOBERTA,38.0,2023-11-05 22:40:46,-8.016,-34.861,BRIGA,PRETA,HOMEM CIS,False,False,22.0,2023,11,NOVEMBRO,5,DOMINGO,4,True,22.0,NOITE,ADULTO
FC-00827,BOA VISTA,13.0,2023-11-11 14:45:47,-8.048,-34.877,AMEACA,BRANCA,MULHER CIS,False,False,14.0,2023,11,NOVEMBRO,11,SÁBADO,4,True,14.0,TARDE,ADOLESCENTE
FC-00828,SANTO AMARO,50.0,2020-05-04 11:07:05,-8.052,-34.872,DISPARO,BRANCA,HOMEM CIS,False,False,11.0,2020,5,MAIO,4,SEGUNDA-FEIRA,2,False,11.0,MANHÃ,ADULTO
FC-00829,JARDIM SAO PAULO,23.0,2024-07-19 21:19:03,-8.002,-34.856,DISPARO,NAO IDENTIFICADO,HOMEM CIS,False,False,21.0,2024,7,JULHO,19,SEXTA-FEIRA,3,False,21.0,NOITE,ADULTO
FC-00830,CAXANGA,27.0,2023-03-17 20:37:14,-8.025,-34.926,DISPARO,NAO IDENTIFICADO,NAO IDENTIFICADO,False,False,20.0,2023,3,MARÇO,17,SEXTA-FEIRA,1,False,20.0,NOITE,ADULTO
FC-00831,MANGABEIRA,29.0,2024-08-22 16:38:18,-8.012,-34.871,BRIGA,NAO IDENTIFICADO,HOMEM CIS,False,False,16.0,2024,8,AGOSTO,22,QUINTA-FEIRA,3,False,16.0,TARDE,ADULTO
FC-00832,CAXANGA,52.0,2022-12-04 10:54:45,-8.029,-34.918,HOMICIDIO/TENTATIVA,NAO IDENTIFICADO,MULHER CIS,False,False,10.0,2022,12,DEZEMBRO,4,DOMINGO,4,True,10.0,MANHÃ,ADULTO
FC-00833,CAXANGA,26.0,2025-06-05 21:13:54,-8.026,-34.918,DISPARO,PRETA,HOMEM CIS,False,False,21.0,2025,6,JUNHO,5,QUINTA-FEIRA,2,False,21.0,NOITE,ADULTO
FC-00834,NOVA DESCOBERTA,34.0,2024-12-13 11:52:42,-8.013,-34.862,AMEACA,BRANCA,HOMEM CIS,False,False,11.0,2024,12,DEZEMBRO,13,SEXTA-FEIRA,4,False,11.0,MANHÃ,ADULTO
FC-00835,ROSARINHO,26.0,2025-07-13 02:46:18,-8.042,-34.868,TIRO,NAO IDENTIFICADO,HOMEM CIS,False,False,2.0,2025,7,JULHO,13,DOMINGO,3,True,2.0,MADRUGADA,ADULTO
FC-00836,VARZEA,20.0,2024-10-28 21:54:59,-8.026,-34.911,HOMICIDIO/TENTATIVA,NAO IDENTIFICADO,MULHER CIS,False,False,21.0,2024,10,OUTUBRO,28,SEGUNDA-FEIRA,4,False,21.0,NOITE,ADULTO
FC-00837,SANTO AMARO,13.0,2025-04-07 21:12:47,-8.062,-34.869,DISPARO,NAO IDENTIFICADO,HOMEM CIS,False,False,21.0,2025,4,ABRIL,7,SEGUNDA-FEIRA,2,False,21.0,NOITE,ADOLESCENTE
FC-00838,AFLITOS,36.0,2019-07-22 21:59:03,-8.043,-34.873,OUTRO,PRETA,HOMEM CIS,False,False,21.0,2019,7,JULHO,22,SEGUNDA-FEIRA,3,False,21.0,NOITE,ADULTO
FC-00839,SAN MARTIN,30.0,2021-07-05 19:25:15,-8.039,-34.878,DISPARO,NAO IDENTIFICADO,MULHER CIS,True,False,19.0,2021,7,JULHO,5,SEGUNDA-FEIRA,3,False,19.0,NOITE,ADULTO
FC-00840,CORDOARIA,10.0,2024-12-26 20:05:49,-8.059,-34.876,HOMICIDIO/TENTATIVA,PRETA,HOMEM CIS,False,False,20.0,2024,12,DEZEMBRO,26,QUINTA-FEIRA,4,False,20.0,NOITE,CRIANCA
FC-00841,SANTO AMARO,32.0,2019-02-04 17:42:58,-8.049,-34.869,DISPARO,PRETA,HOMEM CIS,False,False,17.0,2019,2,FEVEREIRO,4,SEGUNDA-FEIRA,1,False,17.0,TARDE,ADULTO
FC-00842,BREJO DA GUARDEIRA,24.0,2019-10-06 14:41:44,-8.067,-34.899,TIRO,NAO IDENTIFICADO,NAO IDENTIFICADO,False,False,14.0,2019,10,OUTUBRO,6,DOMINGO,4,True,14.0,TARDE,ADULTO
FC-00843,COHAB,35.0,2022-07-27 20:25:35,-8.063,-34.899,ROUBO,PRETA,HOMEM CIS,False,False,20.0,2022,7,JULHO,27,QUARTA-FEIRA,3,False,20.0,NOITE,ADULTO
FC-00844,CASA AMARELA,16.0,2023-11-04 21:13:42,-8.031,-34.863,DISPARO,NAO IDENTIFICADO,HOMEM CIS,False,False,21.0,2023,11,NOVEMBRO,4,SÁBADO,4,True,21.0,NOITE,ADOLESCENTE
FC-00845,CAXANGA,36.0,2021-01-05 18:41:10,-8.028,-34.921,DISPARO,NAO IDENTIFICADO,HOMEM CIS,False,False,18.0,2021,1,JANEIRO,5,TERÇA-FEIRA,1,False,18.0,NOITE,ADULTO
FC-00846,CAXANGA,26.0,2021-09-06 15:42:00,-8.022,-34.917,DISPARO,BRANCA,HOMEM CIS,False,False,15.0,2021,9,SETEMBRO,6,SEGUNDA-FEIRA,3,False,15.0,TARDE,ADULTO
FC-00847,JAQUEIRA,15.0,2022-10-16 20:33:58,-8.038,-34.87,TIRO,PARDA,HOMEM CIS,False,False,20.0,2022,10,OUTUBRO,16,DOMINGO,4,True,20.0,NOITE,ADOLESCENTE
FC-00848,BREJO DA GUARDEIRA,14.0,2018-01-07 03:54:53,-8.071,-34.901,TIRO,PRETA,HOMEM CIS,False,False,3.0,2018,1,JANEIRO,7,DOMINGO,1,True,3.0,MADRUGADA,ADOLESCENTE
FC-00849,BREJO DA GUARDEIRA,59.0,2023-02-18 09:24:41,-8.069,-34.904,HOMICIDIO/TENTATIVA,NAO IDENTIFICADO,HOMEM CIS,False,False,9.0,2023,2,FEVEREIRO,18,SÁBADO,1,True,9.0,MANHÃ,ADULTO
FC-00850,SAN MARTIN,24.0,2019-04-03 19:17:40,-8.037,-34.872,BRIGA,PRETA,MULHER CIS,False,False,19.0,2019,4,ABRIL,3,QUARTA-FEIRA,2,False,19.0,NOITE,ADULTO
FC-00851,AFLITOS,10.0,2019-03-11 23:27:24,-8.051,-34.866,DISPARO,PRETA,HOMEM CIS,True,False,23.0,2019,3,MARÇO,11,SEGUNDA-FEIRA,1,False,23.0,NOITE,CRIANCA
FC-00852,NOVA DESCOBERTA,34.0,2021-06-21 02:58:21,-8.018,-34.863,TIRO,NAO IDENTIFICADO,HOMEM CIS,False,False,2.0,2021,6,JUNHO,21,SEGUNDA-FEIRA,2,False,2.0,MADRUGADA,ADULTO
FC-00853,CURADO,10.0,2025-07-04 21:07:11,-8.07,-34.909,DISPARO,NAO IDENTIFICADO,HOMEM CIS,False,False,21.0,2025,7,JULHO,4,SEXTA-FEIRA,3,False,21.0,NOITE,CRIANCA
FC-00854,IPUTINGA,44.0,2023-05-18 10:06:57,-8.031,-34.893,DISPARO,NAO IDENTIFICADO,MULHER CIS,True,False,10.0,2023,5,MAIO,18,QUINTA-FEIRA,2,False,10.0,MANHÃ,ADULTO
FC-00855,JAQUEIRA,18.0,2025-09-18 19:54:25,-8.037,-34.871,TIRO,NAO IDENTIFICADO,HOMEM CIS,False,False,19.0,2025,9,SETEMBRO,18,QUINTA-FEIRA,3,False,19.0,NOITE,ADULTO
FC-00856,NOVA DESCOBERTA,25.0,2019-10-24 10:58:46,-8.018,-34.863,TIRO,PRETA,HOMEM CIS,False,False,10.0,2019,10,OUTUBRO,24,QUINTA-FEIRA,4,False,10.0,MANHÃ,ADULTO
FC-00857,BOA VISTA,40.0,2020-06-26 16:18:17,-8.051,-34.875,TIRO,PRETA,HOMEM CIS,False,False,16.0,2020,6,JUNHO,26,SEXTA-FEIRA,2,False,16.0,TARDE,ADULTO
FC-00858,JARDIM SAO PAULO,11.0,2024-05-14 21:54:05,-8.006,-34.855,HOMICIDIO/TENTATIVA,PARDA,MULHER CIS,False,False,21.0,2024,5,MAIO,14,TERÇA-FEIRA,2,False,21.0,NOITE,CRIANCA
FC-00859,AFLITOS,68.0,2024-09-16 21:00:27,-8.048,-34.868,HOMICIDIO/TENTATIVA,NAO IDENTIFICADO,MULHER CIS,False,False,21.0,2024,9,SETEMBRO,16,SEGUNDA-FEIRA,3,False,21.0,NOITE,IDOSO
FC-00860,AFLITOS,41.0,2025-12-04 15:39:12,-8.044,-34.867,OUTRO,NAO IDENTIFICADO,HOMEM CIS,False,False,15.0,2025,12,DEZEMBRO,4,QUINTA-FEIRA,4,False,15.0,TARDE,ADULTO
FC-00861,IBURA,34.0,2025-11-27 23:33:43,-8.081,-34.892,HOMICIDIO/TENTATIVA,NAO IDENTIFICADO,HOMEM CIS,False,False,23.0,2025,11,NOVEMBRO,27,QUINTA-FEIRA,4,False,23.0,NOITE,ADULTO
FC-00862,SAN MARTIN,44.0,2025-03-03 14:08:32,-8.037,-34.88,AMEACA,BRANCA,HOMEM CIS,False,False,14.0,2025,3,MARÇO,3,SEGUNDA-FEIRA,1,False,14.0,TARDE,ADULTO
FC-00863,ESTACAO,14.0,2025-04-27 18:49:54,-8.054,-34.873,HOMICIDIO/TENTATIVA,NAO IDENTIFICADO,HOMEM CIS,False,False,18.0,2025,4,ABRIL,27,DOMINGO,2,True,18.0,NOITE,ADOLESCENTE
FC-00864,ALTO JOSE DO PINHO,29.0,2021-05-21 17:57:02,-8.016,-34.886,TIRO,NAO IDENTIFICADO,HOMEM CIS,False,False,17.0,2021,5,MAIO,21,SEXTA-FEIRA,2,False,17.0,TARDE,ADULTO
FC-00865,BREJO DA GUARDEIRA,29.0,2021-06-04 00:56:46,-8.07,-34.897,TIRO,NAO IDENTIFICADO,HOMEM CIS,False,False,0.0,2021,6,JUNHO,4,SEXTA-FEIRA,2,False,0.0,MADRUGADA,ADULTO
FC-00866,IBURA,10.0,2025-07-04 22:00:09,-8.084,-34.891,DISPARO,NAO IDENTIFICADO,HOMEM CIS,False,False,22.0,2025,7,JULHO,4,SEXTA-FEIRA,3,False,22.0,NOITE,CRIANCA
FC-00867,NOVA DESCOBERTA,44.0,2020-05-04 23:42:53,-8.016,-34.871,DISPARO,NAO IDENTIFICADO,HOMEM CIS,False,False,23.0,2020,5,MAIO,4,SEGUNDA-FEIRA,2,False,23.0,NOITE,ADULTO
FC-00868,IPUTINGA,37.0,2020-04-10 01:25:26,-8.03,-34.897,ROUBO,NAO IDENTIFICADO,HOMEM CIS,False,False,1.0,2020,4,ABRIL,10,SEXTA-FEIRA,2,False,1.0,MADRUGADA,ADULTO
FC-00869,IBURA,22.0,2025-02-14 17:31:51,-8.083,-34.894,BRIGA,BRANCA,HOMEM CIS,False,False,17.0,2025,2,FEVEREIRO,14,SEXTA-FEIRA,1,False,17.0,TARDE,ADULTO
FC-00870,IPUTINGA,10.0,2025-07-05 02:06:50,-8.025,-34.889,DISPARO,PARDA,HOMEM CIS,True,False,2.0,2025,7,JULHO,5,SÁBADO,3,True,2.0,MADRUGADA,CRIANCA
FC-00871,IPUTINGA,37.0,2024-07-20 21:27:30,-8.031,-34.894,HOMICIDIO/TENTATIVA,PRETA,HOMEM CIS,False,False,21.0,2024,7,JULHO,20,SÁBADO,3,True,21.0,NOITE,ADULTO
FC-00872,COHAB,29.0,2020-05-25 02:16:44,-8.063,-34.903,TIRO,PRETA,HOMEM CIS,False,False,2.0,2020,5,MAIO,25,SEGUNDA-FEIRA,2,False,2.0,MADRUGADA,ADULTO
FC-00873,ESTACAO,21.0,2024-10-06 04:54:37,-8.053,-34.87,HOMICIDIO/TENTATIVA,PARDA,HOMEM CIS,False,False,4.0,2024,10,OUTUBRO,6,DOMINGO,4,True,4.0,MADRUGADA,ADULTO
FC-00874,NOVA DESCOBERTA,47.0,2025-07-01 19:05:55,-8.013,-34.863,OUTRO,NAO IDENTIFICADO,HOMEM CIS,True,False,19.0,2025,7,JULHO,1,TERÇA-FEIRA,3,False,19.0,NOITE,ADULTO
FC-00875,ALTO JOSE DO PINHO,31.0,2021-01-17 15:03:19,-8.016,-34.884,HOMICIDIO/TENTATIVA,AMARELA,HOMEM CIS,False,False,15.0,2021,1,JANEIRO,17,DOMINGO,1,True,15.0,TARDE,ADULTO
FC-00876,NOVA DESCOBERTA,19.0,2018-01-01 01:47:20,-8.011,-34.863,HOMICIDIO/TENTATIVA,NAO IDENTIFICADO,HOMEM CIS,False,False,1.0,2018,1,JANEIRO,1,SEGUNDA-FEIRA,1,False,1.0,MADRUGADA,ADULTO
FC-00877,NOVA DESCOBERTA,24.0,2022-06-10 02:42:00,-8.016,-34.864,HOMICIDIO/TENTATIVA,NAO IDENTIFICADO,HOMEM CIS,False,False,2.0,2022,6,JUNHO,10,SEXTA-FEIRA,2,False,2.0,MADRUGADA,ADULTO
FC-00878,CAXANGA,35.0,2024-09-20 14:41:17,-8.024,-34.919,DISPARO,PRETA,HOMEM CIS,False,False,14.0,2024,9,SETEMBRO,20,SEXTA-FEIRA,3,False,14.0,TARDE,ADULTO
FC-00879,COHAB,50.0,2018-11-27 05:45:28,-8.062,-34.904,TIRO,PRETA,HOMEM CIS,False,False,5.0,2018,11,NOVEMBRO,27,TERÇA-FEIRA,4,False,5.0,MADRUGADA,ADULTO
FC-00880,JARDIM SAO PAULO,41.0,2024-09-24 03:08:12,-8.008,-34.854,DISPARO,NAO IDENTIFICADO,HOMEM CIS,False,False,3.0,2024,9,SETEMBRO,24,TERÇA-FEIRA,3,False,3.0,MADRUGADA,ADULTO
FC-00881,NOVA DESCOBERTA,57.0,2025-06-15 19:07:58,-8.016,-34.868,ROUBO,PARDA,MULHER CIS,False,False,19.0,2025,6,JUNHO,15,DOMINGO,2,True,19.0,NOITE,ADULTO
FC-00882,ESTACAO,22.0,2023-12-05 11:36:03,-8.056,-34.873,HOMICIDIO/TENTATIVA,NAO IDENTIFICADO,MULHER CIS,False,False,11.0,2023,12,DEZEMBRO,5,TERÇA-FEIRA,4,False,11.0,MANHÃ,ADULTO
FC-00883,VARZEA,25.0,2022-02-06 15:32:24,-8.039,-34.915,DISPARO,NAO IDENTIFICADO,HOMEM CIS,False,False,15.0,2022,2,FEVEREIRO,6,DOMINGO,1,True,15.0,TARDE,ADULTO
FC-00884,ESTACAO,40.0,2020-12-01 21:50:32,-8.056,-34.866,HOMICIDIO/TENTATIVA,NAO IDENTIFICADO,HOMEM CIS,False,False,21.0,2020,12,DEZEMBRO,1,TERÇA-FEIRA,4,False,21.0,NOITE,ADULTO
FC-00885,AFLITOS,36.0,2020-02-06 06:34:15,-8.042,-34.874,HOMICIDIO/TENTATIVA,PARDA,HOMEM CIS,False,False,6.0,2020,2,FEVEREIRO,6,QUINTA-FEIRA,1,False,6.0,MANHÃ,ADULTO
FC-00886,VARZEA,43.0,2024-11-08 23:13:34,-8.038,-34.912,HOMICIDIO/TENTATIVA,BRANCA,MULHER CIS,False,False,23.0,2024,11,NOVEMBRO,8,SEXTA-FEIRA,4,False,23.0,NOITE,ADULTO
FC-00887,IPUTINGA,32.0,2023-09-09 20:26:57,-8.026,-34.897,HOMICIDIO/TENTATIVA,NAO IDENTIFICADO,HOMEM CIS,False,False,20.0,2023,9,SETEMBRO,9,SÁBADO,3,True,20.0,NOITE,ADULTO
FC-00888,ROSARINHO,19.0,2024-05-06 09:01:34,-8.038,-34.868,DISPARO,NAO IDENTIFICADO,HOMEM CIS,False,False,9.0,2024,5,MAIO,6,SEGUNDA-FEIRA,2,False,9.0,MANHÃ,ADULTO
FC-00889,TOTOS,35.0,2021-11-09 21:40:38,-8.042,-34.862,TIRO,NAO IDENTIFICADO,HOMEM CIS,False,False,21.0,2021,11,NOVEMBRO,9,TERÇA-FEIRA,4,False,21.0,NOITE,ADULTO
FC-00890,SAN MARTIN,15.0,2024-07-05 16:46:46,-8.038,-34.876,TIRO,NAO IDENTIFICADO,HOMEM CIS,False,False,16.0,2024,7,JULHO,5,SEXTA-FEIRA,3,False,16.0,TARDE,ADOLESCENTE
FC-00891,CURADO,21.0,2025-04-19 17:46:11,-8.068,-34.909,HOMICIDIO/TENTATIVA,NAO IDENTIFICADO,HOMEM CIS,False,False,17.0,2025,4,ABRIL,19,SÁBADO,2,True,17.0,TARDE,ADULTO
FC-00892,IPUTINGA,24.0,2020-03-03 15:29:58,-8.031,-34.899,TIRO,PARDA,MULHER CIS,False,False,15.0,2020,3,MARÇO,3,TERÇA-FEIRA,1,False,15.0,TARDE,ADULTO
FC-00893,COHAB,34.0,2023-07-13 00:52:00,-8.07,-34.905,AMEACA,PRETA,HOMEM CIS,False,False,0.0,2023,7,JULHO,13,QUINTA-FEIRA,3,False,0.0,MADRUGADA,ADULTO
FC-00894,JARDIM SAO PAULO,26.0,2025-10-01 21:00:50,-8.003,-34.856,HOMICIDIO/TENTATIVA,PARDA,HOMEM CIS,False,False,21.0,2025,10,OUTUBRO,1,QUARTA-FEIRA,4,False,21.0,NOITE,ADULTO
FC-00895,CASA AMARELA,27.0,2024-08-27 04:21:30,-8.03,-34.859,HOMICIDIO/TENTATIVA,NAO IDENTIFICADO,MULHER CIS,False,False,4.0,2024,8,AGOSTO,27,TERÇA-FEIRA,3,False,4.0,MADRUGADA,ADULTO
FC-00896,MANGABEIRA,33.0,2018-09-10 02:56:53,-8.009,-34.875,HOMICIDIO/TENTATIVA,NAO IDENTIFICADO,HOMEM CIS,False,False,2.0,2018,9,SETEMBRO,10,SEGUNDA-FEIRA,3,False,2.0,MADRUGADA,ADULTO
FC-00897,JARDIM SAO PAULO,39.0,2023-04-22 14:56:45,-8.003,-34.858,HOMICIDIO/TENTATIVA,NAO IDENTIFICADO,HOMEM CIS,False,False,14.0,2023,4,ABRIL,22,SÁBADO,2,True,14.0,TARDE,ADULTO
FC-00898,ALTO JOSE DO PINHO,25.0,2020-02-20 13:23:59,-8.02,-34.885,BRIGA,NAO IDENTIFICADO,NAO IDENTIFICADO,False,False,13.0,2020,2,FEVEREIRO,20,QUINTA-FEIRA,1,False,13.0,TARDE,ADULTO
FC-00899,CURADO,34.0,2023-11-14 03:42:43,-8.066,-34.907,DISPARO,NAO IDENTIFICADO,HOMEM CIS,False,False,3.0,2023,11,NOVEMBRO,14,TERÇA-FEIRA,4,False,3.0,MADRUGADA,ADULTO
FC-00900,IPUTINGA,13.0,2021-05-26 22:51:04,-8.026,-34.889,DISPARO,NAO IDENTIFICADO,MULHER CIS,False,False,22.0,2021,5,MAIO,26,QUARTA-FEIRA,2,False,22.0,NOITE,ADOLESCENTE
FC-00901,JARDIM SAO PAULO,34.0,2021-12-26 21:30:52,-8.002,-34.849,HOMICIDIO/TENTATIVA,PRETA,HOMEM CIS,False,False,21.0,2021,12,DEZEMBRO,26,DOMINGO,4,True,21.0,NOITE,ADULTO
FC-00902,ESTACAO,42.0,2019-07-12 12:27:30,-8.052,-34.868,HOMICIDIO/TENTATIVA,NAO IDENTIFICADO,HOMEM CIS,False,False,12.0,2019,7,JULHO,12,SEXTA-FEIRA,3,False,12.0,TARDE,ADULTO
FC-00903,BREJO DA GUARDEIRA,31.0,2025-07-14 18:34:34,-8.07,-34.901,BRIGA,NAO IDENTIFICADO,HOMEM CIS,False,False,18.0,2025,7,JULHO,14,SEGUNDA-FEIRA,3,False,18.0,NOITE,ADULTO
FC-00904,CASA AMARELA,48.0,2023-12-26 21:44:05,-8.034,-34.855,DISPARO,PRETA,HOMEM CIS,False,False,21.0,2023,12,DEZEMBRO,26,TERÇA-FEIRA,4,False,21.0,NOITE,ADULTO
FC-00905,VARZEA,38.0,2019-02-02 22:23:54,-8.039,-34.914,DISPARO,NAO IDENTIFICADO,MULHER CIS,False,False,22.0,2019,2,FEVEREIRO,2,SÁBADO,1,True,22.0,NOITE,ADULTO
FC-00906,CASA AMARELA,10.0,2025-07-08 06:14:03,-8.03,-34.857,ROUBO,NAO IDENTIFICADO,HOMEM CIS,False,False,6.0,2025,7,JULHO,8,TERÇA-FEIRA,3,False,6.0,MANHÃ,CRIANCA
FC-00907,JAQUEIRA,22.0,2025-06-02 20:42:37,-8.038,-34.862,HOMICIDIO/TENTATIVA,NAO IDENTIFICADO,HOMEM CIS,False,False,20.0,2025,6,JUNHO,2,SEGUNDA-FEIRA,2,False,20.0,NOITE,ADULTO
FC-00908,BREJO DA GUARDEIRA,23.0,2020-01-19 21:26:09,-8.073,-34.896,HOMICIDIO/TENTATIVA,NAO IDENTIFICADO,HOMEM CIS,False,False,21.0,2020,1,JANEIRO,19,DOMINGO,1,True,21.0,NOITE,ADULTO
FC-00909,ESPINHEIRO,53.0,2021-06-15 21:44:00,-8.042,-34.865,HOMICIDIO/TENTATIVA,PRETA,HOMEM CIS,False,False,21.0,2021,6,JUNHO,15,TERÇA-FEIRA,2,False,21.0,NOITE,ADULTO
FC-00910,IBURA,46.0,2019-07-27 15:56:29,-8.084,-34.893,HOMICIDIO/TENTATIVA,PRETA,HOMEM CIS,False,False,15.0,2019,7,JULHO,27,SÁBADO,3,True,15.0,TARDE,ADULTO
FC-00911,NOVA DESCOBERTA,44.0,2025-05-03 17:08:47,-8.01,-34.863,HOMICIDIO/TENTATIVA,NAO IDENTIFICADO,HOMEM CIS,False,False,17.0,2025,5,MAIO,3,SÁBADO,2,True,17.0,TARDE,ADULTO
FC-00912,IBURA,19.0,2023-02-27 20:30:20,-8.076,-34.894,BRIGA,PARDA,HOMEM CIS,False,False,20.0,2023,2,FEVEREIRO,27,SEGUNDA-FEIRA,1,False,20.0,NOITE,ADULTO
FC-00913,CASA AMARELA,25.0,2020-02-04 02:38:49,-8.031,-34.855,TIRO,PARDA,HOMEM CIS,False,False,2.0,2020,2,FEVEREIRO,4,TERÇA-FEIRA,1,False,2.0,MADRUGADA,ADULTO
FC-00914,NOVA DESCOBERTA,40.0,2018-05-07 18:40:59,-8.014,-34.864,HOMICIDIO/TENTATIVA,NAO IDENTIFICADO,HOMEM CIS,True,False,18.0,2018,5,MAIO,7,SEGUNDA-FEIRA,2,False,18.0,NOITE,ADULTO
FC-00915,COHAB,30.0,2022-01-11 02:19:00,-8.063,-34.913,OUTRO,NAO IDENTIFICADO,HOMEM CIS,False,False,2.0,2022,1,JANEIRO,11,TERÇA-FEIRA,1,False,2.0,MADRUGADA,ADULTO
FC-00916,IPUTINGA,26.0,2024-03-23 20:21:26,-8.027,-34.896,AMEACA,NAO IDENTIFICADO,HOMEM CIS,False,False,20.0,2024,3,MARÇO,23,SÁBADO,1,True,20.0,NOITE,ADULTO
FC-00917,COHAB,34.0,2021-10-28 21:18:10,-8.066,-34.9,DISPARO,NAO IDENTIFICADO,HOMEM CIS,False,False,21.0,2021,10,OUTUBRO,28,QUINTA-FEIRA,4,False,21.0,NOITE,ADULTO
FC-00918,COHAB,48.0,2020-11-21 03:45:10,-8.066,-34.905,HOMICIDIO/TENTATIVA,BRANCA,HOMEM CIS,False,False,3.0,2020,11,NOVEMBRO,21,SÁBADO,4,True,3.0,MADRUGADA,ADULTO
FC-00919,ALTO JOSE DO PINHO,29.0,2021-03-11 11:39:54,-8.021,-34.884,BRIGA,PRETA,HOMEM CIS,False,False,11.0,2021,3,MARÇO,11,QUINTA-FEIRA,1,False,11.0,MANHÃ,ADULTO
FC-00920,CURADO,20.0,2023-02-05 18:31:06,-8.073,-34.908,HOMICIDIO/TENTATIVA,NAO IDENTIFICADO,HOMEM CIS,False,False,18.0,2023,2,FEVEREIRO,5,DOMINGO,1,True,18.0,NOITE,ADULTO
FC-00921,TOTOS,37.0,2025-08-04 16:10:59,-8.04,-34.862,AMEACA,PARDA,HOMEM CIS,False,False,16.0,2025,8,AGOSTO,4,SEGUNDA-FEIRA,3,False,16.0,TARDE,ADULTO
FC-00922,NOVA DESCOBERTA,22.0,2024-05-16 23:48:56,-8.014,-34.863,HOMICIDIO/TENTATIVA,NAO IDENTIFICADO,HOMEM CIS,False,False,23.0,2024,5,MAIO,16,QUINTA-FEIRA,2,False,23.0,NOITE,ADULTO
FC-00923,VARZEA,29.0,2024-07-14 21:58:43,-8.034,-34.917,HOMICIDIO/TENTATIVA,PRETA,HOMEM CIS,False,False,21.0,2024,7,JULHO,14,DOMINGO,3,True,21.0,NOITE,ADULTO
FC-00924,ALTO JOSE DO PINHO,27.0,2021-08-09 21:43:02,-8.021,-34.887,HOMICIDIO/TENTATIVA,NAO IDENTIFICADO,HOMEM CIS,False,False,21.0,2021,8,AGOSTO,9,SEGUNDA-FEIRA,3,False,21.0,NOITE,ADULTO
FC-00925,IBURA,27.0,2019-02-10 14:36:25,-8.087,-34.893,DISPARO,PRETA,HOMEM CIS,False,False,14.0,2019,2,FEVEREIRO,10,DOMINGO,1,True,14.0,TARDE,ADULTO
FC-00926,CORDOARIA,26.0,2023-08-04 02:46:06,-8.059,-34.874,DISPARO,NAO IDENTIFICADO,HOMEM CIS,False,False,2.0,2023,8,AGOSTO,4,SEXTA-FEIRA,3,False,2.0,MADRUGADA,ADULTO
FC-00927,CORDOARIA,29.0,2021-10-16 06:47:30,-8.057,-34.87,HOMICIDIO/TENTATIVA,NAO IDENTIFICADO,HOMEM CIS,False,False,6.0,2021,10,OUTUBRO,16,SÁBADO,4,True,6.0,MANHÃ,ADULTO
FC-00928,IBURA,22.0,2021-01-20 21:03:59,-8.086,-34.895,TIRO,NAO IDENTIFICADO,HOMEM CIS,False,False,21.0,2021,1,JANEIRO,20,QUARTA-FEIRA,1,False,21.0,NOITE,ADULTO
FC-00929,ESTACAO,24.0,2025-11-14 10:40:11,-8.054,-34.873,ROUBO,NAO IDENTIFICADO,HOMEM CIS,False,False,10.0,2025,11,NOVEMBRO,14,SEXTA-FEIRA,4,False,10.0,MANHÃ,ADULTO
FC-00930,NOVA DESCOBERTA,14.0,2021-04-22 22:11:53,-8.016,-34.864,DISPARO,PARDA,HOMEM CIS,True,False,22.0,2021,4,ABRIL,22,QUINTA-FEIRA,2,False,22.0,NOITE,ADOLESCENTE
FC-00931,CURADO,37.0,2021-07-16 16:44:50,-8.072,-34.911,HOMICIDIO/TENTATIVA,PARDA,HOMEM CIS,False,False,16.0,2021,7,JULHO,16,SEXTA-FEIRA,3,False,16.0,TARDE,ADULTO
FC-00932,SAN MARTIN,19.0,2022-10-07 02:42:37,-8.04,-34.881,AMEACA,PRETA,MULHER CIS,False,False,2.0,2022,10,OUTUBRO,7,SEXTA-FEIRA,4,False,2.0,MADRUGADA,ADULTO
FC-00933,SANTO AMARO,40.0,2024-01-05 22:59:09,-8.063,-34.871,AMEACA,PRETA,MULHER CIS,False,False,22.0,2024,1,JANEIRO,5,SEXTA-FEIRA,1,False,22.0,NOITE,ADULTO
FC-00934,COHAB,36.0,2018-08-27 21:40:28,-8.064,-34.897,DISPARO,NAO IDENTIFICADO,MULHER CIS,False,False,21.0,2018,8,AGOSTO,27,SEGUNDA-FEIRA,3,False,21.0,NOITE,ADULTO
FC-00935,COHAB,34.0,2022-03-20 14:22:13,-8.068,-34.905,DISPARO,BRANCA,HOMEM CIS,False,False,14.0,2022,3,MARÇO,20,DOMINGO,1,True,14.0,TARDE,ADULTO
FC-00936,SANTO AMARO,8.0,2021-05-17 21:07:44,-8.058,-34.872,DISPARO,NAO IDENTIFICADO,MULHER CIS,False,False,21.0,2021,5,MAIO,17,SEGUNDA-FEIRA,2,False,21.0,NOITE,CRIANCA
FC-00937,ESTACAO,40.0,2025-06-04 22:29:27,-8.055,-34.871,DISPARO,PARDA,HOMEM CIS,False,False,22.0,2025,6,JUNHO,4,QUARTA-FEIRA,2,False,22.0,NOITE,ADULTO
FC-00938,BREJO DA GUARDEIRA,22.0,2023-07-21 11:39:59,-8.065,-34.901,AMEACA,NAO IDENTIFICADO,HOMEM CIS,False,False,11.0,2023,7,JULHO,21,SEXTA-FEIRA,3,False,11.0,MANHÃ,ADULTO
FC-00939,ROSARINHO,51.0,2023-07-04 17:48:39,-8.038,-34.864,TIRO,NAO IDENTIFICADO,HOMEM CIS,False,False,17.0,2023,7,JULHO,4,TERÇA-FEIRA,3,False,17.0,TARDE,ADULTO
FC-00940,VASCO DA GAMA,34.0,2024-04-08 21:35:24,-8.054,-34.886,TIRO,PARDA,HOMEM CIS,False,False,21.0,2024,4,ABRIL,8,SEGUNDA-FEIRA,2,False,21.0,NOITE,ADULTO
FC-00941,SAN MARTIN,26.0,2021-11-23 21:25:00,-8.037,-34.878,ROUBO,BRANCA,HOMEM CIS,False,False,21.0,2021,11,NOVEMBRO,23,TERÇA-FEIRA,4,False,21.0,NOITE,ADULTO
FC-00942,NOVA DESCOBERTA,13.0,2024-07-22 08:57:58,-8.015,-34.86,HOMICIDIO/TENTATIVA,PARDA,HOMEM CIS,False,False,8.0,2024,7,JULHO,22,SEGUNDA-FEIRA,3,False,8.0,MANHÃ,ADOLESCENTE
FC-00943,IBURA,44.0,2024-06-11 04:36:27,-8.082,-34.889,DISPARO,PARDA,HOMEM CIS,False,False,4.0,2024,6,JUNHO,11,TERÇA-FEIRA,2,False,4.0,MADRUGADA,ADULTO
FC-00944,CORDOARIA,25.0,2025-07-05 22:24:46,-8.063,-34.876,HOMICIDIO/TENTATIVA,NAO IDENTIFICADO,HOMEM CIS,False,False,22.0,2025,7,JULHO,5,SÁBADO,3,True,22.0,NOITE,ADULTO
FC-00945,IPUTINGA,48.0,2019-02-21 18:25:53,-8.029,-34.894,TIRO,NAO IDENTIFICADO,HOMEM CIS,False,False,18.0,2019,2,FEVEREIRO,21,QUINTA-FEIRA,1,False,18.0,NOITE,ADULTO
FC-00946,NOVA DESCOBERTA,26.0,2019-07-01 19:37:09,-8.009,-34.86,HOMICIDIO/TENTATIVA,BRANCA,HOMEM CIS,True,False,19.0,2019,7,JULHO,1,SEGUNDA-FEIRA,3,False,19.0,NOITE,ADULTO
FC-00947,MANGABEIRA,50.0,2024-08-21 19:22:11,-8.01,-34.869,HOMICIDIO/TENTATIVA,PRETA,NAO IDENTIFICADO,False,False,19.0,2024,8,AGOSTO,21,QUARTA-FEIRA,3,False,19.0,NOITE,ADULTO
FC-00948,NOVA DESCOBERTA,11.0,2024-07-25 10:03:17,-8.011,-34.869,TIRO,PARDA,HOMEM CIS,False,False,10.0,2024,7,JULHO,25,QUINTA-FEIRA,3,False,10.0,MANHÃ,CRIANCA
FC-00949,VASCO DA GAMA,32.0,2022-10-04 02:18:16,-8.058,-34.882,HOMICIDIO/TENTATIVA,PRETA,HOMEM CIS,False,False,2.0,2022,10,OUTUBRO,4,TERÇA-FEIRA,4,False,2.0,MADRUGADA,ADULTO
FC-00950,COHAB,20.0,2019-01-14 02:40:04,-8.067,-34.907,HOMICIDIO/TENTATIVA,BRANCA,MULHER CIS,False,False,2.0,2019,1,JANEIRO,14,SEGUNDA-FEIRA,1,False,2.0,MADRUGADA,ADULTO
FC-00951,CORDOARIA,23.0,2019-01-06 19:40:38,-8.056,-34.876,AMEACA,BRANCA,HOMEM CIS,False,False,19.0,2019,1,JANEIRO,6,DOMINGO,1,True,19.0,NOITE,ADULTO
FC-00952,GRACO,30.0,2022-03-17 21:59:07,-8.039,-34.872,TIRO,NAO IDENTIFICADO,NAO IDENTIFICADO,False,False,21.0,2022,3,MARÇO,17,QUINTA-FEIRA,1,False,21.0,NOITE,ADULTO
FC-00953,ALTO JOSE DO PINHO,21.0,2021-04-01 12:14:05,-8.021,-34.881,HOMICIDIO/TENTATIVA,PARDA,HOMEM CIS,False,False,12.0,2021,4,ABRIL,1,QUINTA-FEIRA,2,False,12.0,TARDE,ADULTO
FC-00954,COHAB,32.0,2023-11-10 16:51:31,-8.067,-34.904,HOMICIDIO/TENTATIVA,NAO IDENTIFICADO,HOMEM CIS,False,False,16.0,2023,11,NOVEMBRO,10,SEXTA-FEIRA,4,False,16.0,TARDE,ADULTO
FC-00955,CORDOARIA,16.0,2025-05-13 02:50:49,-8.056,-34.872,TIRO,NAO IDENTIFICADO,HOMEM CIS,False,False,2.0,2025,5,MAIO,13,TERÇA-FEIRA,2,False,2.0,MADRUGADA,ADOLESCENTE
FC-00956,POCO DA PANELA,27.0,2021-12-09 21:39:06,-8.038,-34.865,ROUBO,NAO IDENTIFICADO,MULHER CIS,False,False,21.0,2021,12,DEZEMBRO,9,QUINTA-FEIRA,4,False,21.0,NOITE,ADULTO
FC-00957,VARZEA,36.0,2022-01-17 09:26:18,-8.031,-34.917,AMEACA,PARDA,HOMEM CIS,False,False,9.0,2022,1,JANEIRO,17,SEGUNDA-FEIRA,1,False,9.0,MANHÃ,ADULTO
FC-00958,VASCO DA GAMA,38.0,2019-06-14 21:22:15,-8.061,-34.882,HOMICIDIO/TENTATIVA,NAO IDENTIFICADO,MULHER CIS,False,False,21.0,2019,6,JUNHO,14,SEXTA-FEIRA,2,False,21.0,NOITE,ADULTO
FC-00959,CORDOARIA,29.0,2023-12-11 06:36:50,-8.061,-34.876,HOMICIDIO/TENTATIVA,NAO IDENTIFICADO,HOMEM CIS,False,False,6.0,2023,12,DEZEMBRO,11,SEGUNDA-FEIRA,4,False,6.0,MANHÃ,ADULTO
FC-00960,MANGABEIRA,21.0,2019-05-23 19:56:51,-8.009,-34.871,DISPARO,PRETA,HOMEM CIS,False,False,19.0,2019,5,MAIO,23,QUINTA-FEIRA,2,False,19.0,NOITE,ADULTO
FC-00961,MANGABEIRA,10.0,2024-04-07 01:31:31,-8.016,-34.872,DISPARO,PRETA,HOMEM CIS,True,False,1.0,2024,4,ABRIL,7,DOMINGO,2,True,1.0,MADRUGADA,CRIANCA
FC-00962,ESTACAO,35.0,2021-10-01 11:41:50,-8.061,-34.872,HOMICIDIO/TENTATIVA,NAO IDENTIFICADO,HOMEM CIS,False,False,11.0,2021,10,OUTUBRO,1,SEXTA-FEIRA,4,False,11.0,MANHÃ,ADULTO
FC-00963,JARDIM SAO PAULO,23.0,2025-09-02 13:01:04,-8.001,-34.856,DISPARO,PARDA,HOMEM CIS,False,False,13.0,2025,9,SETEMBRO,2,TERÇA-FEIRA,3,False,13.0,TARDE,ADULTO
FC-00964,CASA AMARELA,34.0,2021-09-25 12:39:03,-8.032,-34.866,AMEACA,NAO IDENTIFICADO,HOMEM CIS,False,False,12.0,2021,9,SETEMBRO,25,SÁBADO,3,True,12.0,TARDE,ADULTO
FC-00965,ROSARINHO,39.0,2024-10-04 00:03:52,-8.039,-34.863,ROUBO,PRETA,HOMEM CIS,True,False,0.0,2024,10,OUTUBRO,4,SEXTA-FEIRA,4,False,0.0,MADRUGADA,ADULTO
FC-00966,ROSARINHO,86.0,2019-12-26 14:57:34,-8.046,-34.86,HOMICIDIO/TENTATIVA,PRETA,MULHER CIS,False,False,14.0,2019,12,DEZEMBRO,26,QUINTA-FEIRA,4,False,14.0,TARDE,IDOSO
FC-00967,BOA VISTA,26.0,2018-05-03 10:44:39,-8.049,-34.875,HOMICIDIO/TENTATIVA,PARDA,HOMEM CIS,False,False,10.0,2018,5,MAIO,3,QUINTA-FEIRA,2,False,10.0,MANHÃ,ADULTO
FC-00968,NOVA DESCOBERTA,24.0,2019-03-25 18:54:57,-8.017,-34.864,DISPARO,NAO IDENTIFICADO,HOMEM CIS,False,False,18.0,2019,3,MARÇO,25,SEGUNDA-FEIRA,1,False,18.0,NOITE,ADULTO
FC-00969,SANTO AMARO,11.0,2022-05-11 21:30:14,-8.056,-34.871,DISPARO,NAO IDENTIFICADO,HOMEM CIS,False,False,21.0,2022,5,MAIO,11,QUARTA-FEIRA,2,False,21.0,NOITE,CRIANCA
FC-00970,IPUTINGA,16.0,2023-12-28 05:04:04,-8.029,-34.889,ROUBO,PRETA,HOMEM CIS,False,False,5.0,2023,12,DEZEMBRO,28,QUINTA-FEIRA,4,False,5.0,MADRUGADA,ADOLESCENTE
FC-00971,VARZEA,23.0,2022-06-07 21:48:33,-8.034,-34.917,DISPARO,NAO IDENTIFICADO,HOMEM CIS,False,False,21.0,2022,6,JUNHO,7,TERÇA-FEIRA,2,False,21.0,NOITE,ADULTO
FC-00972,ESPINHEIRO,39.0,2022-03-08 22:24:28,-8.04,-34.862,HOMICIDIO/TENTATIVA,NAO IDENTIFICADO,HOMEM CIS,False,False,22.0,2022,3,MARÇO,8,TERÇA-FEIRA,1,False,22.0,NOITE,ADULTO
FC-00973,VARZEA,27.0,2023-10-21 02:29:56,-8.033,-34.915,DISPARO,NAO IDENTIFICADO,HOMEM CIS,False,False,2.0,2023,10,OUTUBRO,21,SÁBADO,4,True,2.0,MADRUGADA,ADULTO
FC-00974,NOVA DESCOBERTA,50.0,2023-08-12 10:59:35,-8.017,-34.863,HOMICIDIO/TENTATIVA,NAO IDENTIFICADO,MULHER CIS,False,False,10.0,2023,8,AGOSTO,12,SÁBADO,3,True,10.0,MANHÃ,ADULTO
FC-00975,VARZEA,27.0,2022-06-04 01:24:46,-8.035,-34.915,HOMICIDIO/TENTATIVA,NAO IDENTIFICADO,HOMEM CIS,False,False,1.0,2022,6,JUNHO,4,SÁBADO,2,True,1.0,MADRUGADA,ADULTO
FC-00976,IPUTINGA,33.0,2022-07-04 20:41:15,-8.028,-34.892,DISPARO,PRETA,HOMEM CIS,False,False,20.0,2022,7,JULHO,4,SEGUNDA-FEIRA,3,False,20.0,NOITE,ADULTO
FC-00977,COHAB,54.0,2022-05-08 22:44:45,-8.062,-34.902,HOMICIDIO/TENTATIVA,PRETA,MULHER CIS,False,False,22.0,2022,5,MAIO,8,DOMINGO,2,True,22.0,NOITE,ADULTO
FC-00978,COHAB,24.0,2020-04-12 19:45:38,-8.068,-34.902,HOMICIDIO/TENTATIVA,PARDA,HOMEM CIS,False,False,19.0,2020,4,ABRIL,12,DOMINGO,2,True,19.0,NOITE,ADULTO
FC-00979,COHAB,40.0,2021-12-08 04:43:04,-8.061,-34.907,DISPARO,PRETA,HOMEM CIS,False,False,4.0,2021,12,DEZEMBRO,8,QUARTA-FEIRA,4,False,4.0,MADRUGADA,ADULTO
FC-00980,CURADO,27.0,2021-03-09 22:10:43,-8.075,-34.911,DISPARO,NAO IDENTIFICADO,HOMEM CIS,False,False,22.0,2021,3,MARÇO,9,TERÇA-FEIRA,1,False,22.0,NOITE,ADULTO
FC-00981,BREJO DA GUARDEIRA,45.0,2020-02-02 21:36:43,-8.071,-34.898,DISPARO,PRETA,MULHER CIS,False,False,21.0,2020,2,FEVEREIRO,2,DOMINGO,1,True,21.0,NOITE,ADULTO
FC-00982,NOVA DESCOBERTA,27.0,2019-12-11 16:47:22,-8.014,-34.868,AMEACA,PARDA,HOMEM CIS,False,False,16.0,2019,12,DEZEMBRO,11,QUARTA-FEIRA,4,False,16.0,TARDE,ADULTO
FC-00983,SANTO AMARO,31.0,2021-06-17 21:54:55,-8.067,-34.871,AMEACA,NAO IDENTIFICADO,HOMEM CIS,False,False,21.0,2021,6,JUNHO,17,QUINTA-FEIRA,2,False,21.0,NOITE,ADULTO
FC-00984,ALTO JOSE DO PINHO,10.0,2019-07-28 06:09:22,-8.016,-34.883,TIRO,NAO IDENTIFICADO,HOMEM CIS,False,False,6.0,2019,7,JULHO,28,DOMINGO,3,True,6.0,MANHÃ,CRIANCA
FC-00985,MANGABEIRA,35.0,2019-07-21 02:17:56,-8.005,-34.873,HOMICIDIO/TENTATIVA,NAO IDENTIFICADO,HOMEM CIS,False,False,2.0,2019,7,JULHO,21,DOMINGO,3,True,2.0,MADRUGADA,ADULTO
FC-00986,CURADO,50.0,2020-11-12 22:25:37,-8.067,-34.911,DISPARO,BRANCA,HOMEM CIS,False,False,22.0,2020,11,NOVEMBRO,12,QUINTA-FEIRA,4,False,22.0,NOITE,ADULTO
FC-00987,IPUTINGA,43.0,2023-07-26 16:50:50,-8.031,-34.895,HOMICIDIO/TENTATIVA,NAO IDENTIFICADO,HOMEM CIS,False,False,16.0,2023,7,JULHO,26,QUARTA-FEIRA,3,False,16.0,TARDE,ADULTO
FC-00988,GRACO,22.0,2019-05-20 18:10:19,-8.045,-34.873,DISPARO,PRETA,HOMEM CIS,False,False,18.0,2019,5,MAIO,20,SEGUNDA-FEIRA,2,False,18.0,NOITE,ADULTO
FC-00989,POCO DA PANELA,44.0,2023-01-16 12:27:22,-8.036,-34.861,HOMICIDIO/TENTATIVA,NAO IDENTIFICADO,HOMEM CIS,False,False,12.0,2023,1,JANEIRO,16,SEGUNDA-FEIRA,1,False,12.0,TARDE,ADULTO
FC-00990,IBURA,23.0,2022-09-05 23:45:17,-8.087,-34.891,AMEACA,PARDA,HOMEM CIS,False,False,23.0,2022,9,SETEMBRO,5,SEGUNDA-FEIRA,3,False,23.0,NOITE,ADULTO
FC-00991,VARZEA,10.0,2022-06-08 21:40:24,-8.035,-34.919,HOMICIDIO/TENTATIVA,NAO IDENTIFICADO,HOMEM CIS,False,False,21.0,2022,6,JUNHO,8,QUARTA-FEIRA,2,False,21.0,NOITE,CRIANCA
FC-00992,CURADO,59.0,2019-07-22 21:51:37,-8.067,-34.91,DISPARO,BRANCA,MULHER CIS,False,False,21.0,2019,7,JULHO,22,SEGUNDA-FEIRA,3,False,21.0,NOITE,ADULTO
FC-00993,VARZEA,45.0,2019-10-21 16:11:24,-8.038,-34.913,HOMICIDIO/TENTATIVA,PRETA,HOMEM CIS,False,False,16.0,2019,10,OUTUBRO,21,SEGUNDA-FEIRA,4,False,16.0,TARDE,ADULTO
FC-00994,SAN MARTIN,32.0,2025-12-12 16:27:29,-8.039,-34.874,HOMICIDIO/TENTATIVA,NAO IDENTIFICADO,HOMEM CIS,False,False,16.0,2025,12,DEZEMBRO,12,SEXTA-FEIRA,4,False,16.0,TARDE,ADULTO
FC-00995,SAN MARTIN,42.0,2019-03-20 22:50:15,-8.039,-34.883,AMEACA,NAO IDENTIFICADO,MULHER CIS,False,False,22.0,2019,3,MARÇO,20,QUARTA-FEIRA,1,False,22.0,NOITE,ADULTO
FC-00996,COHAB,18.0,2024-07-05 15:00:29,-8.065,-34.905,HOMICIDIO/TENTATIVA,PRETA,HOMEM CIS,False,False,15.0,2024,7,JULHO,5,SEXTA-FEIRA,3,False,15.0,TARDE,ADULTO
FC-00997,ALTO JOSE DO PINHO,16.0,2025-02-11 19:52:18,-8.013,-34.88,HOMICIDIO/TENTATIVA,NAO IDENTIFICADO,MULHER CIS,False,False,19.0,2025,2,FEVEREIRO,11,TERÇA-FEIRA,1,False,19.0,NOITE,ADOLESCENTE
FC-00998,IPUTINGA,37.0,2024-01-23 05:09:35,-8.028,-34.894,TIRO,PRETA,HOMEM CIS,False,False,5.0,2024,1,JANEIRO,23,TERÇA-FEIRA,1,False,5.0,MADRUGADA,ADULTO
FC-00999,VARZEA,18.0,2023-12-01 21:39:44,-8.035,-34.914,HOMICIDIO/TENTATIVA,PRETA,MULHER CIS,False,False,21.0,2023,12,DEZEMBRO,1,SEXTA-FEIRA,4,False,21.0,NOITE,ADULTO
FC-01000,IBURA,15.0,2020-08-01 21:28:25,-8.081,-34.892,HOMICIDIO/TENTATIVA,NAO IDENTIFICADO,HOMEM CIS,True,False,21.0,2020,8,AGOSTO,1,SÁBADO,3,True,21.0,NOITE,ADOLESCENTE
FC-01001,IPUTINGA,10.0,2024-05-27 19:28:54,-8.031,-34.894,HOMICIDIO/TENTATIVA,NAO IDENTIFICADO,HOMEM CIS,False,False,19.0,2024,5,MAIO,27,SEGUNDA-FEIRA,2,False,19.0,NOITE,CRIANCA
FC-01002,ESTACAO,52.0,2023-03-17 21:34:12,-8.051,-34.875,AMEACA,NAO IDENTIFICADO,HOMEM CIS,False,False,21.0,2023,3,MARÇO,17,SEXTA-FEIRA,1,False,21.0,NOITE,ADULTO
FC-01003,IPUTINGA,35.0,2020-07-23 21:29:26,-8.033,-34.89,DISPARO,PRETA,HOMEM CIS,False,False,21.0,2020,7,JULHO,23,QUINTA-FEIRA,3,False,21.0,NOITE,ADULTO
FC-01004,IBURA,24.0,2021-11-21 22:39:28,-8.082,-34.888,HOMICIDIO/TENTATIVA,PRETA,HOMEM CIS,True,False,22.0,2021,11,NOVEMBRO,21,DOMINGO,4,True,22.0,NOITE,ADULTO
FC-01005,CORDOARIA,14.0,2018-03-12 17:55:32,-8.062,-34.875,DISPARO,PARDA,HOMEM CIS,False,False,17.0,2018,3,MARÇO,12,SEGUNDA-FEIRA,1,False,17.0,TARDE,ADOLESCENTE
FC-01006,BOA VISTA,42.0,2021-12-19 13:45:54,-8.055,-34.883,TIRO,NAO IDENTIFICADO,HOMEM CIS,False,False,13.0,2021,12,DEZEMBRO,19,DOMINGO,4,True,13.0,TARDE,ADULTO
FC-01007,POCO DA PANELA,24.0,2024-08-13 23:38:42,-8.033,-34.858,HOMICIDIO/TENTATIVA,BRANCA,HOMEM CIS,False,False,23.0,2024,8,AGOSTO,13,TERÇA-FEIRA,3,False,23.0,NOITE,ADULTO
FC-01008,JARDIM SAO PAULO,24.0,2021-10-12 18:53:25,-8.006,-34.852,HOMICIDIO/TENTATIVA,NAO IDENTIFICADO,HOMEM CIS,False,False,18.0,2021,10,OUTUBRO,12,TERÇA-FEIRA,4,False,18.0,NOITE,ADULTO
FC-01009,CAXANGA,10.0,2025-08-11 21:49:51,-8.026,-34.919,HOMICIDIO/TENTATIVA,NAO IDENTIFICADO,HOMEM CIS,False,False,21.0,2025,8,AGOSTO,11,SEGUNDA-FEIRA,3,False,21.0,NOITE,CRIANCA
FC-01010,NOVA DESCOBERTA,38.0,2024-07-03 01:16:07,-8.017,-34.865,ROUBO,NAO IDENTIFICADO,MULHER CIS,True,False,1.0,2024,7,JULHO,3,QUARTA-FEIRA,3,False,1.0,MADRUGADA,ADULTO
FC-01011,COHAB,10.0,2025-06-04 20:24:08,-8.067,-34.904,AMEACA,PRETA,HOMEM CIS,False,False,20.0,2025,6,JUNHO,4,QUARTA-FEIRA,2,False,20.0,NOITE,CRIANCA
FC-01012,MANGABEIRA,18.0,2020-12-06 15:33:51,-8.01,-34.869,TIRO,NAO IDENTIFICADO,HOMEM CIS,False,False,15.0,2020,12,DEZEMBRO,6,DOMINGO,4,True,15.0,TARDE,ADULTO
FC-01013,BREJO DA GUARDEIRA,25.0,2024-01-12 21:36:34,-8.069,-34.903,HOMICIDIO/TENTATIVA,PRETA,HOMEM CIS,False,False,21.0,2024,1,JANEIRO,12,SEXTA-FEIRA,1,False,21.0,NOITE,ADULTO
FC-01014,VARZEA,27.0,2022-04-19 21:32:22,-8.033,-34.915,TIRO,BRANCA,HOMEM CIS,False,False,21.0,2022,4,ABRIL,19,TERÇA-FEIRA,2,False,21.0,NOITE,ADULTO
FC-01015,MANGABEIRA,22.0,2021-02-19 02:50:33,-8.009,-34.868,DISPARO,NAO IDENTIFICADO,HOMEM CIS,False,False,2.0,2021,2,FEVEREIRO,19,SEXTA-FEIRA,1,False,2.0,MADRUGADA,ADULTO
FC-01016,ALTO JOSE DO PINHO,10.0,2024-05-27 09:45:22,-8.017,-34.886,HOMICIDIO/TENTATIVA,NAO IDENTIFICADO,HOMEM CIS,False,False,9.0,2024,5,MAIO,27,SEGUNDA-FEIRA,2,False,9.0,MANHÃ,CRIANCA
FC-01017,VARZEA,35.0,2022-10-17 12:39:03,-8.031,-34.919,HOMICIDIO/TENTATIVA,NAO IDENTIFICADO,HOMEM CIS,False,False,12.0,2022,10,OUTUBRO,17,SEGUNDA-FEIRA,4,False,12.0,TARDE,ADULTO
FC-01018,COHAB,21.0,2018-06-14 10:21:56,-8.066,-34.907,HOMICIDIO/TENTATIVA,BRANCA,HOMEM CIS,False,False,10.0,2018,6,JUNHO,14,QUINTA-FEIRA,2,False,10.0,MANHÃ,ADULTO
FC-01019,VARZEA,50.0,2025-01-08 17:51:36,-8.038,-34.917,AMEACA,NAO IDENTIFICADO,HOMEM CIS,False,False,17.0,2025,1,JANEIRO,8,QUARTA-FEIRA,1,False,17.0,TARDE,ADULTO
FC-01020,CAXANGA,32.0,2021-12-20 22:56:35,-8.029,-34.921,HOMICIDIO/TENTATIVA,NAO IDENTIFICADO,HOMEM CIS,False,False,22.0,2021,12,DEZEMBRO,20,SEGUNDA-FEIRA,4,False,22.0,NOITE,ADULTO
FC-01021,NOVA DESCOBERTA,33.0,2023-07-16 12:54:56,-8.016,-34.865,DISPARO,NAO IDENTIFICADO,HOMEM CIS,False,False,12.0,2023,7,JULHO,16,DOMINGO,3,True,12.0,TARDE,ADULTO
FC-01022,JARDIM SAO PAULO,23.0,2023-07-22 20:01:35,-8.01,-34.854,HOMICIDIO/TENTATIVA,PARDA,HOMEM CIS,False,False,20.0,2023,7,JULHO,22,SÁBADO,3,True,20.0,NOITE,ADULTO
FC-01023,TOTOS,51.0,2019-08-04 22:57:23,-8.038,-34.864,DISPARO,NAO IDENTIFICADO,HOMEM CIS,False,False,22.0,2019,8,AGOSTO,4,DOMINGO,3,True,22.0,NOITE,ADULTO
FC-01024,SAN MARTIN,38.0,2020-12-25 22:50:34,-8.044,-34.873,DISPARO,NAO IDENTIFICADO,HOMEM CIS,False,False,22.0,2020,12,DEZEMBRO,25,SEXTA-FEIRA,4,False,22.0,NOITE,ADULTO
FC-01025,IBURA,32.0,2019-03-10 01:22:38,-8.077,-34.894,HOMICIDIO/TENTATIVA,PARDA,HOMEM CIS,False,False,1.0,2019,3,MARÇO,10,DOMINGO,1,True,1.0,MADRUGADA,ADULTO
FC-01026,ROSARINHO,51.0,2023-02-09 22:13:31,-8.038,-34.863,TIRO,NAO IDENTIFICADO,HOMEM CIS,False,False,22.0,2023,2,FEVEREIRO,9,QUINTA-FEIRA,1,False,22.0,NOITE,ADULTO
FC-01027,CORDOARIA,35.0,2025-09-10 21:15:33,-8.059,-34.869,TIRO,NAO IDENTIFICADO,MULHER CIS,False,False,21.0,2025,9,SETEMBRO,10,QUARTA-FEIRA,3,False,21.0,NOITE,ADULTO
FC-01028,BOA VISTA,31.0,2023-10-16 10:13:58,-8.056,-34.878,ROUBO,NAO IDENTIFICADO,HOMEM CIS,False,False,10.0,2023,10,OUTUBRO,16,SEGUNDA-FEIRA,4,False,10.0,MANHÃ,ADULTO
FC-01029,ALTO JOSE DO PINHO,27.0,2024-03-02 23:44:28,-8.019,-34.885,HOMICIDIO/TENTATIVA,PRETA,HOMEM CIS,False,False,23.0,2024,3,MARÇO,2,SÁBADO,1,True,23.0,NOITE,ADULTO
FC-01030,JAQUEIRA,44.0,2023-05-27 23:03:17,-8.044,-34.868,HOMICIDIO/TENTATIVA,PARDA,HOMEM CIS,False,False,23.0,2023,5,MAIO,27,SÁBADO,2,True,23.0,NOITE,ADULTO
FC-01031,ALTO JOSE DO PINHO,8.0,2020-03-22 15:03:42,-8.018,-34.885,HOMICIDIO/TENTATIVA,NAO IDENTIFICADO,MULHER CIS,False,False,15.0,2020,3,MARÇO,22,DOMINGO,1,True,15.0,TARDE,CRIANCA
FC-01032,ESPINHEIRO,37.0,2021-05-26 21:13:48,-8.045,-34.864,AMEACA,BRANCA,MULHER CIS,True,False,21.0,2021,5,MAIO,26,QUARTA-FEIRA,2,False,21.0,NOITE,ADULTO
FC-01033,CAXANGA,42.0,2024-01-26 02:24:46,-8.023,-34.92,TIRO,NAO IDENTIFICADO,HOMEM CIS,False,False,2.0,2024,1,JANEIRO,26,SEXTA-FEIRA,1,False,2.0,MADRUGADA,ADULTO
FC-01034,CAXANGA,40.0,2022-09-09 04:24:29,-8.027,-34.917,DISPARO,NAO IDENTIFICADO,MULHER CIS,False,False,4.0,2022,9,SETEMBRO,9,SEXTA-FEIRA,3,False,4.0,MADRUGADA,ADULTO
FC-01035,NOVA DESCOBERTA,55.0,2020-04-25 18:21:36,-8.012,-34.867,TIRO,NAO IDENTIFICADO,MULHER CIS,False,False,18.0,2020,4,ABRIL,25,SÁBADO,2,True,18.0,NOITE,ADULTO
FC-01036,NOVA DESCOBERTA,34.0,2024-01-04 12:42:20,-8.019,-34.863,TIRO,NAO IDENTIFICADO,HOMEM CIS,False,False,12.0,2024,1,JANEIRO,4,QUINTA-FEIRA,1,False,12.0,TARDE,ADULTO
FC-01037,VARZEA,35.0,2025-08-21 21:13:26,-8.041,-34.918,DISPARO,NAO IDENTIFICADO,HOMEM CIS,True,False,21.0,2025,8,AGOSTO,21,QUINTA-FEIRA,3,False,21.0,NOITE,ADULTO
FC-01038,COHAB,28.0,2022-05-25 21:16:55,-8.066,-34.909,BRIGA,PRETA,MULHER CIS,False,False,21.0,2022,5,MAIO,25,QUARTA-FEIRA,2,False,21.0,NOITE,ADULTO
FC-01039,VASCO DA GAMA,34.0,2019-01-06 20:55:28,-8.054,-34.881,HOMICIDIO/TENTATIVA,PRETA,HOMEM CIS,False,False,20.0,2019,1,JANEIRO,6,DOMINGO,1,True,20.0,NOITE,ADULTO
FC-01040,MANGABEIRA,20.0,2025-01-22 21:54:22,-8.007,-34.865,OUTRO,BRANCA,HOMEM CIS,False,False,21.0,2025,1,JANEIRO,22,QUARTA-FEIRA,1,False,21.0,NOITE,ADULTO
FC-01041,BREJO DA GUARDEIRA,24.0,2022-04-07 12:23:53,-8.072,-34.899,DISPARO,NAO IDENTIFICADO,HOMEM CIS,False,False,12.0,2022,4,ABRIL,7,QUINTA-FEIRA,2,False,12.0,TARDE,ADULTO
FC-01042,IBURA,25.0,2023-06-11 23:57:41,-8.082,-34.89,HOMICIDIO/TENTATIVA,NAO IDENTIFICADO,HOMEM CIS,False,False,23.0,2023,6,JUNHO,11,DOMINGO,2,True,23.0,NOITE,ADULTO
FC-01043,GRACO,10.0,2025-10-01 02:13:51,-8.039,-34.87,HOMICIDIO/TENTATIVA,NAO IDENTIFICADO,HOMEM CIS,False,False,2.0,2025,10,OUTUBRO,1,QUARTA-FEIRA,4,False,2.0,MADRUGADA,CRIANCA
FC-01044,TOTOS,25.0,2020-10-02 19:09:24,-8.038,-34.865,HOMICIDIO/TENTATIVA,PRETA,HOMEM CIS,False,False,19.0,2020,10,OUTUBRO,2,SEXTA-FEIRA,4,False,19.0,NOITE,ADULTO
FC-01045,COHAB,10.0,2022-10-21 18:26:34,-8.061,-34.905,HOMICIDIO/TENTATIVA,BRANCA,HOMEM CIS,False,False,18.0,2022,10,OUTUBRO,21,SEXTA-FEIRA,4,False,18.0,NOITE,CRIANCA
FC-01046,CURADO,35.0,2022-06-09 05:36:18,-8.067,-34.913,TIRO,PRETA,HOMEM CIS,False,False,5.0,2022,6,JUNHO,9,QUINTA-FEIRA,2,False,5.0,MADRUGADA,ADULTO
FC-01047,NOVA DESCOBERTA,35.0,2024-02-23 08:46:56,-8.016,-34.862,DISPARO,NAO IDENTIFICADO,HOMEM CIS,False,False,8.0,2024,2,FEVEREIRO,23,SEXTA-FEIRA,1,False,8.0,MANHÃ,ADULTO
FC-01048,IPUTINGA,10.0,2023-08-26 15:36:52,-8.028,-34.895,TIRO,BRANCA,HOMEM CIS,False,False,15.0,2023,8,AGOSTO,26,SÁBADO,3,True,15.0,TARDE,CRIANCA
FC-01049,JARDIM SAO PAULO,35.0,2023-10-09 21:21:20,-8.004,-34.857,TIRO,BRANCA,HOMEM CIS,False,False,21.0,2023,10,OUTUBRO,9,SEGUNDA-FEIRA,4,False,21.0,NOITE,ADULTO
FC-01050,ESTACAO,20.0,2024-03-15 00:07:26,-8.053,-34.874,TIRO,PRETA,NAO IDENTIFICADO,False,False,0.0,2024,3,MARÇO,15,SEXTA-FEIRA,1,False,0.0,MADRUGADA,ADULTO
FC-01051,AFLITOS,40.0,2024-01-23 04:04:08,-8.046,-34.881,ROUBO,NAO IDENTIFICADO,HOMEM CIS,False,False,4.0,2024,1,JANEIRO,23,TERÇA-FEIRA,1,False,4.0,MADRUGADA,ADULTO
FC-01052,JARDIM SAO PAULO,26.0,2022-12-10 02:57:52,-8.008,-34.86,DISPARO,NAO IDENTIFICADO,MULHER CIS,False,False,2.0,2022,12,DEZEMBRO,10,SÁBADO,4,True,2.0,MADRUGADA,ADULTO
FC-01053,BREJO DA GUARDEIRA,15.0,2025-08-14 19:47:53,-8.07,-34.896,HOMICIDIO/TENTATIVA,PRETA,HOMEM CIS,False,False,19.0,2025,8,AGOSTO,14,QUINTA-FEIRA,3,False,19.0,NOITE,ADOLESCENTE
FC-01054,SAN MARTIN,33.0,2025-09-03 03:00:37,-8.042,-34.877,AMEACA,NAO IDENTIFICADO,HOMEM CIS,False,False,3.0,2025,9,SETEMBRO,3,QUARTA-FEIRA,3,False,3.0,MADRUGADA,ADULTO
FC-01055,SANTO AMARO,24.0,2023-02-08 11:21:03,-8.06,-34.873,DISPARO,NAO IDENTIFICADO,HOMEM CIS,False,False,11.0,2023,2,FEVEREIRO,8,QUARTA-FEIRA,1,False,11.0,MANHÃ,ADULTO
FC-01056,ALTO JOSE DO PINHO,10.0,2021-03-05 01:47:56,-8.021,-34.885,HOMICIDIO/TENTATIVA,BRANCA,HOMEM CIS,False,False,1.0,2021,3,MARÇO,5,SEXTA-FEIRA,1,False,1.0,MADRUGADA,CRIANCA
FC-01057,ESTACAO,28.0,2021-03-04 11:31:28,-8.054,-34.874,HOMICIDIO/TENTATIVA,PARDA,HOMEM CIS,False,False,11.0,2021,3,MARÇO,4,QUINTA-FEIRA,1,False,11.0,MANHÃ,ADULTO
FC-01058,IPUTINGA,40.0,2025-11-09 03:13:35,-8.032,-34.891,AMEACA,AMARELA,MULHER CIS,False,False,3.0,2025,11,NOVEMBRO,9,DOMINGO,4,True,3.0,MADRUGADA,ADULTO
FC-01059,VARZEA,17.0,2022-04-01 17:52:01,-8.037,-34.919,ROUBO,NAO IDENTIFICADO,HOMEM CIS,False,False,17.0,2022,4,ABRIL,1,SEXTA-FEIRA,2,False,17.0,TARDE,ADOLESCENTE
FC-01060,JARDIM SAO PAULO,23.0,2024-05-04 20:58:54,-8.002,-34.853,DISPARO,PRETA,HOMEM CIS,False,False,20.0,2024,5,MAIO,4,SÁBADO,2,True,20.0,NOITE,ADULTO
FC-01061,ESTACAO,41.0,2024-02-12 21:47:50,-8.051,-34.874,OUTRO,PARDA,HOMEM CIS,False,False,21.0,2024,2,FEVEREIRO,12,SEGUNDA-FEIRA,1,False,21.0,NOITE,ADULTO
FC-01062,IPUTINGA,26.0,2022-02-23 20:57:59,-8.03,-34.889,TIRO,NAO IDENTIFICADO,HOMEM CIS,True,False,20.0,2022,2,FEVEREIRO,23,QUARTA-FEIRA,1,False,20.0,NOITE,ADULTO
FC-01063,JARDIM SAO PAULO,15.0,2023-11-02 22:40:00,-8.002,-34.852,AMEACA,NAO IDENTIFICADO,HOMEM CIS,False,False,22.0,2023,11,NOVEMBRO,2,QUINTA-FEIRA,4,False,22.0,NOITE,ADOLESCENTE
FC-01064,CORDOARIA,57.0,2019-03-24 17:08:12,-8.059,-34.871,HOMICIDIO/TENTATIVA,PRETA,MULHER CIS,False,False,17.0,2019,3,MARÇO,24,DOMINGO,1,True,17.0,TARDE,ADULTO
FC-01065,JAQUEIRA,63.0,2018-09-20 05:11:02,-8.04,-34.873,HOMICIDIO/TENTATIVA,PRETA,MULHER CIS,False,False,5.0,2018,9,SETEMBRO,20,QUINTA-FEIRA,3,False,5.0,MADRUGADA,IDOSO
FC-01066,BREJO DA GUARDEIRA,10.0,2022-03-10 21:56:18,-8.068,-34.906,HOMICIDIO/TENTATIVA,NAO IDENTIFICADO,HOMEM CIS,False,False,21.0,2022,3,MARÇO,10,QUINTA-FEIRA,1,False,21.0,NOITE,CRIANCA
FC-01067,POCO DA PANELA,25.0,2019-02-25 21:26:28,-8.034,-34.861,DISPARO,NAO IDENTIFICADO,HOMEM CIS,False,False,21.0,2019,2,FEVEREIRO,25,SEGUNDA-FEIRA,1,False,21.0,NOITE,ADULTO
FC-01068,ESTACAO,35.0,2021-07-23 03:56:30,-8.052,-34.867,TIRO,BRANCA,HOMEM CIS,False,False,3.0,2021,7,JULHO,23,SEXTA-FEIRA,3,False,3.0,MADRUGADA,ADULTO
FC-01069,ALTO JOSE DO PINHO,18.0,2022-07-02 18:20:16,-8.022,-34.887,HOMICIDIO/TENTATIVA,NAO IDENTIFICADO,HOMEM CIS,False,False,18.0,2022,7,JULHO,2,SÁBADO,3,True,18.0,NOITE,ADULTO
FC-01070,CORDOARIA,39.0,2020-12-08 13:52:02,-8.055,-34.872,ROUBO,NAO IDENTIFICADO,HOMEM CIS,False,False,13.0,2020,12,DEZEMBRO,8,TERÇA-FEIRA,4,False,13.0,TARDE,ADULTO
FC-01071,NOVA DESCOBERTA,48.0,2019-10-20 12:38:34,-8.019,-34.86,AMEACA,NAO IDENTIFICADO,MULHER CIS,True,False,12.0,2019,10,OUTUBRO,20,DOMINGO,4,True,12.0,TARDE,ADULTO
FC-01072,IBURA,48.0,2021-09-03 19:33:13,-8.08,-34.887,HOMICIDIO/TENTATIVA,PARDA,HOMEM CIS,False,False,19.0,2021,9,SETEMBRO,3,SEXTA-FEIRA,3,False,19.0,NOITE,ADULTO
FC-01073,ROSARINHO,8.0,2020-03-12 13:13:35,-8.042,-34.867,TIRO,NAO IDENTIFICADO,MULHER CIS,False,False,13.0,2020,3,MARÇO,12,QUINTA-FEIRA,1,False,13.0,TARDE,CRIANCA
FC-01074,IBURA,42.0,2022-08-02 03:19:01,-8.085,-34.89,DISPARO,PARDA,MULHER CIS,False,False,3.0,2022,8,AGOSTO,2,TERÇA-FEIRA,3,False,3.0,MADRUGADA,ADULTO
FC-01075,BOA VISTA,46.0,2021-07-05 21:56:17,-8.048,-34.874,AMEACA,PRETA,HOMEM CIS,False,False,21.0,2021,7,JULHO,5,SEGUNDA-FEIRA,3,False,21.0,NOITE,ADULTO
FC-01076,COHAB,18.0,2018-09-20 22:06:47,-8.068,-34.901,DISPARO,PARDA,HOMEM CIS,False,False,22.0,2018,9,SETEMBRO,20,QUINTA-FEIRA,3,False,22.0,NOITE,ADULTO
FC-01077,VARZEA,39.0,2022-01-10 10:12:06,-8.035,-34.916,HOMICIDIO/TENTATIVA,NAO IDENTIFICADO,HOMEM CIS,False,False,10.0,2022,1,JANEIRO,10,SEGUNDA-FEIRA,1,False,10.0,MANHÃ,ADULTO
FC-01078,MANGABEIRA,10.0,2021-05-16 11:44:34,-8.013,-34.864,HOMICIDIO/TENTATIVA,NAO IDENTIFICADO,HOMEM CIS,False,False,11.0,2021,5,MAIO,16,DOMINGO,2,True,11.0,MANHÃ,CRIANCA
FC-01079,IBURA,14.0,2022-02-15 06:01:25,-8.081,-34.889,DISPARO,NAO IDENTIFICADO,HOMEM CIS,False,False,6.0,2022,2,FEVEREIRO,15,TERÇA-FEIRA,1,False,6.0,MANHÃ,ADOLESCENTE
FC-01080,CORDOARIA,14.0,2024-02-04 18:13:55,-8.057,-34.87,HOMICIDIO/TENTATIVA,PRETA,HOMEM CIS,False,False,18.0,2024,2,FEVEREIRO,4,DOMINGO,1,True,18.0,NOITE,ADOLESCENTE
FC-01081,NOVA DESCOBERTA,30.0,2024-10-25 07:49:31,-8.006,-34.87,DISPARO,PRETA,HOMEM CIS,False,False,7.0,2024,10,OUTUBRO,25,SEXTA-FEIRA,4,False,7.0,MANHÃ,ADULTO
FC-01082,ESPINHEIRO,46.0,2023-01-09 20:48:35,-8.043,-34.866,TIRO,NAO IDENTIFICADO,MULHER CIS,False,False,20.0,2023,1,JANEIRO,9,SEGUNDA-FEIRA,1,False,20.0,NOITE,ADULTO
FC-01083,ALTO JOSE DO PINHO,38.0,2022-09-28 21:46:05,-8.022,-34.884,DISPARO,NAO IDENTIFICADO,MULHER CIS,False,False,21.0,2022,9,SETEMBRO,28,QUARTA-FEIRA,3,False,21.0,NOITE,ADULTO
FC-01084,BOA VISTA,10.0,2024-03-07 15:07:02,-8.048,-34.874,HOMICIDIO/TENTATIVA,PARDA,HOMEM CIS,False,False,15.0,2024,3,MARÇO,7,QUINTA-FEIRA,1,False,15.0,TARDE,CRIANCA
FC-01085,VARZEA,37.0,2022-07-01 11:27:18,-8.032,-34.914,TIRO,NAO IDENTIFICADO,HOMEM CIS,False,False,11.0,2022,7,JULHO,1,SEXTA-FEIRA,3,False,11.0,MANHÃ,ADULTO
FC-01086,SANTO AMARO,31.0,2023-03-10 17:13:51,-8.061,-34.872,DISPARO,PRETA,HOMEM CIS,False,False,17.0,2023,3,MARÇO,10,SEXTA-FEIRA,1,False,17.0,TARDE,ADULTO
FC-01087,CORDOARIA,44.0,2021-12-24 23:59:08,-8.054,-34.874,HOMICIDIO/TENTATIVA,NAO IDENTIFICADO,HOMEM CIS,False,False,23.0,2021,12,DEZEMBRO,24,SEXTA-FEIRA,4,False,23.0,NOITE,ADULTO
FC-01088,CAXANGA,30.0,2018-01-10 20:12:44,-8.028,-34.916,HOMICIDIO/TENTATIVA,NAO IDENTIFICADO,HOMEM CIS,False,False,20.0,2018,1,JANEIRO,10,QUARTA-FEIRA,1,False,20.0,NOITE,ADULTO
FC-01089,IPUTINGA,37.0,2021-09-08 13:00:59,-8.022,-34.896,HOMICIDIO/TENTATIVA,NAO IDENTIFICADO,HOMEM CIS,False,False,13.0,2021,9,SETEMBRO,8,QUARTA-FEIRA,3,False,13.0,TARDE,ADULTO
FC-01090,CASA AMARELA,26.0,2023-07-09 18:41:42,-8.031,-34.858,HOMICIDIO/TENTATIVA,PRETA,MULHER CIS,False,False,18.0,2023,7,JULHO,9,DOMINGO,3,True,18.0,NOITE,ADULTO
FC-01091,VARZEA,27.0,2019-09-19 19:24:21,-8.038,-34.912,HOMICIDIO/TENTATIVA,NAO IDENTIFICADO,HOMEM CIS,False,False,19.0,2019,9,SETEMBRO,19,QUINTA-FEIRA,3,False,19.0,NOITE,ADULTO
FC-01092,BREJO DA GUARDEIRA,38.0,2023-08-07 04:50:14,-8.073,-34.896,ROUBO,PARDA,HOMEM CIS,False,False,4.0,2023,8,AGOSTO,7,SEGUNDA-FEIRA,3,False,4.0,MADRUGADA,ADULTO
FC-01093,JARDIM SAO PAULO,44.0,2018-02-02 03:51:28,-8.005,-34.855,DISPARO,NAO IDENTIFICADO,HOMEM CIS,False,False,3.0,2018,2,FEVEREIRO,2,SEXTA-FEIRA,1,False,3.0,MADRUGADA,ADULTO
FC-01094,IPUTINGA,36.0,2021-07-23 16:19:53,-8.031,-34.893,DISPARO,NAO IDENTIFICADO,HOMEM CIS,False,False,16.0,2021,7,JULHO,23,SEXTA-FEIRA,3,False,16.0,TARDE,ADULTO
FC-01095,COHAB,10.0,2023-05-23 03:27:35,-8.062,-34.91,HOMICIDIO/TENTATIVA,NAO IDENTIFICADO,HOMEM CIS,False,False,3.0,2023,5,MAIO,23,TERÇA-FEIRA,2,False,3.0,MADRUGADA,CRIANCA
FC-01096,POCO DA PANELA,48.0,2021-01-28 14:29:49,-8.036,-34.863,DISPARO,PRETA,HOMEM CIS,False,False,14.0,2021,1,JANEIRO,28,QUINTA-FEIRA,1,False,14.0,TARDE,ADULTO
FC-01097,ESTACAO,22.0,2020-06-06 22:00:12,-8.054,-34.867,ROUBO,PARDA,HOMEM CIS,False,False,22.0,2020,6,JUNHO,6,SÁBADO,2,True,22.0,NOITE,ADULTO
FC-01098,VARZEA,10.0,2025-09-01 19:02:41,-8.031,-34.914,ROUBO,NAO IDENTIFICADO,HOMEM CIS,False,False,19.0,2025,9,SETEMBRO,1,SEGUNDA-FEIRA,3,False,19.0,NOITE,CRIANCA
FC-01099,CORDOARIA,15.0,2018-10-27 01:45:59,-8.061,-34.868,HOMICIDIO/TENTATIVA,PRETA,NAO IDENTIFICADO,False,False,1.0,2018,10,OUTUBRO,27,SÁBADO,4,True,1.0,MADRUGADA,ADOLESCENTE
FC-01100,VASCO DA GAMA,18.0,2024-02-02 14:39:57,-8.058,-34.877,ROUBO,NAO IDENTIFICADO,HOMEM CIS,False,False,14.0,2024,2,FEVEREIRO,2,SEXTA-FEIRA,1,False,14.0,TARDE,ADULTO
FC-01101,AFLITOS,36.0,2024-01-15 19:03:20,-8.048,-34.871,DISPARO,NAO IDENTIFICADO,MULHER CIS,False,False,19.0,2024,1,JANEIRO,15,SEGUNDA-FEIRA,1,False,19.0,NOITE,ADULTO
FC-01102,NOVA DESCOBERTA,17.0,2021-11-28 22:57:45,-8.012,-34.862,TIRO,PRETA,MULHER CIS,False,False,22.0,2021,11,NOVEMBRO,28,DOMINGO,4,True,22.0,NOITE,ADOLESCENTE
FC-01103,AFLITOS,36.0,2021-11-22 01:12:52,-8.044,-34.867,TIRO,NAO IDENTIFICADO,HOMEM CIS,False,False,1.0,2021,11,NOVEMBRO,22,SEGUNDA-FEIRA,4,False,1.0,MADRUGADA,ADULTO
FC-01104,AFLITOS,29.0,2020-09-14 04:47:53,-8.049,-34.871,HOMICIDIO/TENTATIVA,NAO IDENTIFICADO,HOMEM CIS,False,False,4.0,2020,9,SETEMBRO,14,SEGUNDA-FEIRA,3,False,4.0,MADRUGADA,ADULTO
FC-01105,IPUTINGA,55.0,2024-02-19 22:05:07,-8.031,-34.894,DISPARO,NAO IDENTIFICADO,HOMEM CIS,False,False,22.0,2024,2,FEVEREIRO,19,SEGUNDA-FEIRA,1,False,22.0,NOITE,ADULTO
FC-01106,AFLITOS,34.0,2024-01-07 19:29:05,-8.045,-34.875,BRIGA,PRETA,HOMEM CIS,False,False,19.0,2024,1,JANEIRO,7,DOMINGO,1,True,19.0,NOITE,ADULTO
FC-01107,NOVA DESCOBERTA,47.0,2020-12-05 12:24:45,-8.008,-34.864,ROUBO,PRETA,MULHER CIS,False,False,12.0,2020,12,DEZEMBRO,5,SÁBADO,4,True,12.0,TARDE,ADULTO
FC-01108,VARZEA,19.0,2025-03-10 09:28:16,-8.04,-34.914,HOMICIDIO/TENTATIVA,NAO IDENTIFICADO,HOMEM CIS,False,False,9.0,2025,3,MARÇO,10,SEGUNDA-FEIRA,1,False,9.0,MANHÃ,ADULTO
FC-01109,MANGABEIRA,43.0,2023-03-02 22:37:24,-8.009,-34.87,DISPARO,PRETA,HOMEM CIS,False,False,22.0,2023,3,MARÇO,2,QUINTA-FEIRA,1,False,22.0,NOITE,ADULTO
FC-01110,VARZEA,22.0,2024-04-11 20:32:35,-8.038,-34.912,AMEACA,NAO IDENTIFICADO,HOMEM CIS,False,False,20.0,2024,4,ABRIL,11,QUINTA-FEIRA,2,False,20.0,NOITE,ADULTO
FC-01111,NOVA DESCOBERTA,40.0,2020-02-17 19:11:30,-8.02,-34.86,HOMICIDIO/TENTATIVA,NAO IDENTIFICADO,HOMEM CIS,False,False,19.0,2020,2,FEVEREIRO,17,SEGUNDA-FEIRA,1,False,19.0,NOITE,ADULTO
FC-01112,IPUTINGA,36.0,2021-02-21 13:57:00,-8.024,-34.897,ROUBO,PRETA,HOMEM CIS,False,False,13.0,2021,2,FEVEREIRO,21,DOMINGO,1,True,13.0,TARDE,ADULTO
FC-01113,IPUTINGA,13.0,2021-08-18 04:01:28,-8.028,-34.891,ROUBO,NAO IDENTIFICADO,HOMEM CIS,False,False,4.0,2021,8,AGOSTO,18,QUARTA-FEIRA,3,False,4.0,MADRUGADA,ADOLESCENTE
FC-01114,BREJO DA GUARDEIRA,51.0,2020-12-12 19:30:43,-8.068,-34.901,DISPARO,PRETA,HOMEM CIS,False,False,19.0,2020,12,DEZEMBRO,12,SÁBADO,4,True,19.0,NOITE,ADULTO
FC-01115,GRACO,17.0,2022-07-14 21:36:25,-8.039,-34.873,ROUBO,PARDA,MULHER CIS,False,False,21.0,2022,7,JULHO,14,QUINTA-FEIRA,3,False,21.0,NOITE,ADOLESCENTE
FC-01116,ALTO JOSE DO PINHO,54.0,2025-04-19 21:08:42,-8.021,-34.88,BRIGA,PARDA,MULHER CIS,False,False,21.0,2025,4,ABRIL,19,SÁBADO,2,True,21.0,NOITE,ADULTO
FC-01117,IBURA,38.0,2021-07-06 16:42:09,-8.082,-34.894,HOMICIDIO/TENTATIVA,PARDA,HOMEM CIS,False,False,16.0,2021,7,JULHO,6,TERÇA-FEIRA,3,False,16.0,TARDE,ADULTO
FC-01118,IPUTINGA,25.0,2019-04-05 20:54:49,-8.027,-34.893,HOMICIDIO/TENTATIVA,NAO IDENTIFICADO,HOMEM CIS,False,False,20.0,2019,4,ABRIL,5,SEXTA-FEIRA,2,False,20.0,NOITE,ADULTO
FC-01119,VARZEA,22.0,2020-08-22 14:29:45,-8.035,-34.915,DISPARO,NAO IDENTIFICADO,HOMEM CIS,False,False,14.0,2020,8,AGOSTO,22,SÁBADO,3,True,14.0,TARDE,ADULTO
FC-01120,COHAB,10.0,2024-05-27 20:55:27,-8.064,-34.908,HOMICIDIO/TENTATIVA,PARDA,HOMEM CIS,False,False,20.0,2024,5,MAIO,27,SEGUNDA-FEIRA,2,False,20.0,NOITE,CRIANCA
FC-01121,IBURA,16.0,2020-10-06 21:23:23,-8.087,-34.897,DISPARO,PRETA,HOMEM CIS,False,False,21.0,2020,10,OUTUBRO,6,TERÇA-FEIRA,4,False,21.0,NOITE,ADOLESCENTE
FC-01122,IBURA,13.0,2020-08-07 01:19:27,-8.084,-34.886,HOMICIDIO/TENTATIVA,NAO IDENTIFICADO,HOMEM CIS,False,False,1.0,2020,8,AGOSTO,7,SEXTA-FEIRA,3,False,1.0,MADRUGADA,ADOLESCENTE
FC-01123,SANTO AMARO,23.0,2024-01-09 23:26:11,-8.057,-34.869,DISPARO,NAO IDENTIFICADO,HOMEM CIS,False,False,23.0,2024,1,JANEIRO,9,TERÇA-FEIRA,1,False,23.0,NOITE,ADULTO
FC-01124,ALTO JOSE DO PINHO,31.0,2024-11-28 15:51:00,-8.02,-34.889,HOMICIDIO/TENTATIVA,PARDA,HOMEM CIS,False,False,15.0,2024,11,NOVEMBRO,28,QUINTA-FEIRA,4,False,15.0,TARDE,ADULTO
FC-01125,MANGABEIRA,47.0,2025-07-14 21:19:27,-8.005,-34.875,DISPARO,NAO IDENTIFICADO,HOMEM CIS,False,False,21.0,2025,7,JULHO,14,SEGUNDA-FEIRA,3,False,21.0,NOITE,ADULTO
FC-01126,COHAB,17.0,2024-12-11 21:23:07,-8.066,-34.908,DISPARO,BRANCA,HOMEM CIS,False,False,21.0,2024,12,DEZEMBRO,11,QUARTA-FEIRA,4,False,21.0,NOITE,ADOLESCENTE
FC-01127,ALTO JOSE DO PINHO,36.0,2021-12-19 09:32:52,-8.022,-34.879,HOMICIDIO/TENTATIVA,PRETA,HOMEM CIS,False,False,9.0,2021,12,DEZEMBRO,19,DOMINGO,4,True,9.0,MANHÃ,ADULTO
FC-01128,SAN MARTIN,44.0,2022-06-02 22:43:23,-8.039,-34.875,HOMICIDIO/TENTATIVA,NAO IDENTIFICADO,HOMEM CIS,False,False,22.0,2022,6,JUNHO,2,QUINTA-FEIRA,2,False,22.0,NOITE,ADULTO
FC-01129,SANTO AMARO,43.0,2020-07-01 16:19:40,-8.06,-34.872,HOMICIDIO/TENTATIVA,NAO IDENTIFICADO,HOMEM CIS,True,False,16.0,2020,7,JULHO,1,QUARTA-FEIRA,3,False,16.0,TARDE,ADULTO
FC-01130,CORDOARIA,30.0,2019-02-05 20:40:31,-8.055,-34.873,HOMICIDIO/TENTATIVA,PRETA,HOMEM CIS,False,False,20.0,2019,2,FEVEREIRO,5,TERÇA-FEIRA,1,False,20.0,NOITE,ADULTO
FC-01131,IPUTINGA,11.0,2025-12-27 17:29:02,-8.03,-34.893,ROUBO,PRETA,HOMEM CIS,False,False,17.0,2025,12,DEZEMBRO,27,SÁBADO,4,True,17.0,TARDE,CRIANCA
FC-01132,IBURA,29.0,2019-09-24 02:59:40,-8.076,-34.896,AMEACA,PRETA,HOMEM CIS,False,False,2.0,2019,9,SETEMBRO,24,TERÇA-FEIRA,3,False,2.0,MADRUGADA,ADULTO
FC-01133,ESTACAO,36.0,2024-02-27 22:07:50,-8.049,-34.864,TIRO,PRETA,HOMEM CIS,False,False,22.0,2024,2,FEVEREIRO,27,TERÇA-FEIRA,1,False,22.0,NOITE,ADULTO
FC-01134,ROSARINHO,25.0,2023-01-12 18:13:48,-8.039,-34.863,AMEACA,NAO IDENTIFICADO,HOMEM CIS,False,False,18.0,2023,1,JANEIRO,12,QUINTA-FEIRA,1,False,18.0,NOITE,ADULTO
FC-01135,ESPINHEIRO,32.0,2023-03-22 11:00:26,-8.042,-34.867,TIRO,NAO IDENTIFICADO,HOMEM CIS,False,False,11.0,2023,3,MARÇO,22,QUARTA-FEIRA,1,False,11.0,MANHÃ,ADULTO
FC-01136,ESTACAO,10.0,2025-06-04 06:01:45,-8.051,-34.871,DISPARO,NAO IDENTIFICADO,HOMEM CIS,False,False,6.0,2025,6,JUNHO,4,QUARTA-FEIRA,2,False,6.0,MANHÃ,CRIANCA
FC-01137,BREJO DA GUARDEIRA,27.0,2021-10-11 18:30:59,-8.064,-34.902,DISPARO,PRETA,HOMEM CIS,False,False,18.0,2021,10,OUTUBRO,11,SEGUNDA-FEIRA,4,False,18.0,NOITE,ADULTO
FC-01138,IPUTINGA,25.0,2024-04-18 20:43:24,-8.022,-34.895,DISPARO,NAO IDENTIFICADO,HOMEM CIS,False,False,20.0,2024,4,ABRIL,18,QUINTA-FEIRA,2,False,20.0,NOITE,ADULTO
FC-01139,SANTO AMARO,23.0,2025-02-07 21:33:23,-8.058,-34.867,DISPARO,NAO IDENTIFICADO,HOMEM CIS,False,False,21.0,2025,2,FEVEREIRO,7,SEXTA-FEIRA,1,False,21.0,NOITE,ADULTO
FC-01140,IPUTINGA,32.0,2019-06-19 15:48:01,-8.032,-34.895,TIRO,NAO IDENTIFICADO,HOMEM CIS,False,False,15.0,2019,6,JUNHO,19,QUARTA-FEIRA,2,False,15.0,TARDE,ADULTO
FC-01141,MANGABEIRA,22.0,2019-10-28 03:25:13,-8.01,-34.869,ROUBO,NAO IDENTIFICADO,HOMEM CIS,False,False,3.0,2019,10,OUTUBRO,28,SEGUNDA-FEIRA,4,False,3.0,MADRUGADA,ADULTO
FC-01142,MANGABEIRA,35.0,2024-07-18 15:48:13,-8.015,-34.867,AMEACA,NAO IDENTIFICADO,HOMEM CIS,False,False,15.0,2024,7,JULHO,18,QUINTA-FEIRA,3,False,15.0,TARDE,ADULTO
FC-01143,NOVA DESCOBERTA,33.0,2023-11-25 19:32:34,-8.011,-34.864,TIRO,PRETA,HOMEM CIS,False,False,19.0,2023,11,NOVEMBRO,25,SÁBADO,4,True,19.0,NOITE,ADULTO
FC-01144,CAXANGA,43.0,2022-03-13 11:34:53,-8.024,-34.916,AMEACA,NAO IDENTIFICADO,HOMEM CIS,False,False,11.0,2022,3,MARÇO,13,DOMINGO,1,True,11.0,MANHÃ,ADULTO
FC-01145,SANTO AMARO,36.0,2021-07-14 04:01:39,-8.058,-34.863,DISPARO,NAO IDENTIFICADO,HOMEM CIS,False,False,4.0,2021,7,JULHO,14,QUARTA-FEIRA,3,False,4.0,MADRUGADA,ADULTO
FC-01146,VASCO DA GAMA,36.0,2025-06-20 08:36:40,-8.053,-34.884,TIRO,PRETA,NAO IDENTIFICADO,False,False,8.0,2025,6,JUNHO,20,SEXTA-FEIRA,2,False,8.0,MANHÃ,ADULTO
FC-01147,JAQUEIRA,14.0,2021-09-28 05:58:10,-8.037,-34.868,AMEACA,PRETA,HOMEM CIS,False,False,5.0,2021,9,SETEMBRO,28,TERÇA-FEIRA,3,False,5.0,MADRUGADA,ADOLESCENTE
FC-01148,CURADO,22.0,2021-05-03 22:13:36,-8.07,-34.905,ROUBO,BRANCA,HOMEM CIS,False,False,22.0,2021,5,MAIO,3,SEGUNDA-FEIRA,2,False,22.0,NOITE,ADULTO
FC-01149,BOA VISTA,38.0,2022-11-04 21:53:21,-8.053,-34.875,HOMICIDIO/TENTATIVA,NAO IDENTIFICADO,HOMEM CIS,False,False,21.0,2022,11,NOVEMBRO,4,SEXTA-FEIRA,4,False,21.0,NOITE,ADULTO
FC-01150,VARZEA,20.0,2018-11-14 21:30:55,-8.036,-34.916,HOMICIDIO/TENTATIVA,BRANCA,HOMEM CIS,False,False,21.0,2018,11,NOVEMBRO,14,QUARTA-FEIRA,4,False,21.0,NOITE,ADULTO
FC-01151,ESTACAO,24.0,2024-11-18 20:28:30,-8.057,-34.871,HOMICIDIO/TENTATIVA,PRETA,HOMEM CIS,False,False,20.0,2024,11,NOVEMBRO,18,SEGUNDA-FEIRA,4,False,20.0,NOITE,ADULTO
FC-01152,IPUTINGA,23.0,2021-12-17 19:28:27,-8.037,-34.887,AMEACA,PARDA,HOMEM CIS,False,False,19.0,2021,12,DEZEMBRO,17,SEXTA-FEIRA,4,False,19.0,NOITE,ADULTO
FC-01153,VARZEA,43.0,2019-03-12 15:21:09,-8.036,-34.915,AMEACA,PARDA,HOMEM CIS,False,False,15.0,2019,3,MARÇO,12,TERÇA-FEIRA,1,False,15.0,TARDE,ADULTO
FC-01154,ALTO JOSE DO PINHO,15.0,2022-12-16 21:48:16,-8.015,-34.879,TIRO,NAO IDENTIFICADO,HOMEM CIS,False,False,21.0,2022,12,DEZEMBRO,16,SEXTA-FEIRA,4,False,21.0,NOITE,ADOLESCENTE
FC-01155,SAN MARTIN,31.0,2023-03-05 17:01:14,-8.037,-34.877,DISPARO,PRETA,HOMEM CIS,False,False,17.0,2023,3,MARÇO,5,DOMINGO,1,True,17.0,TARDE,ADULTO
FC-01156,CORDOARIA,13.0,2023-08-23 15:18:09,-8.059,-34.873,HOMICIDIO/TENTATIVA,BRANCA,HOMEM CIS,False,False,15.0,2023,8,AGOSTO,23,QUARTA-FEIRA,3,False,15.0,TARDE,ADOLESCENTE
FC-01157,COHAB,24.0,2020-04-19 12:37:00,-8.066,-34.905,HOMICIDIO/TENTATIVA,PARDA,HOMEM CIS,False,False,12.0,2020,4,ABRIL,19,DOMINGO,2,True,12.0,TARDE,ADULTO
FC-01158,ALTO JOSE DO PINHO,30.0,2025-06-21 03:54:32,-8.02,-34.888,DISPARO,NAO IDENTIFICADO,MULHER CIS,False,False,3.0,2025,6,JUNHO,21,SÁBADO,2,True,3.0,MADRUGADA,ADULTO
FC-01159,CORDOARIA,21.0,2022-08-13 00:04:21,-8.062,-34.87,ROUBO,PRETA,MULHER CIS,False,False,0.0,2022,8,AGOSTO,13,SÁBADO,3,True,0.0,MADRUGADA,ADULTO
FC-01160,NOVA DESCOBERTA,10.0,2023-06-16 16:58:40,-8.012,-34.861,AMEACA,PARDA,HOMEM CIS,False,False,16.0,2023,6,JUNHO,16,SEXTA-FEIRA,2,False,16.0,TARDE,CRIANCA
FC-01161,ESPINHEIRO,26.0,2024-06-22 01:40:06,-8.05,-34.869,ROUBO,PARDA,HOMEM CIS,False,False,1.0,2024,6,JUNHO,22,SÁBADO,2,True,1.0,MADRUGADA,ADULTO
FC-01162,IBURA,29.0,2025-01-15 18:15:15,-8.085,-34.894,TIRO,NAO IDENTIFICADO,HOMEM CIS,False,False,18.0,2025,1,JANEIRO,15,QUARTA-FEIRA,1,False,18.0,NOITE,ADULTO
FC-01163,VARZEA,53.0,2023-03-02 23:17:35,-8.033,-34.918,HOMICIDIO/TENTATIVA,PARDA,MULHER CIS,False,False,23.0,2023,3,MARÇO,2,QUINTA-FEIRA,1,False,23.0,NOITE,ADULTO
FC-01164,VARZEA,9.0,2022-01-07 06:37:48,-8.036,-34.916,ROUBO,NAO IDENTIFICADO,MULHER CIS,False,False,6.0,2022,1,JANEIRO,7,SEXTA-FEIRA,1,False,6.0,MANHÃ,CRIANCA
FC-01165,COHAB,38.0,2018-08-04 16:30:12,-8.067,-34.903,AMEACA,NAO IDENTIFICADO,MULHER CIS,False,False,16.0,2018,8,AGOSTO,4,SÁBADO,3,True,16.0,TARDE,ADULTO
FC-01166,VARZEA,53.0,2025-02-24 22:49:41,-8.033,-34.915,DISPARO,PRETA,HOMEM CIS,False,False,22.0,2025,2,FEVEREIRO,24,SEGUNDA-FEIRA,1,False,22.0,NOITE,ADULTO
FC-01167,VASCO DA GAMA,27.0,2021-05-16 19:21:32,-8.056,-34.876,HOMICIDIO/TENTATIVA,AMARELA,HOMEM CIS,False,False,19.0,2021,5,MAIO,16,DOMINGO,2,True,19.0,NOITE,ADULTO
FC-01168,JAQUEIRA,22.0,2020-09-17 12:28:07,-8.038,-34.868,HOMICIDIO/TENTATIVA,PARDA,HOMEM CIS,False,False,12.0,2020,9,SETEMBRO,17,QUINTA-FEIRA,3,False,12.0,TARDE,ADULTO
FC-01169,VARZEA,23.0,2022-03-03 21:43:19,-8.039,-34.914,DISPARO,PARDA,HOMEM CIS,False,False,21.0,2022,3,MARÇO,3,QUINTA-FEIRA,1,False,21.0,NOITE,ADULTO
FC-01170,SAN MARTIN,29.0,2024-04-07 12:19:20,-8.038,-34.88,HOMICIDIO/TENTATIVA,NAO IDENTIFICADO,HOMEM CIS,False,False,12.0,2024,4,ABRIL,7,DOMINGO,2,True,12.0,TARDE,ADULTO
FC-01171,COHAB,44.0,2019-03-07 21:50:10,-8.068,-34.9,DISPARO,PRETA,HOMEM CIS,False,False,21.0,2019,3,MARÇO,7,QUINTA-FEIRA,1,False,21.0,NOITE,ADULTO
FC-01172,SANTO AMARO,10.0,2023-07-25 20:14:59,-8.057,-34.869,DISPARO,NAO IDENTIFICADO,HOMEM CIS,False,False,20.0,2023,7,JULHO,25,TERÇA-FEIRA,3,False,20.0,NOITE,CRIANCA
FC-01173,CAXANGA,20.0,2021-12-11 16:27:36,-8.024,-34.916,HOMICIDIO/TENTATIVA,NAO IDENTIFICADO,HOMEM CIS,False,False,16.0,2021,12,DEZEMBRO,11,SÁBADO,4,True,16.0,TARDE,ADULTO
FC-01174,IBURA,8.0,2023-03-15 21:01:52,-8.08,-34.899,DISPARO,NAO IDENTIFICADO,MULHER CIS,False,False,21.0,2023,3,MARÇO,15,QUARTA-FEIRA,1,False,21.0,NOITE,CRIANCA
FC-01175,SANTO AMARO,18.0,2021-07-11 18:47:12,-8.053,-34.872,HOMICIDIO/TENTATIVA,PARDA,HOMEM CIS,False,False,18.0,2021,7,JULHO,11,DOMINGO,3,True,18.0,NOITE,ADULTO
FC-01176,ALTO JOSE DO PINHO,15.0,2021-08-24 19:02:49,-8.021,-34.879,HOMICIDIO/TENTATIVA,NAO IDENTIFICADO,MULHER CIS,False,False,19.0,2021,8,AGOSTO,24,TERÇA-FEIRA,3,False,19.0,NOITE,ADOLESCENTE
FC-01177,JAQUEIRA,10.0,2023-01-04 01:21:17,-8.041,-34.864,OUTRO,NAO IDENTIFICADO,HOMEM CIS,False,False,1.0,2023,1,JANEIRO,4,QUARTA-FEIRA,1,False,1.0,MADRUGADA,CRIANCA
FC-01178,JARDIM SAO PAULO,52.0,2021-12-14 21:55:09,-8.005,-34.859,TIRO,NAO IDENTIFICADO,HOMEM CIS,False,False,21.0,2021,12,DEZEMBRO,14,TERÇA-FEIRA,4,False,21.0,NOITE,ADULTO
FC-01179,VARZEA,55.0,2024-05-18 18:18:44,-8.03,-34.913,DISPARO,NAO IDENTIFICADO,HOMEM CIS,True,False,18.0,2024,5,MAIO,18,SÁBADO,2,True,18.0,NOITE,ADULTO
FC-01180,TOTOS,20.0,2025-06-25 16:56:13,-8.038,-34.865,TIRO,PRETA,MULHER CIS,False,False,16.0,2025,6,JUNHO,25,QUARTA-FEIRA,2,False,16.0,TARDE,ADULTO
FC-01181,NOVA DESCOBERTA,33.0,2020-10-24 22:08:07,-8.011,-34.862,BRIGA,NAO IDENTIFICADO,HOMEM CIS,False,False,22.0,2020,10,OUTUBRO,24,SÁBADO,4,True,22.0,NOITE,ADULTO
FC-01182,CORDOARIA,17.0,2025-09-12 00:27:02,-8.054,-34.872,DISPARO,NAO IDENTIFICADO,HOMEM CIS,False,False,0.0,2025,9,SETEMBRO,12,SEXTA-FEIRA,3,False,0.0,MADRUGADA,ADOLESCENTE
FC-01183,POCO DA PANELA,38.0,2023-12-03 18:35:49,-8.031,-34.865,DISPARO,NAO IDENTIFICADO,HOMEM CIS,False,False,18.0,2023,12,DEZEMBRO,3,DOMINGO,4,True,18.0,NOITE,ADULTO
FC-01184,POCO DA PANELA,31.0,2023-04-25 02:43:27,-8.037,-34.867,ROUBO,NAO IDENTIFICADO,MULHER CIS,False,False,2.0,2023,4,ABRIL,25,TERÇA-FEIRA,2,False,2.0,MADRUGADA,ADULTO
FC-01185,SAN MARTIN,36.0,2018-11-19 13:33:49,-8.032,-34.884,TIRO,PRETA,MULHER CIS,False,False,13.0,2018,11,NOVEMBRO,19,SEGUNDA-FEIRA,4,False,13.0,TARDE,ADULTO
FC-01186,JAQUEIRA,31.0,2023-07-01 00:20:27,-8.036,-34.868,HOMICIDIO/TENTATIVA,NAO IDENTIFICADO,MULHER CIS,False,False,0.0,2023,7,JULHO,1,SÁBADO,3,True,0.0,MADRUGADA,ADULTO
FC-01187,NOVA DESCOBERTA,28.0,2023-10-12 22:45:55,-8.019,-34.864,DISPARO,NAO IDENTIFICADO,HOMEM CIS,False,False,22.0,2023,10,OUTUBRO,12,QUINTA-FEIRA,4,False,22.0,NOITE,ADULTO
FC-01188,TOTOS,20.0,2023-01-25 03:22:04,-8.045,-34.861,HOMICIDIO/TENTATIVA,NAO IDENTIFICADO,HOMEM CIS,False,False,3.0,2023,1,JANEIRO,25,QUARTA-FEIRA,1,False,3.0,MADRUGADA,ADULTO
FC-01189,JARDIM SAO PAULO,41.0,2025-04-07 21:01:08,-8.005,-34.854,HOMICIDIO/TENTATIVA,NAO IDENTIFICADO,HOMEM CIS,False,False,21.0,2025,4,ABRIL,7,SEGUNDA-FEIRA,2,False,21.0,NOITE,ADULTO
FC-01190,SAN MARTIN,47.0,2024-12-07 14:28:28,-8.039,-34.875,DISPARO,NAO IDENTIFICADO,MULHER CIS,False,False,14.0,2024,12,DEZEMBRO,7,SÁBADO,4,True,14.0,TARDE,ADULTO
FC-01191,TOTOS,26.0,2022-10-24 17:10:48,-8.034,-34.864,BRIGA,NAO IDENTIFICADO,HOMEM CIS,False,False,17.0,2022,10,OUTUBRO,24,SEGUNDA-FEIRA,4,False,17.0,TARDE,ADULTO
FC-01192,ALTO JOSE DO PINHO,32.0,2020-02-26 17:30:16,-8.024,-34.884,HOMICIDIO/TENTATIVA,PRETA,HOMEM CIS,False,False,17.0,2020,2,FEVEREIRO,26,QUARTA-FEIRA,1,False,17.0,TARDE,ADULTO
FC-01193,SAN MARTIN,20.0,2024-06-12 22:53:04,-8.042,-34.88,DISPARO,PARDA,HOMEM CIS,False,False,22.0,2024,6,JUNHO,12,QUARTA-FEIRA,2,False,22.0,NOITE,ADULTO
FC-01194,SANTO AMARO,17.0,2024-08-01 23:17:46,-8.052,-34.866,TIRO,PRETA,HOMEM CIS,False,False,23.0,2024,8,AGOSTO,1,QUINTA-FEIRA,3,False,23.0,NOITE,ADOLESCENTE
FC-01195,IBURA,58.0,2022-03-23 16:02:03,-8.086,-34.892,HOMICIDIO/TENTATIVA,NAO IDENTIFICADO,MULHER CIS,False,False,16.0,2022,3,MARÇO,23,QUARTA-FEIRA,1,False,16.0,TARDE,ADULTO
FC-01196,CURADO,14.0,2019-03-06 22:09:47,-8.072,-34.913,DISPARO,NAO IDENTIFICADO,HOMEM CIS,False,False,22.0,2019,3,MARÇO,6,QUARTA-FEIRA,1,False,22.0,NOITE,ADOLESCENTE
FC-01197,VARZEA,49.0,2022-05-13 19:58:53,-8.036,-34.912,HOMICIDIO/TENTATIVA,NAO IDENTIFICADO,MULHER CIS,False,False,19.0,2022,5,MAIO,13,SEXTA-FEIRA,2,False,19.0,NOITE,ADULTO
FC-01198,IBURA,37.0,2024-03-14 01:24:48,-8.075,-34.896,DISPARO,NAO IDENTIFICADO,HOMEM CIS,False,False,1.0,2024,3,MARÇO,14,QUINTA-FEIRA,1,False,1.0,MADRUGADA,ADULTO
FC-01199,VARZEA,45.0,2021-02-04 23:29:26,-8.032,-34.918,HOMICIDIO/TENTATIVA,NAO IDENTIFICADO,HOMEM CIS,False,False,23.0,2021,2,FEVEREIRO,4,QUINTA-FEIRA,1,False,23.0,NOITE,ADULTO
FC-01200,SAN MARTIN,46.0,2022-05-05 12:34:23,-8.039,-34.879,HOMICIDIO/TENTATIVA,PARDA,MULHER CIS,False,False,12.0,2022,5,MAIO,5,QUINTA-FEIRA,2,False,12.0,TARDE,ADULTO
FC-01201,AFLITOS,20.0,2020-04-17 03:09:14,-8.047,-34.866,ROUBO,PRETA,HOMEM CIS,False,False,3.0,2020,4,ABRIL,17,SEXTA-FEIRA,2,False,3.0,MADRUGADA,ADULTO
FC-01202,COHAB,30.0,2020-03-24 19:21:45,-8.063,-34.907,HOMICIDIO/TENTATIVA,PARDA,HOMEM CIS,False,False,19.0,2020,3,MARÇO,24,TERÇA-FEIRA,1,False,19.0,NOITE,ADULTO
FC-01203,BREJO DA GUARDEIRA,20.0,2025-06-14 14:09:37,-8.067,-34.904,HOMICIDIO/TENTATIVA,AMARELA,HOMEM CIS,False,False,14.0,2025,6,JUNHO,14,SÁBADO,2,True,14.0,TARDE,ADULTO
FC-01204,IBURA,26.0,2020-03-01 03:02:53,-8.082,-34.892,HOMICIDIO/TENTATIVA,NAO IDENTIFICADO,MULHER CIS,False,False,3.0,2020,3,MARÇO,1,DOMINGO,1,True,3.0,MADRUGADA,ADULTO
FC-01205,CORDOARIA,27.0,2020-10-13 16:13:29,-8.057,-34.871,ROUBO,NAO IDENTIFICADO,HOMEM CIS,False,False,16.0,2020,10,OUTUBRO,13,TERÇA-FEIRA,4,False,16.0,TARDE,ADULTO
FC-01206,SAN MARTIN,38.0,2021-03-09 13:55:31,-8.043,-34.879,DISPARO,PRETA,HOMEM CIS,False,False,13.0,2021,3,MARÇO,9,TERÇA-FEIRA,1,False,13.0,TARDE,ADULTO
FC-01207,SANTO AMARO,44.0,2018-06-14 19:34:08,-8.055,-34.874,DISPARO,NAO IDENTIFICADO,HOMEM CIS,False,False,19.0,2018,6,JUNHO,14,QUINTA-FEIRA,2,False,19.0,NOITE,ADULTO
FC-01208,SAN MARTIN,34.0,2025-05-15 15:05:55,-8.046,-34.878,HOMICIDIO/TENTATIVA,PRETA,HOMEM CIS,False,False,15.0,2025,5,MAIO,15,QUINTA-FEIRA,2,False,15.0,TARDE,ADULTO
FC-01209,CORDOARIA,58.0,2024-04-25 00:46:47,-8.061,-34.876,HOMICIDIO/TENTATIVA,AMARELA,MULHER CIS,False,False,0.0,2024,4,ABRIL,25,QUINTA-FEIRA,2,False,0.0,MADRUGADA,ADULTO
FC-01210,TOTOS,39.0,2022-09-08 20:33:10,-8.043,-34.867,HOMICIDIO/TENTATIVA,NAO IDENTIFICADO,HOMEM CIS,False,False,20.0,2022,9,SETEMBRO,8,QUINTA-FEIRA,3,False,20.0,NOITE,ADULTO
FC-01211,SANTO AMARO,37.0,2025-12-05 18:39:27,-8.06,-34.871,HOMICIDIO/TENTATIVA,PARDA,HOMEM CIS,False,False,18.0,2025,12,DEZEMBRO,5,SEXTA-FEIRA,4,False,18.0,NOITE,ADULTO
FC-01212,IBURA,42.0,2022-07-16 16:08:46,-8.081,-34.891,DISPARO,NAO IDENTIFICADO,MULHER CIS,False,False,16.0,2022,7,JULHO,16,SÁBADO,3,True,16.0,TARDE,ADULTO
FC-01213,COHAB,25.0,2024-10-03 01:26:08,-8.064,-34.905,HOMICIDIO/TENTATIVA,PRETA,HOMEM CIS,False,False,1.0,2024,10,OUTUBRO,3,QUINTA-FEIRA,4,False,1.0,MADRUGADA,ADULTO
FC-01214,VARZEA,32.0,2021-03-21 15:37:12,-8.036,-34.916,BRIGA,BRANCA,NAO IDENTIFICADO,False,False,15.0,2021,3,MARÇO,21,DOMINGO,1,True,15.0,TARDE,ADULTO
FC-01215,IBURA,18.0,2019-12-19 22:09:13,-8.082,-34.894,ROUBO,NAO IDENTIFICADO,MULHER CIS,False,False,22.0,2019,12,DEZEMBRO,19,QUINTA-FEIRA,4,False,22.0,NOITE,ADULTO
FC-01216,NOVA DESCOBERTA,16.0,2022-11-20 16:42:28,-8.014,-34.864,DISPARO,PRETA,HOMEM CIS,False,False,16.0,2022,11,NOVEMBRO,20,DOMINGO,4,True,16.0,TARDE,ADOLESCENTE
FC-01217,MANGABEIRA,39.0,2024-12-11 21:02:24,-8.011,-34.869,ROUBO,NAO IDENTIFICADO,HOMEM CIS,False,False,21.0,2024,12,DEZEMBRO,11,QUARTA-FEIRA,4,False,21.0,NOITE,ADULTO
FC-01218,COHAB,36.0,2023-08-25 11:33:06,-8.064,-34.907,ROUBO,PRETA,HOMEM CIS,False,False,11.0,2023,8,AGOSTO,25,SEXTA-FEIRA,3,False,11.0,MANHÃ,ADULTO
FC-01219,BREJO DA GUARDEIRA,31.0,2023-12-14 15:40:06,-8.069,-34.9,ROUBO,NAO IDENTIFICADO,HOMEM CIS,False,False,15.0,2023,12,DEZEMBRO,14,QUINTA-FEIRA,4,False,15.0,TARDE,ADULTO
FC-01220,CAXANGA,10.0,2021-11-27 09:22:05,-8.025,-34.913,TIRO,BRANCA,HOMEM CIS,True,False,9.0,2021,11,NOVEMBRO,27,SÁBADO,4,True,9.0,MANHÃ,CRIANCA
FC-01221,CASA AMARELA,25.0,2023-02-25 21:31:35,-8.034,-34.859,DISPARO,NAO IDENTIFICADO,HOMEM CIS,False,False,21.0,2023,2,FEVEREIRO,25,SÁBADO,1,True,21.0,NOITE,ADULTO
FC-01222,CORDOARIA,33.0,2023-10-27 21:06:36,-8.054,-34.877,DISPARO,BRANCA,HOMEM CIS,False,False,21.0,2023,10,OUTUBRO,27,SEXTA-FEIRA,4,False,21.0,NOITE,ADULTO
FC-01223,TOTOS,38.0,2021-07-23 21:22:41,-8.036,-34.865,ROUBO,PRETA,HOMEM CIS,False,False,21.0,2021,7,JULHO,23,SEXTA-FEIRA,3,False,21.0,NOITE,ADULTO
FC-01224,SAN MARTIN,36.0,2024-12-25 15:58:01,-8.037,-34.875,DISPARO,NAO IDENTIFICADO,MULHER CIS,False,False,15.0,2024,12,DEZEMBRO,25,QUARTA-FEIRA,4,False,15.0,TARDE,ADULTO
FC-01225,IBURA,15.0,2024-12-15 21:16:22,-8.08,-34.892,ROUBO,NAO IDENTIFICADO,MULHER CIS,False,False,21.0,2024,12,DEZEMBRO,15,DOMINGO,4,True,21.0,NOITE,ADOLESCENTE
FC-01226,IPUTINGA,33.0,2021-12-21 10:50:10,-8.028,-34.893,AMEACA,NAO IDENTIFICADO,MULHER CIS,False,False,10.0,2021,12,DEZEMBRO,21,TERÇA-FEIRA,4,False,10.0,MANHÃ,ADULTO
FC-01227,CAXANGA,44.0,2024-03-28 17:05:21,-8.025,-34.923,AMEACA,PRETA,HOMEM CIS,False,False,17.0,2024,3,MARÇO,28,QUINTA-FEIRA,1,False,17.0,TARDE,ADULTO
FC-01228,ESPINHEIRO,26.0,2019-12-03 19:20:39,-8.041,-34.864,AMEACA,NAO IDENTIFICADO,MULHER CIS,False,False,19.0,2019,12,DEZEMBRO,3,TERÇA-FEIRA,4,False,19.0,NOITE,ADULTO
FC-01229,ESPINHEIRO,37.0,2021-08-12 21:10:20,-8.045,-34.861,DISPARO,PARDA,HOMEM CIS,True,False,21.0,2021,8,AGOSTO,12,QUINTA-FEIRA,3,False,21.0,NOITE,ADULTO
FC-01230,BREJO DA GUARDEIRA,35.0,2024-09-06 14:44:04,-8.066,-34.9,DISPARO,PRETA,MULHER CIS,False,False,14.0,2024,9,SETEMBRO,6,SEXTA-FEIRA,3,False,14.0,TARDE,ADULTO
FC-01231,AFLITOS,39.0,2019-06-18 13:08:58,-8.042,-34.868,ROUBO,PRETA,MULHER CIS,False,False,13.0,2019,6,JUNHO,18,TERÇA-FEIRA,2,False,13.0,TARDE,ADULTO
FC-01232,JAQUEIRA,42.0,2023-02-11 23:28:52,-8.035,-34.869,HOMICIDIO/TENTATIVA,PARDA,HOMEM CIS,True,False,23.0,2023,2,FEVEREIRO,11,SÁBADO,1,True,23.0,NOITE,ADULTO
FC-01233,VARZEA,22.0,2023-04-08 21:28:41,-8.034,-34.912,HOMICIDIO/TENTATIVA,NAO IDENTIFICADO,NAO IDENTIFICADO,False,False,21.0,2023,4,ABRIL,8,SÁBADO,2,True,21.0,NOITE,ADULTO
FC-01234,IBURA,27.0,2024-07-18 18:36:12,-8.079,-34.888,TIRO,NAO IDENTIFICADO,HOMEM CIS,False,False,18.0,2024,7,JULHO,18,QUINTA-FEIRA,3,False,18.0,NOITE,ADULTO
FC-01235,ALTO JOSE DO PINHO,19.0,2021-05-23 21:23:51,-8.023,-34.885,ROUBO,PRETA,HOMEM CIS,False,False,21.0,2021,5,MAIO,23,DOMINGO,2,True,21.0,NOITE,ADULTO
FC-01236,CORDOARIA,36.0,2021-12-05 12:52:44,-8.06,-34.869,HOMICIDIO/TENTATIVA,BRANCA,MULHER CIS,False,False,12.0,2021,12,DEZEMBRO,5,DOMINGO,4,True,12.0,TARDE,ADULTO
FC-01237,MANGABEIRA,35.0,2023-09-11 02:52:38,-8.01,-34.874,OUTRO,BRANCA,HOMEM CIS,False,False,2.0,2023,9,SETEMBRO,11,SEGUNDA-FEIRA,3,False,2.0,MADRUGADA,ADULTO
FC-01238,AFLITOS,14.0,2022-10-27 01:39:28,-8.044,-34.878,OUTRO,PRETA,HOMEM CIS,False,False,1.0,2022,10,OUTUBRO,27,QUINTA-FEIRA,4,False,1.0,MADRUGADA,ADOLESCENTE
FC-01239,IBURA,38.0,2023-06-16 21:09:04,-8.082,-34.882,DISPARO,NAO IDENTIFICADO,NAO IDENTIFICADO,False,False,21.0,2023,6,JUNHO,16,SEXTA-FEIRA,2,False,21.0,NOITE,ADULTO
FC-01240,JAQUEIRA,57.0,2018-10-16 15:48:08,-8.039,-34.868,ROUBO,NAO IDENTIFICADO,HOMEM CIS,False,False,15.0,2018,10,OUTUBRO,16,TERÇA-FEIRA,4,False,15.0,TARDE,ADULTO
FC-01241,SANTO AMARO,41.0,2020-09-14 03:34:43,-8.053,-34.875,HOMICIDIO/TENTATIVA,PRETA,HOMEM CIS,False,False,3.0,2020,9,SETEMBRO,14,SEGUNDA-FEIRA,3,False,3.0,MADRUGADA,ADULTO
FC-01242,IBURA,10.0,2019-02-20 01:26:46,-8.084,-34.89,DISPARO,PRETA,HOMEM CIS,False,False,1.0,2019,2,FEVEREIRO,20,QUARTA-FEIRA,1,False,1.0,MADRUGADA,CRIANCA
FC-01243,NOVA DESCOBERTA,35.0,2020-11-16 20:21:05,-8.012,-34.869,HOMICIDIO/TENTATIVA,PARDA,HOMEM CIS,False,False,20.0,2020,11,NOVEMBRO,16,SEGUNDA-FEIRA,4,False,20.0,NOITE,ADULTO
FC-01244,MANGABEIRA,8.0,2023-03-28 13:06:19,-8.007,-34.872,DISPARO,NAO IDENTIFICADO,MULHER CIS,False,False,13.0,2023,3,MARÇO,28,TERÇA-FEIRA,1,False,13.0,TARDE,CRIANCA
FC-01245,ESTACAO,10.0,2020-06-21 19:21:28,-8.053,-34.869,HOMICIDIO/TENTATIVA,NAO IDENTIFICADO,HOMEM CIS,False,False,19.0,2020,6,JUNHO,21,DOMINGO,2,True,19.0,NOITE,CRIANCA
FC-01246,NOVA DESCOBERTA,30.0,2023-02-06 00:33:00,-8.016,-34.865,DISPARO,NAO IDENTIFICADO,MULHER CIS,True,False,0.0,2023,2,FEVEREIRO,6,SEGUNDA-FEIRA,1,False,0.0,MADRUGADA,ADULTO
FC-01247,IPUTINGA,25.0,2018-03-07 19:31:11,-8.032,-34.895,DISPARO,PRETA,HOMEM CIS,False,False,19.0,2018,3,MARÇO,7,QUARTA-FEIRA,1,False,19.0,NOITE,ADULTO
FC-01248,IPUTINGA,39.0,2023-08-23 21:49:11,-8.027,-34.892,DISPARO,BRANCA,MULHER CIS,False,False,21.0,2023,8,AGOSTO,23,QUARTA-FEIRA,3,False,21.0,NOITE,ADULTO
FC-01249,CASA AMARELA,18.0,2025-02-26 22:59:18,-8.033,-34.867,DISPARO,NAO IDENTIFICADO,HOMEM CIS,False,False,22.0,2025,2,FEVEREIRO,26,QUARTA-FEIRA,1,False,22.0,NOITE,ADULTO
FC-01250,VARZEA,32.0,2023-10-11 22:59:42,-8.031,-34.919,DISPARO,BRANCA,HOMEM CIS,False,False,22.0,2023,10,OUTUBRO,11,QUARTA-FEIRA,4,False,22.0,NOITE,ADULTO
FC-01251,POCO DA PANELA,23.0,2020-03-08 23:31:12,-8.034,-34.858,HOMICIDIO/TENTATIVA,PRETA,MULHER CIS,False,False,23.0,2020,3,MARÇO,8,DOMINGO,1,True,23.0,NOITE,ADULTO
FC-01252,CORDOARIA,25.0,2025-12-25 21:06:54,-8.06,-34.879,AMEACA,BRANCA,MULHER CIS,False,False,21.0,2025,12,DEZEMBRO,25,QUINTA-FEIRA,4,False,21.0,NOITE,ADULTO
FC-01253,SANTO AMARO,33.0,2022-09-21 05:20:08,-8.052,-34.869,TIRO,PRETA,MULHER CIS,False,False,5.0,2022,9,SETEMBRO,21,QUARTA-FEIRA,3,False,5.0,MADRUGADA,ADULTO
FC-01254,IPUTINGA,29.0,2022-08-04 12:30:39,-8.027,-34.893,DISPARO,NAO IDENTIFICADO,HOMEM CIS,False,False,12.0,2022,8,AGOSTO,4,QUINTA-FEIRA,3,False,12.0,TARDE,ADULTO
FC-01255,ROSARINHO,20.0,2022-01-07 22:19:57,-8.038,-34.864,TIRO,PARDA,HOMEM CIS,False,False,22.0,2022,1,JANEIRO,7,SEXTA-FEIRA,1,False,22.0,NOITE,ADULTO
FC-01256,MANGABEIRA,30.0,2018-05-13 04:34:03,-8.013,-34.866,HOMICIDIO/TENTATIVA,NAO IDENTIFICADO,HOMEM CIS,False,False,4.0,2018,5,MAIO,13,DOMINGO,2,True,4.0,MADRUGADA,ADULTO
FC-01257,CURADO,37.0,2021-12-02 22:06:29,-8.072,-34.907,HOMICIDIO/TENTATIVA,NAO IDENTIFICADO,HOMEM CIS,False,False,22.0,2021,12,DEZEMBRO,2,QUINTA-FEIRA,4,False,22.0,NOITE,ADULTO
FC-01258,NOVA DESCOBERTA,24.0,2023-10-01 01:24:13,-8.017,-34.867,DISPARO,PRETA,HOMEM CIS,False,False,1.0,2023,10,OUTUBRO,1,DOMINGO,4,True,1.0,MADRUGADA,ADULTO
FC-01259,JARDIM SAO PAULO,10.0,2024-03-13 21:23:58,-8.004,-34.86,AMEACA,NAO IDENTIFICADO,HOMEM CIS,False,False,21.0,2024,3,MARÇO,13,QUARTA-FEIRA,1,False,21.0,NOITE,CRIANCA
FC-01260,VARZEA,15.0,2025-11-19 20:57:40,-8.041,-34.915,HOMICIDIO/TENTATIVA,PRETA,HOMEM CIS,False,False,20.0,2025,11,NOVEMBRO,19,QUARTA-FEIRA,4,False,20.0,NOITE,ADOLESCENTE
FC-01261,CURADO,28.0,2021-07-13 10:57:12,-8.071,-34.913,TIRO,NAO IDENTIFICADO,HOMEM CIS,False,False,10.0,2021,7,JULHO,13,TERÇA-FEIRA,3,False,10.0,MANHÃ,ADULTO
FC-01262,NOVA DESCOBERTA,15.0,2024-03-22 20:04:40,-8.014,-34.867,HOMICIDIO/TENTATIVA,PRETA,HOMEM CIS,False,False,20.0,2024,3,MARÇO,22,SEXTA-FEIRA,1,False,20.0,NOITE,ADOLESCENTE
FC-01263,CURADO,33.0,2025-05-22 20:44:25,-8.073,-34.909,HOMICIDIO/TENTATIVA,NAO IDENTIFICADO,HOMEM CIS,False,False,20.0,2025,5,MAIO,22,QUINTA-FEIRA,2,False,20.0,NOITE,ADULTO
FC-01264,IPUTINGA,45.0,2024-04-03 18:31:12,-8.026,-34.894,HOMICIDIO/TENTATIVA,NAO IDENTIFICADO,HOMEM CIS,False,False,18.0,2024,4,ABRIL,3,QUARTA-FEIRA,2,False,18.0,NOITE,ADULTO
FC-01265,SAN MARTIN,33.0,2020-12-26 01:27:39,-8.041,-34.878,AMEACA,NAO IDENTIFICADO,HOMEM CIS,False,False,1.0,2020,12,DEZEMBRO,26,SÁBADO,4,True,1.0,MADRUGADA,ADULTO
FC-01266,VARZEA,26.0,2024-04-25 06:20:02,-8.035,-34.914,BRIGA,NAO IDENTIFICADO,HOMEM CIS,False,False,6.0,2024,4,ABRIL,25,QUINTA-FEIRA,2,False,6.0,MANHÃ,ADULTO
FC-01267,VARZEA,18.0,2022-11-02 14:09:18,-8.038,-34.919,HOMICIDIO/TENTATIVA,NAO IDENTIFICADO,MULHER CIS,False,False,14.0,2022,11,NOVEMBRO,2,QUARTA-FEIRA,4,False,14.0,TARDE,ADULTO
FC-01268,VARZEA,10.0,2025-02-27 08:33:18,-8.039,-34.915,DISPARO,PRETA,HOMEM CIS,False,False,8.0,2025,2,FEVEREIRO,27,QUINTA-FEIRA,1,False,8.0,MANHÃ,CRIANCA
FC-01269,MANGABEIRA,19.0,2022-01-20 20:46:59,-8.008,-34.87,HOMICIDIO/TENTATIVA,NAO IDENTIFICADO,HOMEM CIS,False,False,20.0,2022,1,JANEIRO,20,QUINTA-FEIRA,1,False,20.0,NOITE,ADULTO
FC-01270,VARZEA,10.0,2022-07-25 18:54:14,-8.033,-34.913,DISPARO,NAO IDENTIFICADO,HOMEM CIS,False,False,18.0,2022,7,JULHO,25,SEGUNDA-FEIRA,3,False,18.0,NOITE,CRIANCA
FC-01271,MANGABEIRA,18.0,2025-11-13 11:39:24,-8.009,-34.873,ROUBO,PRETA,HOMEM CIS,False,False,11.0,2025,11,NOVEMBRO,13,QUINTA-FEIRA,4,False,11.0,MANHÃ,ADULTO
FC-01272,NOVA DESCOBERTA,31.0,2023-08-05 16:56:23,-8.019,-34.87,OUTRO,NAO IDENTIFICADO,HOMEM CIS,False,False,16.0,2023,8,AGOSTO,5,SÁBADO,3,True,16.0,TARDE,ADULTO
FC-01273,VASCO DA GAMA,25.0,2025-06-24 00:51:19,-8.055,-34.881,OUTRO,BRANCA,HOMEM CIS,False,False,0.0,2025,6,JUNHO,24,TERÇA-FEIRA,2,False,0.0,MADRUGADA,ADULTO
FC-01274,ESTACAO,15.0,2019-11-12 05:25:26,-8.054,-34.87,OUTRO,PARDA,MULHER CIS,False,False,5.0,2019,11,NOVEMBRO,12,TERÇA-FEIRA,4,False,5.0,MADRUGADA,ADOLESCENTE
FC-01275,AFLITOS,29.0,2021-07-05 20:13:15,-8.044,-34.874,DISPARO,NAO IDENTIFICADO,HOMEM CIS,False,False,20.0,2021,7,JULHO,5,SEGUNDA-FEIRA,3,False,20.0,NOITE,ADULTO
FC-01276,MANGABEIRA,48.0,2021-08-18 21:50:26,-8.014,-34.869,AMEACA,PRETA,MULHER CIS,False,False,21.0,2021,8,AGOSTO,18,QUARTA-FEIRA,3,False,21.0,NOITE,ADULTO
FC-01277,VARZEA,44.0,2021-10-14 01:13:21,-8.034,-34.916,TIRO,NAO IDENTIFICADO,HOMEM CIS,False,False,1.0,2021,10,OUTUBRO,14,QUINTA-FEIRA,4,False,1.0,MADRUGADA,ADULTO
FC-01278,SANTO AMARO,24.0,2018-04-13 18:11:17,-8.055,-34.874,BRIGA,NAO IDENTIFICADO,MULHER CIS,False,False,18.0,2018,4,ABRIL,13,SEXTA-FEIRA,2,False,18.0,NOITE,ADULTO
FC-01279,MANGABEIRA,18.0,2020-07-11 16:55:47,-8.011,-34.866,AMEACA,NAO IDENTIFICADO,HOMEM CIS,False,False,16.0,2020,7,JULHO,11,SÁBADO,3,True,16.0,TARDE,ADULTO
FC-01280,ALTO JOSE DO PINHO,34.0,2023-01-22 02:04:05,-8.023,-34.886,DISPARO,PARDA,HOMEM CIS,True,False,2.0,2023,1,JANEIRO,22,DOMINGO,1,True,2.0,MADRUGADA,ADULTO
FC-01281,CAXANGA,22.0,2025-04-24 03:13:19,-8.027,-34.917,HOMICIDIO/TENTATIVA,PARDA,HOMEM CIS,False,False,3.0,2025,4,ABRIL,24,QUINTA-FEIRA,2,False,3.0,MADRUGADA,ADULTO
FC-01282,VASCO DA GAMA,13.0,2021-03-10 12:51:35,-8.05,-34.878,DISPARO,BRANCA,HOMEM CIS,False,False,12.0,2021,3,MARÇO,10,QUARTA-FEIRA,1,False,12.0,TARDE,ADOLESCENTE
FC-01283,VARZEA,43.0,2019-09-21 16:17:44,-8.036,-34.915,TIRO,NAO IDENTIFICADO,HOMEM CIS,False,False,16.0,2019,9,SETEMBRO,21,SÁBADO,3,True,16.0,TARDE,ADULTO
FC-01284,GRACO,12.0,2024-03-13 16:30:10,-8.045,-34.869,DISPARO,NAO IDENTIFICADO,HOMEM CIS,False,False,16.0,2024,3,MARÇO,13,QUARTA-FEIRA,1,False,16.0,TARDE,CRIANCA
FC-01285,BOA VISTA,45.0,2020-01-16 22:36:22,-8.053,-34.876,DISPARO,BRANCA,HOMEM CIS,False,False,22.0,2020,1,JANEIRO,16,QUINTA-FEIRA,1,False,22.0,NOITE,ADULTO
FC-01286,CURADO,28.0,2021-03-04 23:50:42,-8.074,-34.908,HOMICIDIO/TENTATIVA,NAO IDENTIFICADO,HOMEM CIS,False,False,23.0,2021,3,MARÇO,4,QUINTA-FEIRA,1,False,23.0,NOITE,ADULTO
FC-01287,IPUTINGA,21.0,2023-08-01 19:37:26,-8.029,-34.894,HOMICIDIO/TENTATIVA,BRANCA,HOMEM CIS,False,False,19.0,2023,8,AGOSTO,1,TERÇA-FEIRA,3,False,19.0,NOITE,ADULTO
FC-01288,CAXANGA,20.0,2025-08-11 22:03:41,-8.025,-34.921,DISPARO,NAO IDENTIFICADO,HOMEM CIS,False,False,22.0,2025,8,AGOSTO,11,SEGUNDA-FEIRA,3,False,22.0,NOITE,ADULTO
FC-01289,NOVA DESCOBERTA,24.0,2025-11-15 19:21:35,-8.017,-34.864,HOMICIDIO/TENTATIVA,NAO IDENTIFICADO,NAO IDENTIFICADO,True,False,19.0,2025,11,NOVEMBRO,15,SÁBADO,4,True,19.0,NOITE,ADULTO
FC-01290,GRACO,49.0,2021-08-13 14:44:43,-8.043,-34.867,HOMICIDIO/TENTATIVA,PRETA,HOMEM CIS,False,False,14.0,2021,8,AGOSTO,13,SEXTA-FEIRA,3,False,14.0,TARDE,ADULTO
FC-01291,IPUTINGA,13.0,2021-06-05 22:46:16,-8.028,-34.896,AMEACA,PARDA,HOMEM CIS,False,False,22.0,2021,6,JUNHO,5,SÁBADO,2,True,22.0,NOITE,ADOLESCENTE
FC-01292,NOVA DESCOBERTA,12.0,2024-06-28 17:07:01,-8.017,-34.861,TIRO,NAO IDENTIFICADO,HOMEM CIS,False,False,17.0,2024,6,JUNHO,28,SEXTA-FEIRA,2,False,17.0,TARDE,CRIANCA
FC-01293,ESPINHEIRO,41.0,2023-04-25 02:04:00,-8.041,-34.873,HOMICIDIO/TENTATIVA,NAO IDENTIFICADO,HOMEM CIS,False,False,2.0,2023,4,ABRIL,25,TERÇA-FEIRA,2,False,2.0,MADRUGADA,ADULTO
FC-01294,CASA AMARELA,29.0,2023-08-21 21:50:42,-8.031,-34.859,HOMICIDIO/TENTATIVA,PRETA,MULHER CIS,False,False,21.0,2023,8,AGOSTO,21,SEGUNDA-FEIRA,3,False,21.0,NOITE,ADULTO
FC-01295,IBURA,10.0,2020-12-03 00:50:43,-8.085,-34.892,ROUBO,BRANCA,HOMEM CIS,False,False,0.0,2020,12,DEZEMBRO,3,QUINTA-FEIRA,4,False,0.0,MADRUGADA,CRIANCA
FC-01296,AFLITOS,36.0,2024-12-16 19:11:30,-8.052,-34.872,HOMICIDIO/TENTATIVA,PRETA,HOMEM CIS,False,False,19.0,2024,12,DEZEMBRO,16,SEGUNDA-FEIRA,4,False,19.0,NOITE,ADULTO
FC-01297,BREJO DA GUARDEIRA,34.0,2018-04-09 03:34:36,-8.067,-34.898,DISPARO,NAO IDENTIFICADO,MULHER CIS,False,False,3.0,2018,4,ABRIL,9,SEGUNDA-FEIRA,2,False,3.0,MADRUGADA,ADULTO
FC-01298,COHAB,36.0,2024-04-06 14:53:37,-8.067,-34.911,AMEACA,NAO IDENTIFICADO,HOMEM CIS,False,False,14.0,2024,4,ABRIL,6,SÁBADO,2,True,14.0,TARDE,ADULTO
FC-01299,ALTO JOSE DO PINHO,25.0,2024-09-01 19:43:16,-8.017,-34.881,AMEACA,NAO IDENTIFICADO,HOMEM CIS,False,False,19.0,2024,9,SETEMBRO,1,DOMINGO,3,True,19.0,NOITE,ADULTO
FC-01300,IBURA,38.0,2023-07-03 20:57:45,-8.081,-34.891,TIRO,NAO IDENTIFICADO,HOMEM CIS,False,False,20.0,2023,7,JULHO,3,SEGUNDA-FEIRA,3,False,20.0,NOITE,ADULTO
FC-01301,SANTO AMARO,23.0,2023-10-22 23:36:16,-8.058,-34.865,ROUBO,PARDA,HOMEM CIS,False,False,23.0,2023,10,OUTUBRO,22,DOMINGO,4,True,23.0,NOITE,ADULTO
FC-01302,SAN MARTIN,18.0,2024-06-18 23:12:14,-8.035,-34.879,DISPARO,NAO IDENTIFICADO,HOMEM CIS,False,False,23.0,2024,6,JUNHO,18,TERÇA-FEIRA,2,False,23.0,NOITE,ADULTO
FC-01303,BOA VISTA,45.0,2024-07-15 21:29:28,-8.054,-34.873,HOMICIDIO/TENTATIVA,PARDA,HOMEM CIS,False,False,21.0,2024,7,JULHO,15,SEGUNDA-FEIRA,3,False,21.0,NOITE,ADULTO
FC-01304,ESPINHEIRO,21.0,2021-11-05 14:00:27,-8.046,-34.867,HOMICIDIO/TENTATIVA,NAO IDENTIFICADO,HOMEM CIS,False,False,14.0,2021,11,NOVEMBRO,5,SEXTA-FEIRA,4,False,14.0,TARDE,ADULTO
FC-01305,CURADO,42.0,2018-08-05 10:12:01,-8.073,-34.914,HOMICIDIO/TENTATIVA,BRANCA,HOMEM CIS,False,False,10.0,2018,8,AGOSTO,5,DOMINGO,3,True,10.0,MANHÃ,ADULTO
FC-01306,IPUTINGA,30.0,2022-12-16 15:54:10,-8.028,-34.891,HOMICIDIO/TENTATIVA,NAO IDENTIFICADO,MULHER CIS,False,False,15.0,2022,12,DEZEMBRO,16,SEXTA-FEIRA,4,False,15.0,TARDE,ADULTO
FC-01307,IBURA,45.0,2022-05-05 07:31:51,-8.082,-34.886,HOMICIDIO/TENTATIVA,NAO IDENTIFICADO,MULHER CIS,False,False,7.0,2022,5,MAIO,5,QUINTA-FEIRA,2,False,7.0,MANHÃ,ADULTO
FC-01308,IBURA,32.0,2023-07-20 03:08:33,-8.083,-34.897,TIRO,NAO IDENTIFICADO,HOMEM CIS,False,False,3.0,2023,7,JULHO,20,QUINTA-FEIRA,3,False,3.0,MADRUGADA,ADULTO
FC-01309,CORDOARIA,26.0,2022-01-15 14:15:13,-8.059,-34.87,DISPARO,NAO IDENTIFICADO,HOMEM CIS,False,False,14.0,2022,1,JANEIRO,15,SÁBADO,1,True,14.0,TARDE,ADULTO
FC-01310,NOVA DESCOBERTA,38.0,2025-05-18 13:50:21,-8.019,-34.864,ROUBO,NAO IDENTIFICADO,MULHER CIS,False,False,13.0,2025,5,MAIO,18,DOMINGO,2,True,13.0,TARDE,ADULTO
FC-01311,COHAB,38.0,2020-10-20 07:52:15,-8.06,-34.902,BRIGA,PRETA,HOMEM CIS,False,False,7.0,2020,10,OUTUBRO,20,TERÇA-FEIRA,4,False,7.0,MANHÃ,ADULTO
FC-01312,CURADO,39.0,2019-06-03 17:29:38,-8.07,-34.909,DISPARO,PARDA,HOMEM CIS,False,False,17.0,2019,6,JUNHO,3,SEGUNDA-FEIRA,2,False,17.0,TARDE,ADULTO
FC-01313,JAQUEIRA,44.0,2024-05-23 03:54:49,-8.042,-34.869,AMEACA,NAO IDENTIFICADO,HOMEM CIS,True,False,3.0,2024,5,MAIO,23,QUINTA-FEIRA,2,False,3.0,MADRUGADA,ADULTO
FC-01314,NOVA DESCOBERTA,20.0,2022-05-11 17:20:38,-8.014,-34.861,TIRO,NAO IDENTIFICADO,HOMEM CIS,False,False,17.0,2022,5,MAIO,11,QUARTA-FEIRA,2,False,17.0,TARDE,ADULTO
FC-01315,CASA AMARELA,22.0,2019-12-02 21:12:33,-8.039,-34.861,DISPARO,BRANCA,HOMEM CIS,False,False,21.0,2019,12,DEZEMBRO,2,SEGUNDA-FEIRA,4,False,21.0,NOITE,ADULTO
FC-01316,NOVA DESCOBERTA,40.0,2020-04-05 11:01:41,-8.013,-34.864,ROUBO,PRETA,HOMEM CIS,False,False,11.0,2020,4,ABRIL,5,DOMINGO,2,True,11.0,MANHÃ,ADULTO
FC-01317,COHAB,26.0,2023-09-06 19:48:20,-8.069,-34.903,HOMICIDIO/TENTATIVA,BRANCA,HOMEM CIS,False,False,19.0,2023,9,SETEMBRO,6,QUARTA-FEIRA,3,False,19.0,NOITE,ADULTO
FC-01318,SAN MARTIN,19.0,2023-06-01 03:55:20,-8.033,-34.876,HOMICIDIO/TENTATIVA,PRETA,HOMEM CIS,False,False,3.0,2023,6,JUNHO,1,QUINTA-FEIRA,2,False,3.0,MADRUGADA,ADULTO
FC-01319,VARZEA,23.0,2022-06-13 04:39:53,-8.037,-34.915,HOMICIDIO/TENTATIVA,NAO IDENTIFICADO,MULHER CIS,False,False,4.0,2022,6,JUNHO,13,SEGUNDA-FEIRA,2,False,4.0,MADRUGADA,ADULTO
FC-01320,IPUTINGA,27.0,2018-12-23 03:04:59,-8.025,-34.892,ROUBO,PRETA,HOMEM CIS,False,False,3.0,2018,12,DEZEMBRO,23,DOMINGO,4,True,3.0,MADRUGADA,ADULTO
FC-01321,COHAB,21.0,2021-06-11 02:21:48,-8.059,-34.905,HOMICIDIO/TENTATIVA,PRETA,HOMEM CIS,False,False,2.0,2021,6,JUNHO,11,SEXTA-FEIRA,2,False,2.0,MADRUGADA,ADULTO
FC-01322,MANGABEIRA,39.0,2019-02-27 05:10:07,-8.012,-34.869,DISPARO,PRETA,HOMEM CIS,False,False,5.0,2019,2,FEVEREIRO,27,QUARTA-FEIRA,1,False,5.0,MADRUGADA,ADULTO
FC-01323,NOVA DESCOBERTA,33.0,2018-12-08 16:02:14,-8.021,-34.859,DISPARO,PRETA,HOMEM CIS,False,False,16.0,2018,12,DEZEMBRO,8,SÁBADO,4,True,16.0,TARDE,ADULTO
FC-01324,VARZEA,50.0,2024-11-13 00:48:18,-8.036,-34.918,HOMICIDIO/TENTATIVA,NAO IDENTIFICADO,MULHER CIS,False,False,0.0,2024,11,NOVEMBRO,13,QUARTA-FEIRA,4,False,0.0,MADRUGADA,ADULTO
FC-01325,AFLITOS,34.0,2018-04-19 17:22:44,-8.045,-34.871,HOMICIDIO/TENTATIVA,NAO IDENTIFICADO,HOMEM CIS,False,False,17.0,2018,4,ABRIL,19,QUINTA-FEIRA,2,False,17.0,TARDE,ADULTO
FC-01326,CORDOARIA,34.0,2022-11-24 19:17:35,-8.056,-34.869,HOMICIDIO/TENTATIVA,NAO IDENTIFICADO,MULHER CIS,False,False,19.0,2022,11,NOVEMBRO,24,QUINTA-FEIRA,4,False,19.0,NOITE,ADULTO
FC-01327,VARZEA,36.0,2021-05-13 02:18:28,-8.038,-34.911,HOMICIDIO/TENTATIVA,PRETA,HOMEM CIS,True,False,2.0,2021,5,MAIO,13,QUINTA-FEIRA,2,False,2.0,MADRUGADA,ADULTO
FC-01328,GRACO,49.0,2019-07-26 02:59:55,-8.034,-34.873,HOMICIDIO/TENTATIVA,PARDA,HOMEM CIS,False,False,2.0,2019,7,JULHO,26,SEXTA-FEIRA,3,False,2.0,MADRUGADA,ADULTO
FC-01329,MANGABEIRA,32.0,2025-05-12 16:41:40,-8.016,-34.868,TIRO,PARDA,HOMEM CIS,False,False,16.0,2025,5,MAIO,12,SEGUNDA-FEIRA,2,False,16.0,TARDE,ADULTO
FC-01330,CURADO,23.0,2020-03-28 13:31:46,-8.064,-34.912,HOMICIDIO/TENTATIVA,NAO IDENTIFICADO,HOMEM CIS,False,False,13.0,2020,3,MARÇO,28,SÁBADO,1,True,13.0,TARDE,ADULTO
FC-01331,SAN MARTIN,10.0,2022-10-10 21:42:54,-8.041,-34.884,ROUBO,PARDA,HOMEM CIS,False,False,21.0,2022,10,OUTUBRO,10,SEGUNDA-FEIRA,4,False,21.0,NOITE,CRIANCA
FC-01332,BREJO DA GUARDEIRA,42.0,2024-05-01 12:24:46,-8.076,-34.9,TIRO,PARDA,MULHER CIS,False,False,12.0,2024,5,MAIO,1,QUARTA-FEIRA,2,False,12.0,TARDE,ADULTO
FC-01333,COHAB,10.0,2024-06-03 10:41:01,-8.066,-34.9,BRIGA,PRETA,HOMEM CIS,False,False,10.0,2024,6,JUNHO,3,SEGUNDA-FEIRA,2,False,10.0,MANHÃ,CRIANCA
FC-01334,CURADO,34.0,2025-04-04 22:47:43,-8.073,-34.91,BRIGA,NAO IDENTIFICADO,HOMEM CIS,False,False,22.0,2025,4,ABRIL,4,SEXTA-FEIRA,2,False,22.0,NOITE,ADULTO
FC-01335,JARDIM SAO PAULO,30.0,2020-10-23 18:17:01,-8.004,-34.859,HOMICIDIO/TENTATIVA,NAO IDENTIFICADO,HOMEM CIS,False,False,18.0,2020,10,OUTUBRO,23,SEXTA-FEIRA,4,False,18.0,NOITE,ADULTO
FC-01336,IBURA,37.0,2021-01-16 15:29:26,-8.09,-34.894,DISPARO,NAO IDENTIFICADO,HOMEM CIS,False,False,15.0,2021,1,JANEIRO,16,SÁBADO,1,True,15.0,TARDE,ADULTO
FC-01337,MANGABEIRA,24.0,2020-05-24 16:51:17,-8.008,-34.87,AMEACA,NAO IDENTIFICADO,HOMEM CIS,True,False,16.0,2020,5,MAIO,24,DOMINGO,2,True,16.0,TARDE,ADULTO
FC-01338,JAQUEIRA,13.0,2025-01-28 18:54:27,-8.041,-34.867,AMEACA,PRETA,HOMEM CIS,False,False,18.0,2025,1,JANEIRO,28,TERÇA-FEIRA,1,False,18.0,NOITE,ADOLESCENTE
FC-01339,ALTO JOSE DO PINHO,29.0,2021-10-12 16:30:34,-8.022,-34.886,HOMICIDIO/TENTATIVA,PARDA,HOMEM CIS,False,False,16.0,2021,10,OUTUBRO,12,TERÇA-FEIRA,4,False,16.0,TARDE,ADULTO
FC-01340,CURADO,38.0,2023-07-06 18:23:29,-8.072,-34.91,HOMICIDIO/TENTATIVA,NAO IDENTIFICADO,HOMEM CIS,False,False,18.0,2023,7,JULHO,6,QUINTA-FEIRA,3,False,18.0,NOITE,ADULTO
FC-01341,IPUTINGA,56.0,2022-06-14 02:16:56,-8.032,-34.899,DISPARO,PARDA,HOMEM CIS,False,False,2.0,2022,6,JUNHO,14,TERÇA-FEIRA,2,False,2.0,MADRUGADA,ADULTO
FC-01342,CORDOARIA,39.0,2019-01-11 17:55:40,-8.06,-34.874,ROUBO,PARDA,HOMEM CIS,False,False,17.0,2019,1,JANEIRO,11,SEXTA-FEIRA,1,False,17.0,TARDE,ADULTO
FC-01343,MANGABEIRA,21.0,2019-04-27 20:05:52,-8.011,-34.865,AMEACA,NAO IDENTIFICADO,MULHER CIS,False,False,20.0,2019,4,ABRIL,27,SÁBADO,2,True,20.0,NOITE,ADULTO
FC-01344,ROSARINHO,39.0,2020-09-22 22:47:14,-8.037,-34.869,DISPARO,NAO IDENTIFICADO,HOMEM CIS,False,False,22.0,2020,9,SETEMBRO,22,TERÇA-FEIRA,3,False,22.0,NOITE,ADULTO
FC-01345,IPUTINGA,16.0,2022-07-17 19:25:14,-8.037,-34.895,AMEACA,PRETA,HOMEM CIS,False,False,19.0,2022,7,JULHO,17,DOMINGO,3,True,19.0,NOITE,ADOLESCENTE
FC-01346,ESTACAO,41.0,2022-12-25 04:00:57,-8.051,-34.872,TIRO,NAO IDENTIFICADO,HOMEM CIS,False,False,4.0,2022,12,DEZEMBRO,25,DOMINGO,4,True,4.0,MADRUGADA,ADULTO
FC-01347,POCO DA PANELA,29.0,2021-07-10 21:34:40,-8.037,-34.861,TIRO,BRANCA,HOMEM CIS,False,False,21.0,2021,7,JULHO,10,SÁBADO,3,True,21.0,NOITE,ADULTO
FC-01348,VARZEA,39.0,2024-11-03 01:28:07,-8.04,-34.914,HOMICIDIO/TENTATIVA,NAO IDENTIFICADO,HOMEM CIS,False,False,1.0,2024,11,NOVEMBRO,3,DOMINGO,4,True,1.0,MADRUGADA,ADULTO
FC-01349,SANTO AMARO,41.0,2021-05-14 19:58:30,-8.059,-34.868,HOMICIDIO/TENTATIVA,PRETA,HOMEM CIS,False,False,19.0,2021,5,MAIO,14,SEXTA-FEIRA,2,False,19.0,NOITE,ADULTO
FC-01350,IBURA,63.0,2018-12-16 21:24:48,-8.082,-34.891,HOMICIDIO/TENTATIVA,NAO IDENTIFICADO,HOMEM CIS,False,False,21.0,2018,12,DEZEMBRO,16,DOMINGO,4,True,21.0,NOITE,IDOSO
FC-01351,ESTACAO,21.0,2023-01-13 01:31:48,-8.052,-34.87,BRIGA,PARDA,HOMEM CIS,False,False,1.0,2023,1,JANEIRO,13,SEXTA-FEIRA,1,False,1.0,MADRUGADA,ADULTO
FC-01352,NOVA DESCOBERTA,32.0,2023-02-15 14:21:15,-8.018,-34.864,AMEACA,NAO IDENTIFICADO,HOMEM CIS,False,False,14.0,2023,2,FEVEREIRO,15,QUARTA-FEIRA,1,False,14.0,TARDE,ADULTO
FC-01353,IBURA,47.0,2020-07-04 00:08:37,-8.081,-34.889,ROUBO,PARDA,HOMEM CIS,False,False,0.0,2020,7,JULHO,4,SÁBADO,3,True,0.0,MADRUGADA,ADULTO
FC-01354,IBURA,27.0,2020-10-13 21:34:41,-8.08,-34.891,HOMICIDIO/TENTATIVA,NAO IDENTIFICADO,HOMEM CIS,False,False,21.0,2020,10,OUTUBRO,13,TERÇA-FEIRA,4,False,21.0,NOITE,ADULTO
FC-01355,BREJO DA GUARDEIRA,18.0,2020-03-02 11:21:27,-8.069,-34.903,ROUBO,NAO IDENTIFICADO,HOMEM CIS,False,False,11.0,2020,3,MARÇO,2,SEGUNDA-FEIRA,1,False,11.0,MANHÃ,ADULTO
FC-01356,GRACO,22.0,2021-12-26 19:11:49,-8.042,-34.869,HOMICIDIO/TENTATIVA,NAO IDENTIFICADO,HOMEM CIS,False,False,19.0,2021,12,DEZEMBRO,26,DOMINGO,4,True,19.0,NOITE,ADULTO
FC-01357,VARZEA,15.0,2020-08-26 20:58:07,-8.032,-34.913,AMEACA,PRETA,HOMEM CIS,False,False,20.0,2020,8,AGOSTO,26,QUARTA-FEIRA,3,False,20.0,NOITE,ADOLESCENTE
FC-01358,COHAB,20.0,2022-12-14 00:33:57,-8.07,-34.905,HOMICIDIO/TENTATIVA,PRETA,NAO IDENTIFICADO,False,False,0.0,2022,12,DEZEMBRO,14,QUARTA-FEIRA,4,False,0.0,MADRUGADA,ADULTO
FC-01359,MANGABEIRA,24.0,2023-02-03 02:56:42,-8.01,-34.871,DISPARO,NAO IDENTIFICADO,HOMEM CIS,False,False,2.0,2023,2,FEVEREIRO,3,SEXTA-FEIRA,1,False,2.0,MADRUGADA,ADULTO
FC-01360,ALTO JOSE DO PINHO,10.0,2018-02-19 04:12:28,-8.021,-34.886,HOMICIDIO/TENTATIVA,BRANCA,HOMEM CIS,False,False,4.0,2018,2,FEVEREIRO,19,SEGUNDA-FEIRA,1,False,4.0,MADRUGADA,CRIANCA
FC-01361,CORDOARIA,37.0,2020-07-04 18:14:12,-8.06,-34.868,AMEACA,NAO IDENTIFICADO,HOMEM CIS,False,False,18.0,2020,7,JULHO,4,SÁBADO,3,True,18.0,NOITE,ADULTO
FC-01362,ESPINHEIRO,10.0,2018-09-22 10:33:00,-8.038,-34.869,DISPARO,NAO IDENTIFICADO,HOMEM CIS,False,False,10.0,2018,9,SETEMBRO,22,SÁBADO,3,True,10.0,MANHÃ,CRIANCA
FC-01363,VARZEA,44.0,2020-08-16 16:06:11,-8.035,-34.912,AMEACA,PARDA,MULHER CIS,False,False,16.0,2020,8,AGOSTO,16,DOMINGO,3,True,16.0,TARDE,ADULTO
FC-01364,VASCO DA GAMA,26.0,2024-03-28 21:30:32,-8.058,-34.876,TIRO,NAO IDENTIFICADO,MULHER CIS,False,False,21.0,2024,3,MARÇO,28,QUINTA-FEIRA,1,False,21.0,NOITE,ADULTO
FC-01365,MANGABEIRA,28.0,2021-04-27 10:03:48,-8.009,-34.866,AMEACA,PARDA,HOMEM CIS,False,False,10.0,2021,4,ABRIL,27,TERÇA-FEIRA,2,False,10.0,MANHÃ,ADULTO
FC-01366,IPUTINGA,17.0,2021-08-20 21:14:47,-8.026,-34.895,TIRO,NAO IDENTIFICADO,HOMEM CIS,False,False,21.0,2021,8,AGOSTO,20,SEXTA-FEIRA,3,False,21.0,NOITE,ADOLESCENTE
FC-01367,BREJO DA GUARDEIRA,28.0,2024-03-08 19:18:31,-8.07,-34.905,TIRO,PARDA,HOMEM CIS,False,False,19.0,2024,3,MARÇO,8,SEXTA-FEIRA,1,False,19.0,NOITE,ADULTO
FC-01368,BREJO DA GUARDEIRA,20.0,2024-11-02 14:25:17,-8.066,-34.897,TIRO,PRETA,HOMEM CIS,False,False,14.0,2024,11,NOVEMBRO,2,SÁBADO,4,True,14.0,TARDE,ADULTO
FC-01369,ROSARINHO,29.0,2025-08-17 17:48:55,-8.039,-34.866,TIRO,PARDA,HOMEM CIS,False,False,17.0,2025,8,AGOSTO,17,DOMINGO,3,True,17.0,TARDE,ADULTO
FC-01370,BOA VISTA,50.0,2023-08-11 02:31:21,-8.051,-34.874,TIRO,PRETA,MULHER CIS,False,False,2.0,2023,8,AGOSTO,11,SEXTA-FEIRA,3,False,2.0,MADRUGADA,ADULTO
FC-01371,VASCO DA GAMA,43.0,2020-09-08 12:57:20,-8.057,-34.875,HOMICIDIO/TENTATIVA,NAO IDENTIFICADO,HOMEM CIS,False,False,12.0,2020,9,SETEMBRO,8,TERÇA-FEIRA,3,False,12.0,TARDE,ADULTO
FC-01372,VARZEA,15.0,2023-05-09 19:42:42,-8.03,-34.916,HOMICIDIO/TENTATIVA,NAO IDENTIFICADO,NAO IDENTIFICADO,False,False,19.0,2023,5,MAIO,9,TERÇA-FEIRA,2,False,19.0,NOITE,ADOLESCENTE
FC-01373,CURADO,27.0,2023-06-23 18:20:13,-8.076,-34.911,HOMICIDIO/TENTATIVA,PARDA,HOMEM CIS,False,False,18.0,2023,6,JUNHO,23,SEXTA-FEIRA,2,False,18.0,NOITE,ADULTO
FC-01374,ALTO JOSE DO PINHO,17.0,2020-10-26 19:21:11,-8.022,-34.885,HOMICIDIO/TENTATIVA,PRETA,HOMEM CIS,False,False,19.0,2020,10,OUTUBRO,26,SEGUNDA-FEIRA,4,False,19.0,NOITE,ADOLESCENTE
FC-01375,ALTO JOSE DO PINHO,41.0,2022-09-11 03:38:04,-8.019,-34.884,HOMICIDIO/TENTATIVA,NAO IDENTIFICADO,HOMEM CIS,False,False,3.0,2022,9,SETEMBRO,11,DOMINGO,3,True,3.0,MADRUGADA,ADULTO
FC-01376,CORDOARIA,16.0,2024-05-16 16:35:37,-8.061,-34.868,HOMICIDIO/TENTATIVA,NAO IDENTIFICADO,HOMEM CIS,False,False,16.0,2024,5,MAIO,16,QUINTA-FEIRA,2,False,16.0,TARDE,ADOLESCENTE
FC-01377,MANGABEIRA,21.0,2025-10-04 16:24:20,-8.005,-34.871,DISPARO,NAO IDENTIFICADO,HOMEM CIS,False,False,16.0,2025,10,OUTUBRO,4,SÁBADO,4,True,16.0,TARDE,ADULTO
FC-01378,COHAB,30.0,2018-02-18 18:08:50,-8.062,-34.901,HOMICIDIO/TENTATIVA,AMARELA,HOMEM CIS,False,False,18.0,2018,2,FEVEREIRO,18,DOMINGO,1,True,18.0,NOITE,ADULTO
FC-01379,BOA VISTA,28.0,2018-06-20 20:18:27,-8.051,-34.875,DISPARO,PARDA,HOMEM CIS,False,False,20.0,2018,6,JUNHO,20,QUARTA-FEIRA,2,False,20.0,NOITE,ADULTO
FC-01380,VASCO DA GAMA,34.0,2024-03-01 18:20:48,-8.052,-34.88,DISPARO,NAO IDENTIFICADO,HOMEM CIS,False,False,18.0,2024,3,MARÇO,1,SEXTA-FEIRA,1,False,18.0,NOITE,ADULTO
FC-01381,GRACO,37.0,2019-10-24 19:17:51,-8.038,-34.869,HOMICIDIO/TENTATIVA,NAO IDENTIFICADO,HOMEM CIS,False,False,19.0,2019,10,OUTUBRO,24,QUINTA-FEIRA,4,False,19.0,NOITE,ADULTO
FC-01382,NOVA DESCOBERTA,33.0,2025-04-09 02:15:42,-8.02,-34.873,TIRO,NAO IDENTIFICADO,HOMEM CIS,False,False,2.0,2025,4,ABRIL,9,QUARTA-FEIRA,2,False,2.0,MADRUGADA,ADULTO
FC-01383,CAXANGA,37.0,2024-07-23 16:09:47,-8.025,-34.922,HOMICIDIO/TENTATIVA,NAO IDENTIFICADO,MULHER CIS,False,False,16.0,2024,7,JULHO,23,TERÇA-FEIRA,3,False,16.0,TARDE,ADULTO
FC-01384,BREJO DA GUARDEIRA,32.0,2025-08-14 21:33:21,-8.07,-34.897,HOMICIDIO/TENTATIVA,NAO IDENTIFICADO,HOMEM CIS,False,False,21.0,2025,8,AGOSTO,14,QUINTA-FEIRA,3,False,21.0,NOITE,ADULTO
FC-01385,ALTO JOSE DO PINHO,31.0,2019-02-20 21:43:24,-8.022,-34.882,HOMICIDIO/TENTATIVA,NAO IDENTIFICADO,HOMEM CIS,False,False,21.0,2019,2,FEVEREIRO,20,QUARTA-FEIRA,1,False,21.0,NOITE,ADULTO
FC-01386,VARZEA,27.0,2020-04-13 19:30:01,-8.033,-34.916,HOMICIDIO/TENTATIVA,NAO IDENTIFICADO,HOMEM CIS,False,False,19.0,2020,4,ABRIL,13,SEGUNDA-FEIRA,2,False,19.0,NOITE,ADULTO
FC-01387,NOVA DESCOBERTA,22.0,2021-06-12 14:31:27,-8.015,-34.865,AMEACA,NAO IDENTIFICADO,HOMEM CIS,False,False,14.0,2021,6,JUNHO,12,SÁBADO,2,True,14.0,TARDE,ADULTO
FC-01388,ESTACAO,35.0,2025-05-16 03:14:54,-8.054,-34.877,HOMICIDIO/TENTATIVA,NAO IDENTIFICADO,HOMEM CIS,False,False,3.0,2025,5,MAIO,16,SEXTA-FEIRA,2,False,3.0,MADRUGADA,ADULTO
FC-01389,BREJO DA GUARDEIRA,24.0,2021-04-03 20:10:05,-8.068,-34.901,BRIGA,PARDA,HOMEM CIS,False,False,20.0,2021,4,ABRIL,3,SÁBADO,2,True,20.0,NOITE,ADULTO
FC-01390,IBURA,27.0,2020-07-09 21:11:14,-8.079,-34.894,DISPARO,BRANCA,HOMEM CIS,False,False,21.0,2020,7,JULHO,9,QUINTA-FEIRA,3,False,21.0,NOITE,ADULTO
FC-01391,ALTO JOSE DO PINHO,11.0,2023-12-06 11:30:27,-8.02,-34.886,HOMICIDIO/TENTATIVA,NAO IDENTIFICADO,HOMEM CIS,False,False,11.0,2023,12,DEZEMBRO,6,QUARTA-FEIRA,4,False,11.0,MANHÃ,CRIANCA
FC-01392,IBURA,18.0,2024-05-27 21:34:07,-8.083,-34.891,HOMICIDIO/TENTATIVA,PRETA,MULHER CIS,False,False,21.0,2024,5,MAIO,27,SEGUNDA-FEIRA,2,False,21.0,NOITE,ADULTO
FC-01393,ESPINHEIRO,29.0,2020-01-11 21:49:17,-8.041,-34.863,BRIGA,NAO IDENTIFICADO,HOMEM CIS,False,False,21.0,2020,1,JANEIRO,11,SÁBADO,1,True,21.0,NOITE,ADULTO
FC-01394,ALTO JOSE DO PINHO,27.0,2022-03-08 21:53:23,-8.019,-34.887,HOMICIDIO/TENTATIVA,NAO IDENTIFICADO,MULHER CIS,False,False,21.0,2022,3,MARÇO,8,TERÇA-FEIRA,1,False,21.0,NOITE,ADULTO
FC-01395,SAN MARTIN,19.0,2019-10-25 01:24:08,-8.042,-34.879,TIRO,PRETA,HOMEM CIS,True,False,1.0,2019,10,OUTUBRO,25,SEXTA-FEIRA,4,False,1.0,MADRUGADA,ADULTO
FC-01396,ALTO JOSE DO PINHO,34.0,2024-09-15 23:33:22,-8.013,-34.887,DISPARO,PARDA,HOMEM CIS,False,False,23.0,2024,9,SETEMBRO,15,DOMINGO,3,True,23.0,NOITE,ADULTO
FC-01397,AFLITOS,25.0,2021-09-28 17:51:02,-8.045,-34.871,DISPARO,PARDA,HOMEM CIS,False,False,17.0,2021,9,SETEMBRO,28,TERÇA-FEIRA,3,False,17.0,TARDE,ADULTO
FC-01398,ROSARINHO,35.0,2021-05-12 00:31:12,-8.036,-34.872,ROUBO,NAO IDENTIFICADO,MULHER CIS,False,False,0.0,2021,5,MAIO,12,QUARTA-FEIRA,2,False,0.0,MADRUGADA,ADULTO
FC-01399,ESTACAO,10.0,2024-12-05 19:19:25,-8.054,-34.868,ROUBO,NAO IDENTIFICADO,HOMEM CIS,False,False,19.0,2024,12,DEZEMBRO,5,QUINTA-FEIRA,4,False,19.0,NOITE,CRIANCA
FC-01400,CURADO,10.0,2023-06-07 16:26:03,-8.079,-34.908,DISPARO,NAO IDENTIFICADO,MULHER CIS,False,False,16.0,2023,6,JUNHO,7,QUARTA-FEIRA,2,False,16.0,TARDE,CRIANCA
FC-01401,CURADO,35.0,2022-07-21 21:04:38,-8.073,-34.913,HOMICIDIO/TENTATIVA,NAO IDENTIFICADO,MULHER CIS,False,False,21.0,2022,7,JULHO,21,QUINTA-FEIRA,3,False,21.0,NOITE,ADULTO
FC-01402,ALTO JOSE DO PINHO,18.0,2022-06-11 05:59:32,-8.02,-34.887,ROUBO,BRANCA,HOMEM CIS,False,False,5.0,2022,6,JUNHO,11,SÁBADO,2,True,5.0,MADRUGADA,ADULTO
FC-01403,VARZEA,35.0,2020-09-12 00:25:21,-8.044,-34.918,HOMICIDIO/TENTATIVA,NAO IDENTIFICADO,HOMEM CIS,False,False,0.0,2020,9,SETEMBRO,12,SÁBADO,3,True,0.0,MADRUGADA,ADULTO
FC-01404,IPUTINGA,16.0,2023-08-25 17:48:32,-8.029,-34.895,AMEACA,NAO IDENTIFICADO,HOMEM CIS,True,False,17.0,2023,8,AGOSTO,25,SEXTA-FEIRA,3,False,17.0,TARDE,ADOLESCENTE
FC-01405,MANGABEIRA,39.0,2019-07-11 20:28:46,-8.016,-34.87,OUTRO,NAO IDENTIFICADO,HOMEM CIS,False,False,20.0,2019,7,JULHO,11,QUINTA-FEIRA,3,False,20.0,NOITE,ADULTO
FC-01406,VARZEA,36.0,2020-04-02 01:00:08,-8.029,-34.916,TIRO,NAO IDENTIFICADO,HOMEM CIS,False,False,1.0,2020,4,ABRIL,2,QUINTA-FEIRA,2,False,1.0,MADRUGADA,ADULTO
FC-01407,VARZEA,33.0,2022-04-01 23:10:54,-8.04,-34.922,DISPARO,PARDA,HOMEM CIS,True,False,23.0,2022,4,ABRIL,1,SEXTA-FEIRA,2,False,23.0,NOITE,ADULTO
FC-01408,ALTO JOSE DO PINHO,40.0,2025-08-04 02:29:51,-8.02,-34.881,OUTRO,NAO IDENTIFICADO,HOMEM CIS,False,False,2.0,2025,8,AGOSTO,4,SEGUNDA-FEIRA,3,False,2.0,MADRUGADA,ADULTO
FC-01409,AFLITOS,13.0,2023-09-27 21:40:42,-8.043,-34.866,BRIGA,NAO IDENTIFICADO,HOMEM CIS,False,False,21.0,2023,9,SETEMBRO,27,QUARTA-FEIRA,3,False,21.0,NOITE,ADOLESCENTE
FC-01410,SANTO AMARO,37.0,2024-04-08 21:27:30,-8.057,-34.87,TIRO,PRETA,MULHER CIS,False,False,21.0,2024,4,ABRIL,8,SEGUNDA-FEIRA,2,False,21.0,NOITE,ADULTO
FC-01411,ALTO JOSE DO PINHO,11.0,2025-05-26 21:06:52,-8.016,-34.887,DISPARO,PRETA,HOMEM CIS,False,False,21.0,2025,5,MAIO,26,SEGUNDA-FEIRA,2,False,21.0,NOITE,CRIANCA
FC-01412,CAXANGA,36.0,2019-02-23 18:23:26,-8.03,-34.924,DISPARO,BRANCA,HOMEM CIS,False,False,18.0,2019,2,FEVEREIRO,23,SÁBADO,1,True,18.0,NOITE,ADULTO
FC-01413,MANGABEIRA,47.0,2025-11-03 21:59:56,-8.011,-34.866,TIRO,NAO IDENTIFICADO,HOMEM CIS,True,False,21.0,2025,11,NOVEMBRO,3,SEGUNDA-FEIRA,4,False,21.0,NOITE,ADULTO
FC-01414,CASA AMARELA,29.0,2025-02-10 07:56:31,-8.038,-34.857,HOMICIDIO/TENTATIVA,NAO IDENTIFICADO,HOMEM CIS,False,False,7.0,2025,2,FEVEREIRO,10,SEGUNDA-FEIRA,1,False,7.0,MANHÃ,ADULTO
FC-01415,BREJO DA GUARDEIRA,22.0,2023-03-11 03:20:37,-8.068,-34.9,HOMICIDIO/TENTATIVA,PARDA,HOMEM CIS,False,False,3.0,2023,3,MARÇO,11,SÁBADO,1,True,3.0,MADRUGADA,ADULTO
FC-01416,COHAB,11.0,2021-02-26 21:41:09,-8.065,-34.898,HOMICIDIO/TENTATIVA,PRETA,HOMEM CIS,False,False,21.0,2021,2,FEVEREIRO,26,SEXTA-FEIRA,1,False,21.0,NOITE,CRIANCA
FC-01417,SAN MARTIN,35.0,2023-12-12 20:05:02,-8.04,-34.875,AMEACA,NAO IDENTIFICADO,HOMEM CIS,False,False,20.0,2023,12,DEZEMBRO,12,TERÇA-FEIRA,4,False,20.0,NOITE,ADULTO
FC-01418,IPUTINGA,32.0,2023-04-26 04:25:52,-8.027,-34.896,OUTRO,PRETA,HOMEM CIS,False,False,4.0,2023,4,ABRIL,26,QUARTA-FEIRA,2,False,4.0,MADRUGADA,ADULTO
FC-01419,NOVA DESCOBERTA,32.0,2023-03-03 16:54:16,-8.012,-34.868,HOMICIDIO/TENTATIVA,PARDA,HOMEM CIS,False,False,16.0,2023,3,MARÇO,3,SEXTA-FEIRA,1,False,16.0,TARDE,ADULTO
FC-01420,BOA VISTA,47.0,2018-06-22 04:30:51,-8.05,-34.878,TIRO,PRETA,HOMEM CIS,False,False,4.0,2018,6,JUNHO,22,SEXTA-FEIRA,2,False,4.0,MADRUGADA,ADULTO
FC-01421,ALTO JOSE DO PINHO,41.0,2024-04-26 23:19:42,-8.021,-34.883,DISPARO,PRETA,HOMEM CIS,False,False,23.0,2024,4,ABRIL,26,SEXTA-FEIRA,2,False,23.0,NOITE,ADULTO
FC-01422,SAN MARTIN,26.0,2025-03-04 23:08:09,-8.04,-34.877,HOMICIDIO/TENTATIVA,NAO IDENTIFICADO,HOMEM CIS,False,False,23.0,2025,3,MARÇO,4,TERÇA-FEIRA,1,False,23.0,NOITE,ADULTO
FC-01423,TOTOS,33.0,2022-02-21 20:42:35,-8.044,-34.868,TIRO,PRETA,HOMEM CIS,False,False,20.0,2022,2,FEVEREIRO,21,SEGUNDA-FEIRA,1,False,20.0,NOITE,ADULTO
FC-01424,JARDIM SAO PAULO,41.0,2019-04-12 01:02:53,-8.005,-34.857,HOMICIDIO/TENTATIVA,NAO IDENTIFICADO,HOMEM CIS,False,False,1.0,2019,4,ABRIL,12,SEXTA-FEIRA,2,False,1.0,MADRUGADA,ADULTO
FC-01425,CORDOARIA,13.0,2024-06-15 03:20:47,-8.061,-34.879,BRIGA,NAO IDENTIFICADO,HOMEM CIS,False,False,3.0,2024,6,JUNHO,15,SÁBADO,2,True,3.0,MADRUGADA,ADOLESCENTE
FC-01426,SANTO AMARO,30.0,2020-03-09 15:31:56,-8.06,-34.873,ROUBO,PARDA,MULHER CIS,False,False,15.0,2020,3,MARÇO,9,SEGUNDA-FEIRA,1,False,15.0,TARDE,ADULTO
FC-01427,IBURA,29.0,2020-04-24 04:02:49,-8.081,-34.886,DISPARO,NAO IDENTIFICADO,HOMEM CIS,True,False,4.0,2020,4,ABRIL,24,SEXTA-FEIRA,2,False,4.0,MADRUGADA,ADULTO
FC-01428,AFLITOS,11.0,2022-09-07 06:21:43,-8.042,-34.869,HOMICIDIO/TENTATIVA,NAO IDENTIFICADO,HOMEM CIS,False,False,6.0,2022,9,SETEMBRO,7,QUARTA-FEIRA,3,False,6.0,MANHÃ,CRIANCA
FC-01429,ESPINHEIRO,20.0,2023-10-07 15:46:51,-8.041,-34.869,DISPARO,NAO IDENTIFICADO,HOMEM CIS,True,False,15.0,2023,10,OUTUBRO,7,SÁBADO,4,True,15.0,TARDE,ADULTO
FC-01430,AFLITOS,32.0,2018-06-01 15:40:50,-8.04,-34.87,AMEACA,NAO IDENTIFICADO,HOMEM CIS,False,False,15.0,2018,6,JUNHO,1,SEXTA-FEIRA,2,False,15.0,TARDE,ADULTO
FC-01431,CURADO,39.0,2020-06-27 19:28:16,-8.071,-34.914,TIRO,BRANCA,MULHER CIS,False,False,19.0,2020,6,JUNHO,27,SÁBADO,2,True,19.0,NOITE,ADULTO
FC-01432,CAXANGA,27.0,2021-01-17 06:14:52,-8.021,-34.925,DISPARO,PRETA,HOMEM CIS,False,False,6.0,2021,1,JANEIRO,17,DOMINGO,1,True,6.0,MANHÃ,ADULTO
FC-01433,IBURA,17.0,2022-09-14 00:55:46,-8.082,-34.895,AMEACA,NAO IDENTIFICADO,HOMEM CIS,False,False,0.0,2022,9,SETEMBRO,14,QUARTA-FEIRA,3,False,0.0,MADRUGADA,ADOLESCENTE
FC-01434,POCO DA PANELA,20.0,2023-09-22 18:49:07,-8.036,-34.866,DISPARO,PRETA,HOMEM CIS,False,False,18.0,2023,9,SETEMBRO,22,SEXTA-FEIRA,3,False,18.0,NOITE,ADULTO
FC-01435,ROSARINHO,18.0,2020-11-14 02:41:15,-8.038,-34.869,DISPARO,NAO IDENTIFICADO,HOMEM CIS,False,False,2.0,2020,11,NOVEMBRO,14,SÁBADO,4,True,2.0,MADRUGADA,ADULTO
FC-01436,COHAB,9.0,2020-05-14 04:27:13,-8.067,-34.903,HOMICIDIO/TENTATIVA,PRETA,MULHER CIS,False,False,4.0,2020,5,MAIO,14,QUINTA-FEIRA,2,False,4.0,MADRUGADA,CRIANCA
FC-01437,COHAB,29.0,2022-02-03 23:55:07,-8.066,-34.905,DISPARO,NAO IDENTIFICADO,MULHER CIS,False,False,23.0,2022,2,FEVEREIRO,3,QUINTA-FEIRA,1,False,23.0,NOITE,ADULTO
FC-01438,JAQUEIRA,10.0,2020-03-04 21:21:07,-8.037,-34.867,AMEACA,PARDA,HOMEM CIS,False,False,21.0,2020,3,MARÇO,4,QUARTA-FEIRA,1,False,21.0,NOITE,CRIANCA
FC-01439,TOTOS,25.0,2020-02-12 21:22:11,-8.035,-34.868,TIRO,NAO IDENTIFICADO,HOMEM CIS,False,False,21.0,2020,2,FEVEREIRO,12,QUARTA-FEIRA,1,False,21.0,NOITE,ADULTO
FC-01440,MANGABEIRA,43.0,2024-02-03 04:21:10,-8.01,-34.871,ROUBO,NAO IDENTIFICADO,HOMEM CIS,False,False,4.0,2024,2,FEVEREIRO,3,SÁBADO,1,True,4.0,MADRUGADA,ADULTO
FC-01441,ALTO JOSE DO PINHO,29.0,2018-07-26 21:06:51,-8.02,-34.881,TIRO,BRANCA,HOMEM CIS,False,False,21.0,2018,7,JULHO,26,QUINTA-FEIRA,3,False,21.0,NOITE,ADULTO
FC-01442,ESTACAO,17.0,2023-12-03 23:47:14,-8.055,-34.868,DISPARO,PRETA,HOMEM CIS,False,False,23.0,2023,12,DEZEMBRO,3,DOMINGO,4,True,23.0,NOITE,ADOLESCENTE
FC-01443,JARDIM SAO PAULO,22.0,2023-04-02 01:12:00,-8.002,-34.85,DISPARO,PARDA,HOMEM CIS,False,False,1.0,2023,4,ABRIL,2,DOMINGO,2,True,1.0,MADRUGADA,ADULTO
FC-01444,ROSARINHO,26.0,2024-06-28 16:08:53,-8.038,-34.868,DISPARO,PRETA,MULHER CIS,False,False,16.0,2024,6,JUNHO,28,SEXTA-FEIRA,2,False,16.0,TARDE,ADULTO
FC-01445,MANGABEIRA,39.0,2025-12-25 13:39:51,-8.009,-34.869,DISPARO,NAO IDENTIFICADO,HOMEM CIS,True,False,13.0,2025,12,DEZEMBRO,25,QUINTA-FEIRA,4,False,13.0,TARDE,ADULTO
FC-01446,VASCO DA GAMA,22.0,2018-02-02 22:42:08,-8.06,-34.878,DISPARO,NAO IDENTIFICADO,HOMEM CIS,False,False,22.0,2018,2,FEVEREIRO,2,SEXTA-FEIRA,1,False,22.0,NOITE,ADULTO
FC-01447,CORDOARIA,10.0,2018-09-12 02:19:47,-8.059,-34.87,DISPARO,NAO IDENTIFICADO,HOMEM CIS,False,False,2.0,2018,9,SETEMBRO,12,QUARTA-FEIRA,3,False,2.0,MADRUGADA,CRIANCA
FC-01448,IBURA,32.0,2019-09-20 19:06:23,-8.076,-34.889,HOMICIDIO/TENTATIVA,NAO IDENTIFICADO,HOMEM CIS,False,False,19.0,2019,9,SETEMBRO,20,SEXTA-FEIRA,3,False,19.0,NOITE,ADULTO
FC-01449,NOVA DESCOBERTA,22.0,2020-02-08 01:19:53,-8.015,-34.865,HOMICIDIO/TENTATIVA,PARDA,HOMEM CIS,False,False,1.0,2020,2,FEVEREIRO,8,SÁBADO,1,True,1.0,MADRUGADA,ADULTO
FC-01450,MANGABEIRA,9.0,2023-12-18 11:35:42,-8.013,-34.872,DISPARO,PARDA,MULHER CIS,False,False,11.0,2023,12,DEZEMBRO,18,SEGUNDA-FEIRA,4,False,11.0,MANHÃ,CRIANCA
FC-01451,ESTACAO,8.0,2019-06-09 21:08:04,-8.053,-34.872,ROUBO,NAO IDENTIFICADO,MULHER CIS,False,False,21.0,2019,6,JUNHO,9,DOMINGO,2,True,21.0,NOITE,CRIANCA
FC-01452,BREJO DA GUARDEIRA,10.0,2021-09-04 10:37:35,-8.069,-34.898,DISPARO,NAO IDENTIFICADO,HOMEM CIS,False,False,10.0,2021,9,SETEMBRO,4,SÁBADO,3,True,10.0,MANHÃ,CRIANCA
FC-01453,COHAB,32.0,2025-11-26 00:13:46,-8.066,-34.903,DISPARO,PRETA,HOMEM CIS,False,False,0.0,2025,11,NOVEMBRO,26,QUARTA-FEIRA,4,False,0.0,MADRUGADA,ADULTO
FC-01454,ESPINHEIRO,41.0,2021-11-17 21:36:50,-8.041,-34.87,HOMICIDIO/TENTATIVA,PRETA,MULHER CIS,False,False,21.0,2021,11,NOVEMBRO,17,QUARTA-FEIRA,4,False,21.0,NOITE,ADULTO
FC-01455,VARZEA,33.0,2023-04-27 17:22:08,-8.031,-34.917,HOMICIDIO/TENTATIVA,NAO IDENTIFICADO,HOMEM CIS,False,False,17.0,2023,4,ABRIL,27,QUINTA-FEIRA,2,False,17.0,TARDE,ADULTO
FC-01456,ESTACAO,55.0,2025-12-14 09:38:31,-8.055,-34.871,TIRO,NAO IDENTIFICADO,HOMEM CIS,True,False,9.0,2025,12,DEZEMBRO,14,DOMINGO,4,True,9.0,MANHÃ,ADULTO
FC-01457,ESTACAO,21.0,2020-11-19 02:42:15,-8.052,-34.876,HOMICIDIO/TENTATIVA,NAO IDENTIFICADO,HOMEM CIS,False,False,2.0,2020,11,NOVEMBRO,19,QUINTA-FEIRA,4,False,2.0,MADRUGADA,ADULTO
FC-01458,NOVA DESCOBERTA,23.0,2021-04-09 23:36:00,-8.018,-34.865,HOMICIDIO/TENTATIVA,NAO IDENTIFICADO,HOMEM CIS,False,False,23.0,2021,4,ABRIL,9,SEXTA-FEIRA,2,False,23.0,NOITE,ADULTO
FC-01459,COHAB,41.0,2022-03-24 19:07:55,-8.063,-34.912,HOMICIDIO/TENTATIVA,NAO IDENTIFICADO,HOMEM CIS,False,False,19.0,2022,3,MARÇO,24,QUINTA-FEIRA,1,False,19.0,NOITE,ADULTO
FC-01460,CORDOARIA,54.0,2024-03-07 14:12:55,-8.057,-34.875,TIRO,NAO IDENTIFICADO,HOMEM CIS,False,False,14.0,2024,3,MARÇO,7,QUINTA-FEIRA,1,False,14.0,TARDE,ADULTO
FC-01461,SANTO AMARO,31.0,2020-07-15 03:50:56,-8.057,-34.872,DISPARO,BRANCA,HOMEM CIS,False,False,3.0,2020,7,JULHO,15,QUARTA-FEIRA,3,False,3.0,MADRUGADA,ADULTO
FC-01462,SAN MARTIN,32.0,2019-05-06 15:00:30,-8.042,-34.879,ROUBO,NAO IDENTIFICADO,HOMEM CIS,False,False,15.0,2019,5,MAIO,6,SEGUNDA-FEIRA,2,False,15.0,TARDE,ADULTO
FC-01463,IBURA,21.0,2020-05-27 16:24:17,-8.086,-34.892,HOMICIDIO/TENTATIVA,NAO IDENTIFICADO,HOMEM CIS,False,False,16.0,2020,5,MAIO,27,QUARTA-FEIRA,2,False,16.0,TARDE,ADULTO
FC-01464,SAN MARTIN,37.0,2021-09-17 19:09:07,-8.038,-34.876,TIRO,PARDA,HOMEM CIS,False,False,19.0,2021,9,SETEMBRO,17,SEXTA-FEIRA,3,False,19.0,NOITE,ADULTO
FC-01465,ALTO JOSE DO PINHO,33.0,2024-12-13 00:36:56,-8.022,-34.882,TIRO,NAO IDENTIFICADO,HOMEM CIS,False,False,0.0,2024,12,DEZEMBRO,13,SEXTA-FEIRA,4,False,0.0,MADRUGADA,ADULTO
FC-01466,IPUTINGA,13.0,2022-10-19 21:33:58,-8.031,-34.896,TIRO,PARDA,HOMEM CIS,False,False,21.0,2022,10,OUTUBRO,19,QUARTA-FEIRA,4,False,21.0,NOITE,ADOLESCENTE
FC-01467,GRACO,42.0,2023-09-14 18:00:30,-8.04,-34.869,HOMICIDIO/TENTATIVA,BRANCA,HOMEM CIS,False,False,18.0,2023,9,SETEMBRO,14,QUINTA-FEIRA,3,False,18.0,NOITE,ADULTO
FC-01468,AFLITOS,42.0,2020-04-21 15:53:38,-8.048,-34.871,TIRO,NAO IDENTIFICADO,HOMEM CIS,False,False,15.0,2020,4,ABRIL,21,TERÇA-FEIRA,2,False,15.0,TARDE,ADULTO
FC-01469,COHAB,28.0,2018-06-12 16:15:34,-8.062,-34.905,HOMICIDIO/TENTATIVA,NAO IDENTIFICADO,HOMEM CIS,False,False,16.0,2018,6,JUNHO,12,TERÇA-FEIRA,2,False,16.0,TARDE,ADULTO
FC-01470,ESTACAO,25.0,2025-04-14 21:13:29,-8.051,-34.868,HOMICIDIO/TENTATIVA,PRETA,HOMEM CIS,False,False,21.0,2025,4,ABRIL,14,SEGUNDA-FEIRA,2,False,21.0,NOITE,ADULTO
FC-01471,IBURA,21.0,2019-12-07 06:06:02,-8.082,-34.895,DISPARO,BRANCA,HOMEM CIS,False,False,6.0,2019,12,DEZEMBRO,7,SÁBADO,4,True,6.0,MANHÃ,ADULTO
FC-01472,BREJO DA GUARDEIRA,10.0,2022-04-03 13:15:39,-8.069,-34.898,DISPARO,NAO IDENTIFICADO,HOMEM CIS,False,False,13.0,2022,4,ABRIL,3,DOMINGO,2,True,13.0,TARDE,CRIANCA
FC-01473,NOVA DESCOBERTA,33.0,2020-08-23 10:10:42,-8.021,-34.866,BRIGA,PRETA,HOMEM CIS,False,False,10.0,2020,8,AGOSTO,23,DOMINGO,3,True,10.0,MANHÃ,ADULTO
FC-01474,IBURA,8.0,2021-06-04 02:37:14,-8.078,-34.895,HOMICIDIO/TENTATIVA,PARDA,MULHER CIS,False,False,2.0,2021,6,JUNHO,4,SEXTA-FEIRA,2,False,2.0,MADRUGADA,CRIANCA
FC-01475,IBURA,45.0,2022-03-01 21:40:36,-8.079,-34.895,AMEACA,BRANCA,HOMEM CIS,True,False,21.0,2022,3,MARÇO,1,TERÇA-FEIRA,1,False,21.0,NOITE,ADULTO
FC-01476,VARZEA,16.0,2019-04-07 03:29:03,-8.034,-34.918,HOMICIDIO/TENTATIVA,NAO IDENTIFICADO,MULHER CIS,False,False,3.0,2019,4,ABRIL,7,DOMINGO,2,True,3.0,MADRUGADA,ADOLESCENTE
FC-01477,VASCO DA GAMA,31.0,2021-05-27 20:09:44,-8.056,-34.885,TIRO,PRETA,HOMEM CIS,False,False,20.0,2021,5,MAIO,27,QUINTA-FEIRA,2,False,20.0,NOITE,ADULTO
FC-01478,VARZEA,10.0,2019-07-04 02:10:13,-8.034,-34.917,HOMICIDIO/TENTATIVA,NAO IDENTIFICADO,HOMEM CIS,False,False,2.0,2019,7,JULHO,4,QUINTA-FEIRA,3,False,2.0,MADRUGADA,CRIANCA
FC-01479,COHAB,23.0,2022-09-22 18:57:59,-8.063,-34.901,HOMICIDIO/TENTATIVA,PARDA,HOMEM CIS,False,False,18.0,2022,9,SETEMBRO,22,QUINTA-FEIRA,3,False,18.0,NOITE,ADULTO
FC-01480,JARDIM SAO PAULO,25.0,2025-09-22 18:28:27,-8.006,-34.854,HOMICIDIO/TENTATIVA,PARDA,NAO IDENTIFICADO,False,False,18.0,2025,9,SETEMBRO,22,SEGUNDA-FEIRA,3,False,18.0,NOITE,ADULTO
FC-01481,POCO DA PANELA,13.0,2024-01-07 15:24:49,-8.034,-34.86,HOMICIDIO/TENTATIVA,NAO IDENTIFICADO,HOMEM CIS,False,False,15.0,2024,1,JANEIRO,7,DOMINGO,1,True,15.0,TARDE,ADOLESCENTE
FC-01482,COHAB,38.0,2018-12-23 18:54:07,-8.071,-34.907,HOMICIDIO/TENTATIVA,PARDA,HOMEM CIS,False,False,18.0,2018,12,DEZEMBRO,23,DOMINGO,4,True,18.0,NOITE,ADULTO
FC-01483,JARDIM SAO PAULO,19.0,2022-09-08 21:15:58,-8.005,-34.854,HOMICIDIO/TENTATIVA,PRETA,HOMEM CIS,True,False,21.0,2022,9,SETEMBRO,8,QUINTA-FEIRA,3,False,21.0,NOITE,ADULTO
FC-01484,BREJO DA GUARDEIRA,52.0,2021-09-03 09:21:35,-8.071,-34.901,DISPARO,NAO IDENTIFICADO,MULHER CIS,False,False,9.0,2021,9,SETEMBRO,3,SEXTA-FEIRA,3,False,9.0,MANHÃ,ADULTO
FC-01485,IBURA,43.0,2024-12-21 02:09:39,-8.081,-34.888,HOMICIDIO/TENTATIVA,PARDA,HOMEM CIS,False,False,2.0,2024,12,DEZEMBRO,21,SÁBADO,4,True,2.0,MADRUGADA,ADULTO
FC-01486,AFLITOS,33.0,2019-05-28 13:02:48,-8.048,-34.876,HOMICIDIO/TENTATIVA,PRETA,HOMEM CIS,True,False,13.0,2019,5,MAIO,28,TERÇA-FEIRA,2,False,13.0,TARDE,ADULTO
FC-01487,TOTOS,11.0,2019-03-25 21:40:37,-8.036,-34.861,TIRO,PARDA,HOMEM CIS,False,False,21.0,2019,3,MARÇO,25,SEGUNDA-FEIRA,1,False,21.0,NOITE,CRIANCA
FC-01488,VARZEA,57.0,2022-06-02 21:47:38,-8.032,-34.912,AMEACA,NAO IDENTIFICADO,MULHER CIS,True,False,21.0,2022,6,JUNHO,2,QUINTA-FEIRA,2,False,21.0,NOITE,ADULTO
FC-01489,ROSARINHO,23.0,2022-05-25 11:10:05,-8.043,-34.862,AMEACA,PRETA,HOMEM CIS,False,False,11.0,2022,5,MAIO,25,QUARTA-FEIRA,2,False,11.0,MANHÃ,ADULTO
FC-01490,BREJO DA GUARDEIRA,35.0,2025-02-05 04:48:18,-8.07,-34.899,DISPARO,NAO IDENTIFICADO,HOMEM CIS,False,False,4.0,2025,2,FEVEREIRO,5,QUARTA-FEIRA,1,False,4.0,MADRUGADA,ADULTO
FC-01491,IBURA,33.0,2018-10-02 00:16:56,-8.078,-34.888,DISPARO,NAO IDENTIFICADO,HOMEM CIS,False,False,0.0,2018,10,OUTUBRO,2,TERÇA-FEIRA,4,False,0.0,MADRUGADA,ADULTO
FC-01492,VASCO DA GAMA,36.0,2019-07-19 03:26:09,-8.052,-34.878,HOMICIDIO/TENTATIVA,PRETA,HOMEM CIS,False,False,3.0,2019,7,JULHO,19,SEXTA-FEIRA,3,False,3.0,MADRUGADA,ADULTO
FC-01493,NOVA DESCOBERTA,24.0,2024-10-13 20:35:45,-8.013,-34.869,DISPARO,PRETA,HOMEM CIS,True,False,20.0,2024,10,OUTUBRO,13,DOMINGO,4,True,20.0,NOITE,ADULTO
FC-01494,IBURA,42.0,2022-10-12 21:01:49,-8.086,-34.891,ROUBO,NAO IDENTIFICADO,HOMEM CIS,False,False,21.0,2022,10,OUTUBRO,12,QUARTA-FEIRA,4,False,21.0,NOITE,ADULTO
FC-01495,JAQUEIRA,20.0,2018-01-04 21:16:53,-8.036,-34.868,HOMICIDIO/TENTATIVA,NAO IDENTIFICADO,MULHER CIS,False,False,21.0,2018,1,JANEIRO,4,QUINTA-FEIRA,1,False,21.0,NOITE,ADULTO
FC-01496,MANGABEIRA,10.0,2020-11-06 18:30:31,-8.009,-34.872,TIRO,NAO IDENTIFICADO,HOMEM CIS,False,False,18.0,2020,11,NOVEMBRO,6,SEXTA-FEIRA,4,False,18.0,NOITE,CRIANCA
FC-01497,ALTO JOSE DO PINHO,40.0,2018-05-08 03:04:09,-8.02,-34.884,DISPARO,PARDA,HOMEM CIS,False,False,3.0,2018,5,MAIO,8,TERÇA-FEIRA,2,False,3.0,MADRUGADA,ADULTO
FC-01498,SANTO AMARO,18.0,2023-05-14 11:01:15,-8.06,-34.871,TIRO,NAO IDENTIFICADO,HOMEM CIS,False,False,11.0,2023,5,MAIO,14,DOMINGO,2,True,11.0,MANHÃ,ADULTO
FC-01499,AFLITOS,40.0,2020-05-25 09:29:55,-8.04,-34.874,DISPARO,PRETA,HOMEM CIS,True,False,9.0,2020,5,MAIO,25,SEGUNDA-FEIRA,2,False,9.0,MANHÃ,ADULTO
FC-01500,IPUTINGA,38.0,2024-05-28 21:11:25,-8.035,-34.897,DISPARO,NAO IDENTIFICADO,NAO IDENTIFICADO,False,False,21.0,2024,5,MAIO,28,TERÇA-FEIRA,2,False,21.0,NOITE,ADULTO
FC-01501,SANTO AMARO,18.0,2025-12-01 20:30:24,-8.062,-34.875,HOMICIDIO/TENTATIVA,PRETA,HOMEM CIS,False,False,20.0,2025,12,DEZEMBRO,1,SEGUNDA-FEIRA,4,False,20.0,NOITE,ADULTO
FC-01502,NOVA DESCOBERTA,34.0,2022-01-25 06:06:23,-8.016,-34.864,AMEACA,PRETA,HOMEM CIS,False,False,6.0,2022,1,JANEIRO,25,TERÇA-FEIRA,1,False,6.0,MANHÃ,ADULTO
FC-01503,ALTO JOSE DO PINHO,38.0,2025-08-20 21:03:43,-8.019,-34.883,HOMICIDIO/TENTATIVA,AMARELA,HOMEM CIS,False,False,21.0,2025,8,AGOSTO,20,QUARTA-FEIRA,3,False,21.0,NOITE,ADULTO
FC-01504,IPUTINGA,29.0,2020-04-07 23:52:22,-8.032,-34.89,HOMICIDIO/TENTATIVA,AMARELA,HOMEM CIS,False,False,23.0,2020,4,ABRIL,7,TERÇA-FEIRA,2,False,23.0,NOITE,ADULTO
FC-01505,NOVA DESCOBERTA,22.0,2020-03-26 02:06:45,-8.018,-34.866,DISPARO,PRETA,HOMEM CIS,False,False,2.0,2020,3,MARÇO,26,QUINTA-FEIRA,1,False,2.0,MADRUGADA,ADULTO
FC-01506,SAN MARTIN,19.0,2025-04-19 02:43:12,-8.041,-34.877,HOMICIDIO/TENTATIVA,NAO IDENTIFICADO,MULHER CIS,False,False,2.0,2025,4,ABRIL,19,SÁBADO,2,True,2.0,MADRUGADA,ADULTO
FC-01507,ESTACAO,34.0,2024-12-03 23:58:48,-8.056,-34.872,ROUBO,NAO IDENTIFICADO,HOMEM CIS,False,False,23.0,2024,12,DEZEMBRO,3,TERÇA-FEIRA,4,False,23.0,NOITE,ADULTO
FC-01508,ALTO JOSE DO PINHO,47.0,2025-07-25 18:55:33,-8.019,-34.879,HOMICIDIO/TENTATIVA,AMARELA,MULHER CIS,False,False,18.0,2025,7,JULHO,25,SEXTA-FEIRA,3,False,18.0,NOITE,ADULTO
FC-01509,JARDIM SAO PAULO,44.0,2023-06-25 15:35:08,-8.002,-34.859,AMEACA,NAO IDENTIFICADO,HOMEM CIS,False,False,15.0,2023,6,JUNHO,25,DOMINGO,2,True,15.0,TARDE,ADULTO
FC-01510,JARDIM SAO PAULO,39.0,2023-05-24 11:38:07,-8.005,-34.857,DISPARO,NAO IDENTIFICADO,HOMEM CIS,False,False,11.0,2023,5,MAIO,24,QUARTA-FEIRA,2,False,11.0,MANHÃ,ADULTO
FC-01511,ESTACAO,32.0,2021-06-05 22:04:19,-8.05,-34.869,HOMICIDIO/TENTATIVA,PRETA,HOMEM CIS,False,False,22.0,2021,6,JUNHO,5,SÁBADO,2,True,22.0,NOITE,ADULTO
FC-01512,COHAB,19.0,2022-04-08 14:30:21,-8.063,-34.907,HOMICIDIO/TENTATIVA,PARDA,HOMEM CIS,False,False,14.0,2022,4,ABRIL,8,SEXTA-FEIRA,2,False,14.0,TARDE,ADULTO
FC-01513,VARZEA,30.0,2019-04-20 19:09:04,-8.036,-34.916,AMEACA,NAO IDENTIFICADO,NAO IDENTIFICADO,False,False,19.0,2019,4,ABRIL,20,SÁBADO,2,True,19.0,NOITE,ADULTO
FC-01514,IPUTINGA,39.0,2023-12-10 03:34:26,-8.031,-34.887,BRIGA,NAO IDENTIFICADO,HOMEM CIS,False,False,3.0,2023,12,DEZEMBRO,10,DOMINGO,4,True,3.0,MADRUGADA,ADULTO
FC-01515,CAXANGA,10.0,2022-07-14 15:50:47,-8.027,-34.919,HOMICIDIO/TENTATIVA,PARDA,HOMEM CIS,True,False,15.0,2022,7,JULHO,14,QUINTA-FEIRA,3,False,15.0,TARDE,CRIANCA
FC-01516,COHAB,37.0,2025-04-28 23:33:56,-8.065,-34.905,AMEACA,NAO IDENTIFICADO,HOMEM CIS,False,False,23.0,2025,4,ABRIL,28,SEGUNDA-FEIRA,2,False,23.0,NOITE,ADULTO
FC-01517,CORDOARIA,34.0,2021-11-15 02:47:13,-8.059,-34.869,AMEACA,PARDA,HOMEM CIS,False,False,2.0,2021,11,NOVEMBRO,15,SEGUNDA-FEIRA,4,False,2.0,MADRUGADA,ADULTO
FC-01518,TOTOS,40.0,2021-09-06 15:06:31,-8.035,-34.868,HOMICIDIO/TENTATIVA,NAO IDENTIFICADO,HOMEM CIS,False,False,15.0,2021,9,SETEMBRO,6,SEGUNDA-FEIRA,3,False,15.0,TARDE,ADULTO
FC-01519,ESTACAO,29.0,2025-05-10 21:02:07,-8.054,-34.874,TIRO,BRANCA,HOMEM CIS,False,False,21.0,2025,5,MAIO,10,SÁBADO,2,True,21.0,NOITE,ADULTO
FC-01520,MANGABEIRA,34.0,2021-04-16 21:58:35,-8.012,-34.868,AMEACA,AMARELA,HOMEM CIS,False,False,21.0,2021,4,ABRIL,16,SEXTA-FEIRA,2,False,21.0,NOITE,ADULTO
FC-01521,VARZEA,17.0,2024-01-04 20:28:44,-8.03,-34.918,DISPARO,NAO IDENTIFICADO,HOMEM CIS,False,False,20.0,2024,1,JANEIRO,4,QUINTA-FEIRA,1,False,20.0,NOITE,ADOLESCENTE
FC-01522,CASA AMARELA,32.0,2018-05-10 18:59:01,-8.03,-34.862,DISPARO,AMARELA,HOMEM CIS,False,False,18.0,2018,5,MAIO,10,QUINTA-FEIRA,2,False,18.0,NOITE,ADULTO
FC-01523,ROSARINHO,40.0,2023-10-21 15:39:36,-8.044,-34.861,AMEACA,NAO IDENTIFICADO,HOMEM CIS,False,False,15.0,2023,10,OUTUBRO,21,SÁBADO,4,True,15.0,TARDE,ADULTO
FC-01524,TOTOS,30.0,2023-12-22 20:54:29,-8.04,-34.866,TIRO,PRETA,HOMEM CIS,False,False,20.0,2023,12,DEZEMBRO,22,SEXTA-FEIRA,4,False,20.0,NOITE,ADULTO
FC-01525,IPUTINGA,39.0,2025-04-05 13:06:18,-8.03,-34.895,DISPARO,NAO IDENTIFICADO,HOMEM CIS,True,False,13.0,2025,4,ABRIL,5,SÁBADO,2,True,13.0,TARDE,ADULTO
FC-01526,CURADO,27.0,2025-04-04 04:49:51,-8.074,-34.905,ROUBO,PARDA,HOMEM CIS,False,False,4.0,2025,4,ABRIL,4,SEXTA-FEIRA,2,False,4.0,MADRUGADA,ADULTO
FC-01527,TOTOS,23.0,2025-01-14 19:01:35,-8.036,-34.864,DISPARO,NAO IDENTIFICADO,HOMEM CIS,False,False,19.0,2025,1,JANEIRO,14,TERÇA-FEIRA,1,False,19.0,NOITE,ADULTO
FC-01528,VASCO DA GAMA,18.0,2023-03-24 06:35:46,-8.055,-34.878,ROUBO,NAO IDENTIFICADO,HOMEM CIS,False,False,6.0,2023,3,MARÇO,24,SEXTA-FEIRA,1,False,6.0,MANHÃ,ADULTO
FC-01529,NOVA DESCOBERTA,27.0,2020-09-05 19:35:48,-8.011,-34.862,DISPARO,PRETA,HOMEM CIS,True,False,19.0,2020,9,SETEMBRO,5,SÁBADO,3,True,19.0,NOITE,ADULTO
FC-01530,GRACO,44.0,2025-02-05 22:36:39,-8.044,-34.873,BRIGA,PARDA,MULHER CIS,False,False,22.0,2025,2,FEVEREIRO,5,QUARTA-FEIRA,1,False,22.0,NOITE,ADULTO
FC-01531,MANGABEIRA,23.0,2021-11-05 15:17:05,-8.009,-34.868,DISPARO,NAO IDENTIFICADO,MULHER CIS,False,False,15.0,2021,11,NOVEMBRO,5,SEXTA-FEIRA,4,False,15.0,TARDE,ADULTO
FC-01532,MANGABEIRA,10.0,2020-09-16 21:06:43,-8.01,-34.87,ROUBO,PRETA,HOMEM CIS,False,False,21.0,2020,9,SETEMBRO,16,QUARTA-FEIRA,3,False,21.0,NOITE,CRIANCA
FC-01533,VARZEA,26.0,2025-02-09 21:49:17,-8.031,-34.914,DISPARO,NAO IDENTIFICADO,HOMEM CIS,False,False,21.0,2025,2,FEVEREIRO,9,DOMINGO,1,True,21.0,NOITE,ADULTO
FC-01534,NOVA DESCOBERTA,45.0,2023-01-28 00:10:30,-8.016,-34.862,DISPARO,NAO IDENTIFICADO,HOMEM CIS,False,False,0.0,2023,1,JANEIRO,28,SÁBADO,1,True,0.0,MADRUGADA,ADULTO
FC-01535,IBURA,54.0,2025-02-02 02:48:24,-8.078,-34.895,DISPARO,NAO IDENTIFICADO,MULHER CIS,False,False,2.0,2025,2,FEVEREIRO,2,DOMINGO,1,True,2.0,MADRUGADA,ADULTO
FC-01536,COHAB,26.0,2024-01-02 22:24:33,-8.066,-34.904,AMEACA,PRETA,HOMEM CIS,True,False,22.0,2024,1,JANEIRO,2,TERÇA-FEIRA,1,False,22.0,NOITE,ADULTO
FC-01537,NOVA DESCOBERTA,38.0,2021-08-14 21:55:40,-8.018,-34.865,ROUBO,PRETA,HOMEM CIS,False,False,21.0,2021,8,AGOSTO,14,SÁBADO,3,True,21.0,NOITE,ADULTO
FC-01538,BREJO DA GUARDEIRA,10.0,2024-04-21 10:01:57,-8.066,-34.902,HOMICIDIO/TENTATIVA,NAO IDENTIFICADO,HOMEM CIS,False,False,10.0,2024,4,ABRIL,21,DOMINGO,2,True,10.0,MANHÃ,CRIANCA
FC-01539,BREJO DA GUARDEIRA,30.0,2025-12-13 21:26:42,-8.071,-34.897,BRIGA,NAO IDENTIFICADO,HOMEM CIS,False,False,21.0,2025,12,DEZEMBRO,13,SÁBADO,4,True,21.0,NOITE,ADULTO
FC-01540,IPUTINGA,10.0,2024-08-13 22:10:36,-8.028,-34.893,ROUBO,NAO IDENTIFICADO,HOMEM CIS,False,False,22.0,2024,8,AGOSTO,13,TERÇA-FEIRA,3,False,22.0,NOITE,CRIANCA
FC-01541,IBURA,24.0,2023-05-03 23:12:12,-8.077,-34.895,BRIGA,NAO IDENTIFICADO,HOMEM CIS,False,False,23.0,2023,5,MAIO,3,QUARTA-FEIRA,2,False,23.0,NOITE,ADULTO
FC-01542,JARDIM SAO PAULO,42.0,2019-06-13 02:34:59,-8.004,-34.851,TIRO,NAO IDENTIFICADO,MULHER CIS,False,False,2.0,2019,6,JUNHO,13,QUINTA-FEIRA,2,False,2.0,MADRUGADA,ADULTO
FC-01543,VARZEA,21.0,2018-03-01 14:14:48,-8.037,-34.912,TIRO,BRANCA,NAO IDENTIFICADO,False,False,14.0,2018,3,MARÇO,1,QUINTA-FEIRA,1,False,14.0,TARDE,ADULTO
FC-01544,ALTO JOSE DO PINHO,35.0,2023-06-13 03:13:28,-8.025,-34.887,DISPARO,NAO IDENTIFICADO,HOMEM CIS,False,False,3.0,2023,6,JUNHO,13,TERÇA-FEIRA,2,False,3.0,MADRUGADA,ADULTO
FC-01545,MANGABEIRA,34.0,2019-10-11 01:55:25,-8.007,-34.872,TIRO,PRETA,HOMEM CIS,False,False,1.0,2019,10,OUTUBRO,11,SEXTA-FEIRA,4,False,1.0,MADRUGADA,ADULTO
FC-01546,GRACO,10.0,2020-04-22 09:06:25,-8.041,-34.874,OUTRO,NAO IDENTIFICADO,HOMEM CIS,False,False,9.0,2020,4,ABRIL,22,QUARTA-FEIRA,2,False,9.0,MANHÃ,CRIANCA
FC-01547,JARDIM SAO PAULO,8.0,2022-03-03 00:10:40,-8.013,-34.853,DISPARO,PRETA,MULHER CIS,False,False,0.0,2022,3,MARÇO,3,QUINTA-FEIRA,1,False,0.0,MADRUGADA,CRIANCA
FC-01548,CURADO,31.0,2020-09-14 04:34:21,-8.071,-34.906,HOMICIDIO/TENTATIVA,PARDA,HOMEM CIS,False,False,4.0,2020,9,SETEMBRO,14,SEGUNDA-FEIRA,3,False,4.0,MADRUGADA,ADULTO
FC-01549,POCO DA PANELA,37.0,2025-04-28 21:15:56,-8.03,-34.866,AMEACA,NAO IDENTIFICADO,HOMEM CIS,False,False,21.0,2025,4,ABRIL,28,SEGUNDA-FEIRA,2,False,21.0,NOITE,ADULTO
FC-01550,VARZEA,29.0,2020-08-24 00:50:44,-8.04,-34.916,HOMICIDIO/TENTATIVA,NAO IDENTIFICADO,HOMEM CIS,False,False,0.0,2020,8,AGOSTO,24,SEGUNDA-FEIRA,3,False,0.0,MADRUGADA,ADULTO
FC-01551,VASCO DA GAMA,27.0,2022-01-13 21:31:15,-8.053,-34.88,HOMICIDIO/TENTATIVA,BRANCA,HOMEM CIS,False,False,21.0,2022,1,JANEIRO,13,QUINTA-FEIRA,1,False,21.0,NOITE,ADULTO
FC-01552,TOTOS,37.0,2018-09-05 02:53:10,-8.036,-34.859,DISPARO,PARDA,HOMEM CIS,False,False,2.0,2018,9,SETEMBRO,5,QUARTA-FEIRA,3,False,2.0,MADRUGADA,ADULTO
FC-01553,IPUTINGA,26.0,2025-06-01 21:34:28,-8.031,-34.892,DISPARO,NAO IDENTIFICADO,HOMEM CIS,False,False,21.0,2025,6,JUNHO,1,DOMINGO,2,True,21.0,NOITE,ADULTO
FC-01554,NOVA DESCOBERTA,20.0,2024-03-03 23:08:20,-8.011,-34.866,DISPARO,PRETA,HOMEM CIS,False,False,23.0,2024,3,MARÇO,3,DOMINGO,1,True,23.0,NOITE,ADULTO
FC-01555,SAN MARTIN,23.0,2024-05-08 15:38:34,-8.041,-34.876,DISPARO,NAO IDENTIFICADO,HOMEM CIS,False,False,15.0,2024,5,MAIO,8,QUARTA-FEIRA,2,False,15.0,TARDE,ADULTO
FC-01556,CURADO,29.0,2024-01-20 20:14:42,-8.072,-34.905,ROUBO,NAO IDENTIFICADO,MULHER CIS,False,False,20.0,2024,1,JANEIRO,20,SÁBADO,1,True,20.0,NOITE,ADULTO
FC-01557,GRACO,19.0,2020-03-10 22:21:54,-8.043,-34.868,DISPARO,PRETA,HOMEM CIS,False,False,22.0,2020,3,MARÇO,10,TERÇA-FEIRA,1,False,22.0,NOITE,ADULTO
FC-01558,MANGABEIRA,10.0,2023-09-15 23:48:58,-8.009,-34.873,HOMICIDIO/TENTATIVA,NAO IDENTIFICADO,HOMEM CIS,True,False,23.0,2023,9,SETEMBRO,15,SEXTA-FEIRA,3,False,23.0,NOITE,CRIANCA
FC-01559,SAN MARTIN,39.0,2021-07-16 05:49:42,-8.043,-34.876,ROUBO,NAO IDENTIFICADO,HOMEM CIS,False,False,5.0,2021,7,JULHO,16,SEXTA-FEIRA,3,False,5.0,MADRUGADA,ADULTO
FC-01560,BREJO DA GUARDEIRA,43.0,2018-11-22 23:31:39,-8.067,-34.899,BRIGA,PARDA,HOMEM CIS,False,False,23.0,2018,11,NOVEMBRO,22,QUINTA-FEIRA,4,False,23.0,NOITE,ADULTO
FC-01561,MANGABEIRA,28.0,2022-03-27 21:20:33,-8.012,-34.866,DISPARO,PRETA,MULHER CIS,False,False,21.0,2022,3,MARÇO,27,DOMINGO,1,True,21.0,NOITE,ADULTO
FC-01562,ROSARINHO,21.0,2022-07-21 04:40:50,-8.043,-34.863,HOMICIDIO/TENTATIVA,PRETA,HOMEM CIS,False,False,4.0,2022,7,JULHO,21,QUINTA-FEIRA,3,False,4.0,MADRUGADA,ADULTO
FC-01563,BOA VISTA,20.0,2024-07-13 20:21:43,-8.053,-34.879,ROUBO,PRETA,MULHER CIS,False,False,20.0,2024,7,JULHO,13,SÁBADO,3,True,20.0,NOITE,ADULTO
FC-01564,IBURA,24.0,2024-06-28 14:16:11,-8.082,-34.891,DISPARO,NAO IDENTIFICADO,HOMEM CIS,False,False,14.0,2024,6,JUNHO,28,SEXTA-FEIRA,2,False,14.0,TARDE,ADULTO
FC-01565,SAN MARTIN,41.0,2023-03-21 08:08:43,-8.038,-34.879,AMEACA,NAO IDENTIFICADO,HOMEM CIS,False,False,8.0,2023,3,MARÇO,21,TERÇA-FEIRA,1,False,8.0,MANHÃ,ADULTO
FC-01566,CAXANGA,27.0,2025-09-19 22:21:25,-8.023,-34.916,HOMICIDIO/TENTATIVA,PARDA,HOMEM CIS,False,False,22.0,2025,9,SETEMBRO,19,SEXTA-FEIRA,3,False,22.0,NOITE,ADULTO
FC-01567,BOA VISTA,33.0,2024-08-06 22:21:24,-8.051,-34.878,AMEACA,NAO IDENTIFICADO,MULHER CIS,False,False,22.0,2024,8,AGOSTO,6,TERÇA-FEIRA,3,False,22.0,NOITE,ADULTO
FC-01568,VARZEA,11.0,2021-10-26 20:06:14,-8.033,-34.913,TIRO,NAO IDENTIFICADO,MULHER CIS,False,False,20.0,2021,10,OUTUBRO,26,TERÇA-FEIRA,4,False,20.0,NOITE,CRIANCA
FC-01569,ALTO JOSE DO PINHO,36.0,2025-08-17 10:24:54,-8.02,-34.881,DISPARO,NAO IDENTIFICADO,HOMEM CIS,False,False,10.0,2025,8,AGOSTO,17,DOMINGO,3,True,10.0,MANHÃ,ADULTO
FC-01570,BREJO DA GUARDEIRA,24.0,2020-01-07 12:39:07,-8.067,-34.9,HOMICIDIO/TENTATIVA,PARDA,HOMEM CIS,False,False,12.0,2020,1,JANEIRO,7,TERÇA-FEIRA,1,False,12.0,TARDE,ADULTO
FC-01571,ALTO JOSE DO PINHO,22.0,2022-08-06 01:33:53,-8.018,-34.884,HOMICIDIO/TENTATIVA,BRANCA,HOMEM CIS,False,False,1.0,2022,8,AGOSTO,6,SÁBADO,3,True,1.0,MADRUGADA,ADULTO
FC-01572,NOVA DESCOBERTA,34.0,2021-02-11 11:06:20,-8.015,-34.865,DISPARO,NAO IDENTIFICADO,HOMEM CIS,False,False,11.0,2021,2,FEVEREIRO,11,QUINTA-FEIRA,1,False,11.0,MANHÃ,ADULTO
FC-01573,COHAB,58.0,2024-08-24 21:33:06,-8.061,-34.903,ROUBO,NAO IDENTIFICADO,HOMEM CIS,False,False,21.0,2024,8,AGOSTO,24,SÁBADO,3,True,21.0,NOITE,ADULTO
FC-01574,SAN MARTIN,31.0,2025-03-23 21:51:06,-8.037,-34.876,TIRO,NAO IDENTIFICADO,HOMEM CIS,False,False,21.0,2025,3,MARÇO,23,DOMINGO,1,True,21.0,NOITE,ADULTO
FC-01575,POCO DA PANELA,30.0,2023-02-23 19:30:35,-8.036,-34.862,DISPARO,NAO IDENTIFICADO,HOMEM CIS,False,False,19.0,2023,2,FEVEREIRO,23,QUINTA-FEIRA,1,False,19.0,NOITE,ADULTO
FC-01576,CAXANGA,10.0,2020-09-17 18:49:22,-8.024,-34.921,DISPARO,NAO IDENTIFICADO,HOMEM CIS,False,False,18.0,2020,9,SETEMBRO,17,QUINTA-FEIRA,3,False,18.0,NOITE,CRIANCA
FC-01577,VARZEA,49.0,2021-01-11 21:37:32,-8.035,-34.919,AMEACA,PARDA,HOMEM CIS,False,False,21.0,2021,1,JANEIRO,11,SEGUNDA-FEIRA,1,False,21.0,NOITE,ADULTO
FC-01578,SAN MARTIN,29.0,2022-06-17 13:47:57,-8.043,-34.877,HOMICIDIO/TENTATIVA,NAO IDENTIFICADO,HOMEM CIS,False,False,13.0,2022,6,JUNHO,17,SEXTA-FEIRA,2,False,13.0,TARDE,ADULTO
FC-01579,VASCO DA GAMA,33.0,2025-12-27 19:11:32,-8.052,-34.882,DISPARO,NAO IDENTIFICADO,HOMEM CIS,False,False,19.0,2025,12,DEZEMBRO,27,SÁBADO,4,True,19.0,NOITE,ADULTO
FC-01580,BREJO DA GUARDEIRA,30.0,2025-01-05 22:00:56,-8.074,-34.898,TIRO,NAO IDENTIFICADO,HOMEM CIS,True,False,22.0,2025,1,JANEIRO,5,DOMINGO,1,True,22.0,NOITE,ADULTO
FC-01581,CASA AMARELA,36.0,2020-04-05 19:52:56,-8.031,-34.86,TIRO,NAO IDENTIFICADO,HOMEM CIS,False,False,19.0,2020,4,ABRIL,5,DOMINGO,2,True,19.0,NOITE,ADULTO
FC-01582,POCO DA PANELA,37.0,2021-01-17 05:40:27,-8.03,-34.863,HOMICIDIO/TENTATIVA,NAO IDENTIFICADO,MULHER CIS,False,False,5.0,2021,1,JANEIRO,17,DOMINGO,1,True,5.0,MADRUGADA,ADULTO
FC-01583,BOA VISTA,31.0,2023-07-19 19:45:31,-8.053,-34.878,DISPARO,NAO IDENTIFICADO,HOMEM CIS,False,False,19.0,2023,7,JULHO,19,QUARTA-FEIRA,3,False,19.0,NOITE,ADULTO
FC-01584,CAXANGA,28.0,2023-08-24 22:41:26,-8.022,-34.921,DISPARO,NAO IDENTIFICADO,NAO IDENTIFICADO,False,False,22.0,2023,8,AGOSTO,24,QUINTA-FEIRA,3,False,22.0,NOITE,ADULTO
FC-01585,COHAB,28.0,2025-05-07 22:04:33,-8.066,-34.907,TIRO,AMARELA,MULHER CIS,False,False,22.0,2025,5,MAIO,7,QUARTA-FEIRA,2,False,22.0,NOITE,ADULTO
FC-01586,VARZEA,33.0,2020-02-05 05:09:56,-8.039,-34.911,TIRO,PARDA,HOMEM CIS,False,False,5.0,2020,2,FEVEREIRO,5,QUARTA-FEIRA,1,False,5.0,MADRUGADA,ADULTO
FC-01587,VASCO DA GAMA,22.0,2025-09-08 15:31:10,-8.053,-34.884,TIRO,NAO IDENTIFICADO,HOMEM CIS,False,False,15.0,2025,9,SETEMBRO,8,SEGUNDA-FEIRA,3,False,15.0,TARDE,ADULTO
FC-01588,SAN MARTIN,38.0,2022-02-22 16:50:11,-8.038,-34.877,DISPARO,NAO IDENTIFICADO,HOMEM CIS,False,False,16.0,2022,2,FEVEREIRO,22,TERÇA-FEIRA,1,False,16.0,TARDE,ADULTO
FC-01589,SAN MARTIN,18.0,2020-03-13 03:36:02,-8.039,-34.882,DISPARO,BRANCA,HOMEM CIS,False,False,3.0,2020,3,MARÇO,13,SEXTA-FEIRA,1,False,3.0,MADRUGADA,ADULTO
FC-01590,COHAB,26.0,2021-11-18 08:06:25,-8.062,-34.903,TIRO,PARDA,HOMEM CIS,True,False,8.0,2021,11,NOVEMBRO,18,QUINTA-FEIRA,4,False,8.0,MANHÃ,ADULTO
FC-01591,VARZEA,30.0,2018-11-07 05:50:45,-8.038,-34.913,DISPARO,NAO IDENTIFICADO,HOMEM CIS,False,False,5.0,2018,11,NOVEMBRO,7,QUARTA-FEIRA,4,False,5.0,MADRUGADA,ADULTO
FC-01592,MANGABEIRA,30.0,2018-03-06 03:36:58,-8.017,-34.868,AMEACA,NAO IDENTIFICADO,HOMEM CIS,False,False,3.0,2018,3,MARÇO,6,TERÇA-FEIRA,1,False,3.0,MADRUGADA,ADULTO
FC-01593,ESTACAO,29.0,2021-10-03 19:15:35,-8.049,-34.874,DISPARO,NAO IDENTIFICADO,HOMEM CIS,False,False,19.0,2021,10,OUTUBRO,3,DOMINGO,4,True,19.0,NOITE,ADULTO
FC-01594,CURADO,10.0,2024-09-07 12:19:17,-8.069,-34.909,BRIGA,NAO IDENTIFICADO,HOMEM CIS,False,False,12.0,2024,9,SETEMBRO,7,SÁBADO,3,True,12.0,TARDE,CRIANCA
FC-01595,AFLITOS,10.0,2019-07-10 08:01:36,-8.048,-34.864,DISPARO,PRETA,HOMEM CIS,False,False,8.0,2019,7,JULHO,10,QUARTA-FEIRA,3,False,8.0,MANHÃ,CRIANCA
FC-01596,NOVA DESCOBERTA,26.0,2024-03-15 19:54:55,-8.013,-34.867,TIRO,PARDA,HOMEM CIS,False,False,19.0,2024,3,MARÇO,15,SEXTA-FEIRA,1,False,19.0,NOITE,ADULTO
FC-01597,VARZEA,10.0,2020-10-15 21:58:31,-8.036,-34.916,HOMICIDIO/TENTATIVA,NAO IDENTIFICADO,HOMEM CIS,False,False,21.0,2020,10,OUTUBRO,15,QUINTA-FEIRA,4,False,21.0,NOITE,CRIANCA
FC-01598,ALTO JOSE DO PINHO,26.0,2022-09-08 03:01:51,-8.02,-34.884,DISPARO,NAO IDENTIFICADO,MULHER CIS,False,False,3.0,2022,9,SETEMBRO,8,QUINTA-FEIRA,3,False,3.0,MADRUGADA,ADULTO
FC-01599,COHAB,28.0,2025-09-07 04:56:02,-8.069,-34.904,AMEACA,NAO IDENTIFICADO,HOMEM CIS,False,False,4.0,2025,9,SETEMBRO,7,DOMINGO,3,True,4.0,MADRUGADA,ADULTO
FC-01600,ALTO JOSE DO PINHO,10.0,2022-10-15 13:13:44,-8.026,-34.883,DISPARO,PRETA,HOMEM CIS,False,False,13.0,2022,10,OUTUBRO,15,SÁBADO,4,True,13.0,TARDE,CRIANCA
FC-01601,CURADO,36.0,2022-01-26 21:48:50,-8.07,-34.914,HOMICIDIO/TENTATIVA,NAO IDENTIFICADO,HOMEM CIS,False,False,21.0,2022,1,JANEIRO,26,QUARTA-FEIRA,1,False,21.0,NOITE,ADULTO
FC-01602,IBURA,21.0,2021-02-27 18:50:36,-8.083,-34.897,HOMICIDIO/TENTATIVA,BRANCA,HOMEM CIS,False,False,18.0,2021,2,FEVEREIRO,27,SÁBADO,1,True,18.0,NOITE,ADULTO
FC-01603,IBURA,21.0,2024-02-01 21:41:36,-8.08,-34.888,HOMICIDIO/TENTATIVA,NAO IDENTIFICADO,MULHER CIS,False,False,21.0,2024,2,FEVEREIRO,1,QUINTA-FEIRA,1,False,21.0,NOITE,ADULTO
FC-01604,AFLITOS,24.0,2021-08-09 19:47:32,-8.043,-34.878,HOMICIDIO/TENTATIVA,NAO IDENTIFICADO,HOMEM CIS,False,False,19.0,2021,8,AGOSTO,9,SEGUNDA-FEIRA,3,False,19.0,NOITE,ADULTO
FC-01605,CASA AMARELA,41.0,2019-11-19 17:38:07,-8.034,-34.859,OUTRO,PRETA,MULHER CIS,False,False,17.0,2019,11,NOVEMBRO,19,TERÇA-FEIRA,4,False,17.0,TARDE,ADULTO
FC-01606,VASCO DA GAMA,27.0,2025-12-15 15:48:42,-8.051,-34.883,HOMICIDIO/TENTATIVA,NAO IDENTIFICADO,HOMEM CIS,False,False,15.0,2025,12,DEZEMBRO,15,SEGUNDA-FEIRA,4,False,15.0,TARDE,ADULTO
FC-01607,BREJO DA GUARDEIRA,37.0,2021-03-06 01:39:46,-8.071,-34.9,HOMICIDIO/TENTATIVA,NAO IDENTIFICADO,HOMEM CIS,True,False,1.0,2021,3,MARÇO,6,SÁBADO,1,True,1.0,MADRUGADA,ADULTO
FC-01608,AFLITOS,27.0,2025-04-20 21:13:02,-8.048,-34.872,AMEACA,BRANCA,HOMEM CIS,False,False,21.0,2025,4,ABRIL,20,DOMINGO,2,True,21.0,NOITE,ADULTO
FC-01609,ESTACAO,29.0,2022-11-26 12:33:06,-8.052,-34.871,TIRO,NAO IDENTIFICADO,HOMEM CIS,False,False,12.0,2022,11,NOVEMBRO,26,SÁBADO,4,True,12.0,TARDE,ADULTO
FC-01610,IPUTINGA,39.0,2023-11-17 03:21:55,-8.025,-34.896,AMEACA,NAO IDENTIFICADO,HOMEM CIS,True,False,3.0,2023,11,NOVEMBRO,17,SEXTA-FEIRA,4,False,3.0,MADRUGADA,ADULTO
FC-01611,IPUTINGA,40.0,2018-10-07 20:23:22,-8.032,-34.891,DISPARO,PRETA,HOMEM CIS,False,False,20.0,2018,10,OUTUBRO,7,DOMINGO,4,True,20.0,NOITE,ADULTO
FC-01612,POCO DA PANELA,37.0,2025-12-22 18:22:08,-8.041,-34.862,HOMICIDIO/TENTATIVA,PRETA,HOMEM CIS,False,False,18.0,2025,12,DEZEMBRO,22,SEGUNDA-FEIRA,4,False,18.0,NOITE,ADULTO
FC-01613,ALTO JOSE DO PINHO,24.0,2019-05-07 15:22:35,-8.022,-34.881,BRIGA,NAO IDENTIFICADO,HOMEM CIS,False,False,15.0,2019,5,MAIO,7,TERÇA-FEIRA,2,False,15.0,TARDE,ADULTO
FC-01614,CORDOARIA,22.0,2020-02-24 21:01:09,-8.06,-34.873,AMEACA,NAO IDENTIFICADO,HOMEM CIS,False,False,21.0,2020,2,FEVEREIRO,24,SEGUNDA-FEIRA,1,False,21.0,NOITE,ADULTO
FC-01615,IBURA,38.0,2022-05-02 04:39:03,-8.082,-34.889,DISPARO,PRETA,HOMEM CIS,False,False,4.0,2022,5,MAIO,2,SEGUNDA-FEIRA,2,False,4.0,MADRUGADA,ADULTO
FC-01616,GRACO,36.0,2020-03-28 11:41:57,-8.05,-34.872,HOMICIDIO/TENTATIVA,PARDA,HOMEM CIS,False,False,11.0,2020,3,MARÇO,28,SÁBADO,1,True,11.0,MANHÃ,ADULTO
FC-01617,NOVA DESCOBERTA,24.0,2023-04-23 20:18:02,-8.014,-34.873,TIRO,PARDA,MULHER CIS,False,False,20.0,2023,4,ABRIL,23,DOMINGO,2,True,20.0,NOITE,ADULTO
FC-01618,IBURA,60.0,2022-11-15 14:57:50,-8.08,-34.892,BRIGA,BRANCA,HOMEM CIS,False,False,14.0,2022,11,NOVEMBRO,15,TERÇA-FEIRA,4,False,14.0,TARDE,IDOSO
FC-01619,CORDOARIA,44.0,2020-03-08 09:53:06,-8.051,-34.87,HOMICIDIO/TENTATIVA,PARDA,HOMEM CIS,False,False,9.0,2020,3,MARÇO,8,DOMINGO,1,True,9.0,MANHÃ,ADULTO
FC-01620,NOVA DESCOBERTA,41.0,2024-09-04 01:01:51,-8.015,-34.865,DISPARO,NAO IDENTIFICADO,HOMEM CIS,False,False,1.0,2024,9,SETEMBRO,4,QUARTA-FEIRA,3,False,1.0,MADRUGADA,ADULTO
FC-01621,ESTACAO,24.0,2025-08-06 15:02:34,-8.055,-34.873,HOMICIDIO/TENTATIVA,NAO IDENTIFICADO,HOMEM CIS,True,False,15.0,2025,8,AGOSTO,6,QUARTA-FEIRA,3,False,15.0,TARDE,ADULTO
FC-01622,CASA AMARELA,13.0,2018-12-04 23:45:03,-8.032,-34.865,HOMICIDIO/TENTATIVA,NAO IDENTIFICADO,HOMEM CIS,False,False,23.0,2018,12,DEZEMBRO,4,TERÇA-FEIRA,4,False,23.0,NOITE,ADOLESCENTE
FC-01623,ALTO JOSE DO PINHO,32.0,2023-06-03 23:52:55,-8.02,-34.885,HOMICIDIO/TENTATIVA,NAO IDENTIFICADO,HOMEM CIS,False,False,23.0,2023,6,JUNHO,3,SÁBADO,2,True,23.0,NOITE,ADULTO
FC-01624,ALTO JOSE DO PINHO,23.0,2019-12-07 00:36:27,-8.011,-34.881,AMEACA,NAO IDENTIFICADO,HOMEM CIS,False,False,0.0,2019,12,DEZEMBRO,7,SÁBADO,4,True,0.0,MADRUGADA,ADULTO
FC-01625,CAXANGA,15.0,2023-08-01 05:35:00,-8.024,-34.922,TIRO,NAO IDENTIFICADO,HOMEM CIS,False,False,5.0,2023,8,AGOSTO,1,TERÇA-FEIRA,3,False,5.0,MADRUGADA,ADOLESCENTE
FC-01626,CASA AMARELA,17.0,2024-08-09 21:56:25,-8.036,-34.859,HOMICIDIO/TENTATIVA,PRETA,HOMEM CIS,False,False,21.0,2024,8,AGOSTO,9,SEXTA-FEIRA,3,False,21.0,NOITE,ADOLESCENTE
FC-01627,COHAB,21.0,2023-08-01 01:17:25,-8.062,-34.902,AMEACA,NAO IDENTIFICADO,HOMEM CIS,False,False,1.0,2023,8,AGOSTO,1,TERÇA-FEIRA,3,False,1.0,MADRUGADA,ADULTO
FC-01628,IPUTINGA,46.0,2024-01-15 18:42:29,-8.031,-34.892,AMEACA,PRETA,HOMEM CIS,False,False,18.0,2024,1,JANEIRO,15,SEGUNDA-FEIRA,1,False,18.0,NOITE,ADULTO
FC-01629,IBURA,37.0,2024-09-03 21:36:48,-8.083,-34.894,HOMICIDIO/TENTATIVA,NAO IDENTIFICADO,HOMEM CIS,False,False,21.0,2024,9,SETEMBRO,3,TERÇA-FEIRA,3,False,21.0,NOITE,ADULTO
FC-01630,VASCO DA GAMA,49.0,2025-02-11 21:02:16,-8.054,-34.878,HOMICIDIO/TENTATIVA,NAO IDENTIFICADO,HOMEM CIS,False,False,21.0,2025,2,FEVEREIRO,11,TERÇA-FEIRA,1,False,21.0,NOITE,ADULTO
FC-01631,IBURA,20.0,2022-07-26 19:31:40,-8.086,-34.894,DISPARO,PRETA,HOMEM CIS,False,False,19.0,2022,7,JULHO,26,TERÇA-FEIRA,3,False,19.0,NOITE,ADULTO
FC-01632,VARZEA,28.0,2021-09-24 11:26:58,-8.038,-34.915,AMEACA,PRETA,HOMEM CIS,False,False,11.0,2021,9,SETEMBRO,24,SEXTA-FEIRA,3,False,11.0,MANHÃ,ADULTO
FC-01633,VARZEA,10.0,2023-04-08 21:48:20,-8.038,-34.913,DISPARO,BRANCA,HOMEM CIS,False,False,21.0,2023,4,ABRIL,8,SÁBADO,2,True,21.0,NOITE,CRIANCA
FC-01634,ESPINHEIRO,40.0,2023-02-20 16:00:04,-8.043,-34.871,DISPARO,PRETA,MULHER CIS,False,False,16.0,2023,2,FEVEREIRO,20,SEGUNDA-FEIRA,1,False,16.0,TARDE,ADULTO
FC-01635,NOVA DESCOBERTA,17.0,2019-04-15 01:29:52,-8.016,-34.863,BRIGA,PARDA,MULHER CIS,False,False,1.0,2019,4,ABRIL,15,SEGUNDA-FEIRA,2,False,1.0,MADRUGADA,ADOLESCENTE
FC-01636,VARZEA,41.0,2023-01-21 21:40:16,-8.036,-34.918,HOMICIDIO/TENTATIVA,NAO IDENTIFICADO,HOMEM CIS,False,False,21.0,2023,1,JANEIRO,21,SÁBADO,1,True,21.0,NOITE,ADULTO
FC-01637,CURADO,33.0,2021-12-25 19:32:38,-8.072,-34.912,HOMICIDIO/TENTATIVA,BRANCA,HOMEM CIS,False,False,19.0,2021,12,DEZEMBRO,25,SÁBADO,4,True,19.0,NOITE,ADULTO
FC-01638,BREJO DA GUARDEIRA,50.0,2022-01-24 21:32:40,-8.068,-34.9,HOMICIDIO/TENTATIVA,PARDA,MULHER CIS,False,False,21.0,2022,1,JANEIRO,24,SEGUNDA-FEIRA,1,False,21.0,NOITE,ADULTO
FC-01639,JARDIM SAO PAULO,14.0,2025-07-09 12:08:10,-8.004,-34.852,ROUBO,PARDA,HOMEM CIS,False,False,12.0,2025,7,JULHO,9,QUARTA-FEIRA,3,False,12.0,TARDE,ADOLESCENTE
FC-01640,JAQUEIRA,26.0,2020-08-17 14:59:00,-8.034,-34.864,TIRO,NAO IDENTIFICADO,MULHER CIS,False,False,14.0,2020,8,AGOSTO,17,SEGUNDA-FEIRA,3,False,14.0,TARDE,ADULTO
FC-01641,CASA AMARELA,49.0,2022-02-27 21:53:12,-8.031,-34.858,DISPARO,NAO IDENTIFICADO,HOMEM CIS,False,False,21.0,2022,2,FEVEREIRO,27,DOMINGO,1,True,21.0,NOITE,ADULTO
FC-01642,IPUTINGA,46.0,2025-09-16 20:37:17,-8.027,-34.895,TIRO,PARDA,HOMEM CIS,False,False,20.0,2025,9,SETEMBRO,16,TERÇA-FEIRA,3,False,20.0,NOITE,ADULTO
FC-01643,SANTO AMARO,24.0,2024-10-22 22:30:42,-8.057,-34.874,DISPARO,NAO IDENTIFICADO,HOMEM CIS,False,False,22.0,2024,10,OUTUBRO,22,TERÇA-FEIRA,4,False,22.0,NOITE,ADULTO
FC-01644,IBURA,28.0,2024-10-14 02:27:02,-8.079,-34.899,HOMICIDIO/TENTATIVA,PRETA,HOMEM CIS,False,False,2.0,2024,10,OUTUBRO,14,SEGUNDA-FEIRA,4,False,2.0,MADRUGADA,ADULTO
FC-01645,VASCO DA GAMA,48.0,2023-09-08 13:24:22,-8.052,-34.881,ROUBO,NAO IDENTIFICADO,HOMEM CIS,False,False,13.0,2023,9,SETEMBRO,8,SEXTA-FEIRA,3,False,13.0,TARDE,ADULTO
FC-01646,SAN MARTIN,36.0,2021-05-21 01:38:59,-8.04,-34.874,TIRO,PARDA,HOMEM CIS,False,False,1.0,2021,5,MAIO,21,SEXTA-FEIRA,2,False,1.0,MADRUGADA,ADULTO
FC-01647,IPUTINGA,41.0,2020-10-14 00:28:32,-8.032,-34.891,HOMICIDIO/TENTATIVA,NAO IDENTIFICADO,HOMEM CIS,False,False,0.0,2020,10,OUTUBRO,14,QUARTA-FEIRA,4,False,0.0,MADRUGADA,ADULTO
FC-01648,SAN MARTIN,27.0,2019-06-19 21:52:40,-8.04,-34.88,DISPARO,NAO IDENTIFICADO,HOMEM CIS,False,False,21.0,2019,6,JUNHO,19,QUARTA-FEIRA,2,False,21.0,NOITE,ADULTO
FC-01649,MANGABEIRA,50.0,2024-05-18 15:44:32,-8.007,-34.872,BRIGA,BRANCA,HOMEM CIS,False,False,15.0,2024,5,MAIO,18,SÁBADO,2,True,15.0,TARDE,ADULTO
FC-01650,CURADO,13.0,2025-09-15 19:04:27,-8.071,-34.909,DISPARO,NAO IDENTIFICADO,HOMEM CIS,True,False,19.0,2025,9,SETEMBRO,15,SEGUNDA-FEIRA,3,False,19.0,NOITE,ADOLESCENTE
FC-01651,IBURA,32.0,2023-12-08 13:48:38,-8.078,-34.89,AMEACA,NAO IDENTIFICADO,HOMEM CIS,False,False,13.0,2023,12,DEZEMBRO,8,SEXTA-FEIRA,4,False,13.0,TARDE,ADULTO
FC-01652,ROSARINHO,45.0,2020-12-14 22:21:11,-8.039,-34.869,HOMICIDIO/TENTATIVA,PRETA,MULHER CIS,False,False,22.0,2020,12,DEZEMBRO,14,SEGUNDA-FEIRA,4,False,22.0,NOITE,ADULTO
FC-01653,JARDIM SAO PAULO,27.0,2024-12-01 22:23:58,-8.002,-34.855,DISPARO,NAO IDENTIFICADO,HOMEM CIS,False,False,22.0,2024,12,DEZEMBRO,1,DOMINGO,4,True,22.0,NOITE,ADULTO
FC-01654,IPUTINGA,36.0,2021-01-28 05:18:17,-8.029,-34.896,HOMICIDIO/TENTATIVA,NAO IDENTIFICADO,HOMEM CIS,True,False,5.0,2021,1,JANEIRO,28,QUINTA-FEIRA,1,False,5.0,MADRUGADA,ADULTO
FC-01655,ESTACAO,30.0,2025-12-03 21:08:44,-8.052,-34.873,TIRO,NAO IDENTIFICADO,MULHER CIS,False,False,21.0,2025,12,DEZEMBRO,3,QUARTA-FEIRA,4,False,21.0,NOITE,ADULTO
FC-01656,MANGABEIRA,27.0,2025-01-28 15:53:35,-8.013,-34.867,DISPARO,NAO IDENTIFICADO,HOMEM CIS,False,False,15.0,2025,1,JANEIRO,28,TERÇA-FEIRA,1,False,15.0,TARDE,ADULTO
FC-01657,COHAB,26.0,2024-06-20 04:25:40,-8.061,-34.9,OUTRO,NAO IDENTIFICADO,HOMEM CIS,False,False,4.0,2024,6,JUNHO,20,QUINTA-FEIRA,2,False,4.0,MADRUGADA,ADULTO
FC-01658,MANGABEIRA,29.0,2020-10-13 20:35:28,-8.013,-34.876,AMEACA,NAO IDENTIFICADO,HOMEM CIS,False,False,20.0,2020,10,OUTUBRO,13,TERÇA-FEIRA,4,False,20.0,NOITE,ADULTO
FC-01659,CORDOARIA,12.0,2021-05-11 21:03:07,-8.062,-34.869,HOMICIDIO/TENTATIVA,PARDA,HOMEM CIS,False,False,21.0,2021,5,MAIO,11,TERÇA-FEIRA,2,False,21.0,NOITE,CRIANCA
FC-01660,AFLITOS,31.0,2022-06-08 20:24:56,-8.044,-34.879,TIRO,NAO IDENTIFICADO,HOMEM CIS,False,False,20.0,2022,6,JUNHO,8,QUARTA-FEIRA,2,False,20.0,NOITE,ADULTO
FC-01661,COHAB,15.0,2020-10-18 21:35:51,-8.062,-34.904,TIRO,NAO IDENTIFICADO,HOMEM CIS,False,False,21.0,2020,10,OUTUBRO,18,DOMINGO,4,True,21.0,NOITE,ADOLESCENTE
FC-01662,IPUTINGA,28.0,2022-05-11 14:03:24,-8.026,-34.888,HOMICIDIO/TENTATIVA,PRETA,HOMEM CIS,False,False,14.0,2022,5,MAIO,11,QUARTA-FEIRA,2,False,14.0,TARDE,ADULTO
FC-01663,IBURA,27.0,2020-10-09 04:18:58,-8.082,-34.891,AMEACA,PRETA,HOMEM CIS,False,False,4.0,2020,10,OUTUBRO,9,SEXTA-FEIRA,4,False,4.0,MADRUGADA,ADULTO
FC-01664,BOA VISTA,58.0,2023-07-16 15:20:50,-8.056,-34.873,ROUBO,BRANCA,HOMEM CIS,False,False,15.0,2023,7,JULHO,16,DOMINGO,3,True,15.0,TARDE,ADULTO
FC-01665,IBURA,28.0,2021-08-11 18:01:36,-8.08,-34.894,DISPARO,NAO IDENTIFICADO,HOMEM CIS,False,False,18.0,2021,8,AGOSTO,11,QUARTA-FEIRA,3,False,18.0,NOITE,ADULTO
FC-01666,IPUTINGA,29.0,2024-01-14 03:54:50,-8.026,-34.884,AMEACA,NAO IDENTIFICADO,HOMEM CIS,False,False,3.0,2024,1,JANEIRO,14,DOMINGO,1,True,3.0,MADRUGADA,ADULTO
FC-01667,ESTACAO,39.0,2024-06-23 11:06:25,-8.056,-34.872,TIRO,NAO IDENTIFICADO,HOMEM CIS,False,False,11.0,2024,6,JUNHO,23,DOMINGO,2,True,11.0,MANHÃ,ADULTO
FC-01668,BREJO DA GUARDEIRA,24.0,2023-03-28 04:11:09,-8.075,-34.901,TIRO,NAO IDENTIFICADO,HOMEM CIS,False,False,4.0,2023,3,MARÇO,28,TERÇA-FEIRA,1,False,4.0,MADRUGADA,ADULTO
FC-01669,ESPINHEIRO,38.0,2023-05-13 03:20:39,-8.046,-34.865,DISPARO,BRANCA,HOMEM CIS,False,False,3.0,2023,5,MAIO,13,SÁBADO,2,True,3.0,MADRUGADA,ADULTO
FC-01670,COHAB,35.0,2021-09-27 23:34:51,-8.067,-34.905,HOMICIDIO/TENTATIVA,PRETA,HOMEM CIS,False,False,23.0,2021,9,SETEMBRO,27,SEGUNDA-FEIRA,3,False,23.0,NOITE,ADULTO
FC-01671,ROSARINHO,49.0,2019-10-17 23:30:45,-8.038,-34.865,DISPARO,BRANCA,HOMEM CIS,False,False,23.0,2019,10,OUTUBRO,17,QUINTA-FEIRA,4,False,23.0,NOITE,ADULTO
FC-01672,COHAB,28.0,2025-08-26 22:59:51,-8.065,-34.907,DISPARO,NAO IDENTIFICADO,MULHER CIS,False,False,22.0,2025,8,AGOSTO,26,TERÇA-FEIRA,3,False,22.0,NOITE,ADULTO
FC-01673,ROSARINHO,10.0,2024-02-05 21:58:10,-8.034,-34.865,HOMICIDIO/TENTATIVA,NAO IDENTIFICADO,HOMEM CIS,True,False,21.0,2024,2,FEVEREIRO,5,SEGUNDA-FEIRA,1,False,21.0,NOITE,CRIANCA
FC-01674,NOVA DESCOBERTA,34.0,2022-12-19 20:55:48,-8.015,-34.867,HOMICIDIO/TENTATIVA,PARDA,HOMEM CIS,False,False,20.0,2022,12,DEZEMBRO,19,SEGUNDA-FEIRA,4,False,20.0,NOITE,ADULTO
FC-01675,MANGABEIRA,26.0,2020-09-06 12:07:42,-8.015,-34.863,DISPARO,PRETA,NAO IDENTIFICADO,False,False,12.0,2020,9,SETEMBRO,6,DOMINGO,3,True,12.0,TARDE,ADULTO
FC-01676,NOVA DESCOBERTA,15.0,2025-05-02 01:27:16,-8.018,-34.866,AMEACA,NAO IDENTIFICADO,HOMEM CIS,False,False,1.0,2025,5,MAIO,2,SEXTA-FEIRA,2,False,1.0,MADRUGADA,ADOLESCENTE
FC-01677,IPUTINGA,45.0,2024-02-04 03:12:09,-8.028,-34.897,ROUBO,PRETA,HOMEM CIS,False,False,3.0,2024,2,FEVEREIRO,4,DOMINGO,1,True,3.0,MADRUGADA,ADULTO
FC-01678,IPUTINGA,45.0,2022-10-24 21:05:28,-8.026,-34.891,TIRO,PARDA,HOMEM CIS,False,False,21.0,2022,10,OUTUBRO,24,SEGUNDA-FEIRA,4,False,21.0,NOITE,ADULTO
FC-01679,CORDOARIA,38.0,2023-03-16 04:12:55,-8.051,-34.866,TIRO,PRETA,HOMEM CIS,False,False,4.0,2023,3,MARÇO,16,QUINTA-FEIRA,1,False,4.0,MADRUGADA,ADULTO
FC-01680,CORDOARIA,21.0,2023-11-18 01:54:04,-8.053,-34.872,DISPARO,NAO IDENTIFICADO,HOMEM CIS,False,False,1.0,2023,11,NOVEMBRO,18,SÁBADO,4,True,1.0,MADRUGADA,ADULTO
FC-01681,JAQUEIRA,38.0,2020-07-20 23:14:20,-8.043,-34.869,TIRO,NAO IDENTIFICADO,MULHER CIS,False,False,23.0,2020,7,JULHO,20,SEGUNDA-FEIRA,3,False,23.0,NOITE,ADULTO
FC-01682,CAXANGA,20.0,2020-05-01 01:58:55,-8.023,-34.917,HOMICIDIO/TENTATIVA,PARDA,HOMEM CIS,False,False,1.0,2020,5,MAIO,1,SEXTA-FEIRA,2,False,1.0,MADRUGADA,ADULTO
FC-01683,ESPINHEIRO,10.0,2022-05-17 22:53:27,-8.042,-34.865,DISPARO,PRETA,HOMEM CIS,False,False,22.0,2022,5,MAIO,17,TERÇA-FEIRA,2,False,22.0,NOITE,CRIANCA
FC-01684,NOVA DESCOBERTA,27.0,2020-01-27 18:52:34,-8.013,-34.864,DISPARO,PRETA,HOMEM CIS,False,False,18.0,2020,1,JANEIRO,27,SEGUNDA-FEIRA,1,False,18.0,NOITE,ADULTO
FC-01685,IBURA,34.0,2022-01-21 20:48:58,-8.083,-34.896,TIRO,NAO IDENTIFICADO,HOMEM CIS,False,False,20.0,2022,1,JANEIRO,21,SEXTA-FEIRA,1,False,20.0,NOITE,ADULTO
FC-01686,IPUTINGA,16.0,2025-09-22 09:34:47,-8.026,-34.893,DISPARO,NAO IDENTIFICADO,HOMEM CIS,False,False,9.0,2025,9,SETEMBRO,22,SEGUNDA-FEIRA,3,False,9.0,MANHÃ,ADOLESCENTE
FC-01687,MANGABEIRA,28.0,2019-12-20 01:20:30,-8.011,-34.871,DISPARO,PRETA,HOMEM CIS,False,False,1.0,2019,12,DEZEMBRO,20,SEXTA-FEIRA,4,False,1.0,MADRUGADA,ADULTO
FC-01688,CAXANGA,42.0,2020-04-02 21:55:46,-8.026,-34.924,TIRO,PARDA,HOMEM CIS,False,False,21.0,2020,4,ABRIL,2,QUINTA-FEIRA,2,False,21.0,NOITE,ADULTO
FC-01689,ESPINHEIRO,38.0,2025-09-21 06:28:10,-8.043,-34.868,HOMICIDIO/TENTATIVA,NAO IDENTIFICADO,HOMEM CIS,False,False,6.0,2025,9,SETEMBRO,21,DOMINGO,3,True,6.0,MANHÃ,ADULTO
FC-01690,MANGABEIRA,49.0,2023-08-01 14:52:10,-8.01,-34.869,OUTRO,BRANCA,HOMEM CIS,False,False,14.0,2023,8,AGOSTO,1,TERÇA-FEIRA,3,False,14.0,TARDE,ADULTO
FC-01691,VARZEA,15.0,2023-09-07 04:07:02,-8.036,-34.913,ROUBO,PARDA,HOMEM CIS,False,False,4.0,2023,9,SETEMBRO,7,QUINTA-FEIRA,3,False,4.0,MADRUGADA,ADOLESCENTE
FC-01692,VARZEA,11.0,2022-08-14 14:02:58,-8.034,-34.915,HOMICIDIO/TENTATIVA,NAO IDENTIFICADO,HOMEM CIS,True,False,14.0,2022,8,AGOSTO,14,DOMINGO,3,True,14.0,TARDE,CRIANCA
FC-01693,VASCO DA GAMA,30.0,2022-07-04 00:05:52,-8.052,-34.879,AMEACA,PRETA,HOMEM CIS,False,False,0.0,2022,7,JULHO,4,SEGUNDA-FEIRA,3,False,0.0,MADRUGADA,ADULTO
FC-01694,CORDOARIA,47.0,2025-05-11 19:41:05,-8.061,-34.873,TIRO,NAO IDENTIFICADO,HOMEM CIS,False,False,19.0,2025,5,MAIO,11,DOMINGO,2,True,19.0,NOITE,ADULTO
FC-01695,IBURA,31.0,2024-11-05 05:19:26,-8.085,-34.889,AMEACA,NAO IDENTIFICADO,HOMEM CIS,False,False,5.0,2024,11,NOVEMBRO,5,TERÇA-FEIRA,4,False,5.0,MADRUGADA,ADULTO
FC-01696,IPUTINGA,57.0,2024-01-15 21:25:58,-8.028,-34.891,HOMICIDIO/TENTATIVA,NAO IDENTIFICADO,HOMEM CIS,False,False,21.0,2024,1,JANEIRO,15,SEGUNDA-FEIRA,1,False,21.0,NOITE,ADULTO
FC-01697,CASA AMARELA,31.0,2021-02-11 00:44:02,-8.034,-34.865,TIRO,NAO IDENTIFICADO,HOMEM CIS,False,False,0.0,2021,2,FEVEREIRO,11,QUINTA-FEIRA,1,False,0.0,MADRUGADA,ADULTO
FC-01698,CURADO,21.0,2025-07-12 11:05:45,-8.074,-34.905,HOMICIDIO/TENTATIVA,NAO IDENTIFICADO,HOMEM CIS,False,False,11.0,2025,7,JULHO,12,SÁBADO,3,True,11.0,MANHÃ,ADULTO
FC-01699,CURADO,30.0,2022-06-04 14:52:59,-8.071,-34.907,HOMICIDIO/TENTATIVA,AMARELA,MULHER CIS,False,False,14.0,2022,6,JUNHO,4,SÁBADO,2,True,14.0,TARDE,ADULTO
FC-01700,TOTOS,16.0,2024-04-14 15:12:18,-8.04,-34.865,HOMICIDIO/TENTATIVA,NAO IDENTIFICADO,HOMEM CIS,False,False,15.0,2024,4,ABRIL,14,DOMINGO,2,True,15.0,TARDE,ADOLESCENTE
FC-01701,ALTO JOSE DO PINHO,42.0,2023-01-17 07:27:35,-8.018,-34.884,HOMICIDIO/TENTATIVA,PRETA,HOMEM CIS,False,False,7.0,2023,1,JANEIRO,17,TERÇA-FEIRA,1,False,7.0,MANHÃ,ADULTO
FC-01702,VASCO DA GAMA,30.0,2023-10-03 14:23:51,-8.054,-34.879,TIRO,NAO IDENTIFICADO,HOMEM CIS,False,False,14.0,2023,10,OUTUBRO,3,TERÇA-FEIRA,4,False,14.0,TARDE,ADULTO
FC-01703,CORDOARIA,17.0,2018-10-08 03:05:08,-8.058,-34.876,ROUBO,PRETA,MULHER CIS,False,False,3.0,2018,10,OUTUBRO,8,SEGUNDA-FEIRA,4,False,3.0,MADRUGADA,ADOLESCENTE
FC-01704,TOTOS,30.0,2023-03-13 00:05:35,-8.039,-34.857,TIRO,PARDA,HOMEM CIS,False,False,0.0,2023,3,MARÇO,13,SEGUNDA-FEIRA,1,False,0.0,MADRUGADA,ADULTO
FC-01705,JARDIM SAO PAULO,31.0,2018-08-12 13:20:07,-8.009,-34.855,HOMICIDIO/TENTATIVA,NAO IDENTIFICADO,MULHER CIS,False,False,13.0,2018,8,AGOSTO,12,DOMINGO,3,True,13.0,TARDE,ADULTO
FC-01706,IPUTINGA,36.0,2021-03-26 02:34:43,-8.023,-34.895,DISPARO,PRETA,HOMEM CIS,False,False,2.0,2021,3,MARÇO,26,SEXTA-FEIRA,1,False,2.0,MADRUGADA,ADULTO
FC-01707,MANGABEIRA,11.0,2025-07-09 04:09:38,-8.008,-34.874,DISPARO,PRETA,HOMEM CIS,False,False,4.0,2025,7,JULHO,9,QUARTA-FEIRA,3,False,4.0,MADRUGADA,CRIANCA
FC-01708,ALTO JOSE DO PINHO,24.0,2025-05-24 21:17:58,-8.021,-34.885,TIRO,NAO IDENTIFICADO,HOMEM CIS,False,False,21.0,2025,5,MAIO,24,SÁBADO,2,True,21.0,NOITE,ADULTO
FC-01709,MANGABEIRA,38.0,2018-07-25 17:00:54,-8.012,-34.871,AMEACA,NAO IDENTIFICADO,HOMEM CIS,False,False,17.0,2018,7,JULHO,25,QUARTA-FEIRA,3,False,17.0,TARDE,ADULTO
FC-01710,CAXANGA,29.0,2018-12-02 01:25:14,-8.025,-34.92,TIRO,PARDA,HOMEM CIS,False,False,1.0,2018,12,DEZEMBRO,2,DOMINGO,4,True,1.0,MADRUGADA,ADULTO
FC-01711,IPUTINGA,35.0,2024-05-28 21:11:32,-8.025,-34.892,HOMICIDIO/TENTATIVA,NAO IDENTIFICADO,HOMEM CIS,False,False,21.0,2024,5,MAIO,28,TERÇA-FEIRA,2,False,21.0,NOITE,ADULTO
FC-01712,BREJO DA GUARDEIRA,38.0,2018-08-17 19:58:52,-8.075,-34.9,HOMICIDIO/TENTATIVA,PARDA,MULHER CIS,False,False,19.0,2018,8,AGOSTO,17,SEXTA-FEIRA,3,False,19.0,NOITE,ADULTO
FC-01713,BOA VISTA,35.0,2021-07-18 22:50:49,-8.048,-34.877,HOMICIDIO/TENTATIVA,NAO IDENTIFICADO,HOMEM CIS,False,False,22.0,2021,7,JULHO,18,DOMINGO,3,True,22.0,NOITE,ADULTO
FC-01714,IBURA,22.0,2024-01-03 02:23:00,-8.084,-34.89,TIRO,BRANCA,HOMEM CIS,False,False,2.0,2024,1,JANEIRO,3,QUARTA-FEIRA,1,False,2.0,MADRUGADA,ADULTO
FC-01715,SAN MARTIN,42.0,2021-07-03 21:02:47,-8.041,-34.875,TIRO,AMARELA,HOMEM CIS,False,False,21.0,2021,7,JULHO,3,SÁBADO,3,True,21.0,NOITE,ADULTO
FC-01716,CASA AMARELA,31.0,2020-01-15 02:27:37,-8.032,-34.861,DISPARO,NAO IDENTIFICADO,HOMEM CIS,False,False,2.0,2020,1,JANEIRO,15,QUARTA-FEIRA,1,False,2.0,MADRUGADA,ADULTO
FC-01717,IBURA,38.0,2023-09-19 21:35:45,-8.081,-34.885,AMEACA,BRANCA,HOMEM CIS,False,False,21.0,2023,9,SETEMBRO,19,TERÇA-FEIRA,3,False,21.0,NOITE,ADULTO
FC-01718,NOVA DESCOBERTA,19.0,2021-09-19 06:54:26,-8.013,-34.867,DISPARO,PARDA,HOMEM CIS,False,False,6.0,2021,9,SETEMBRO,19,DOMINGO,3,True,6.0,MANHÃ,ADULTO
FC-01719,NOVA DESCOBERTA,19.0,2024-10-26 20:59:09,-8.015,-34.865,DISPARO,PARDA,MULHER CIS,False,False,20.0,2024,10,OUTUBRO,26,SÁBADO,4,True,20.0,NOITE,ADULTO
FC-01720,CASA AMARELA,65.0,2024-02-02 09:02:09,-8.033,-34.863,ROUBO,NAO IDENTIFICADO,HOMEM CIS,False,False,9.0,2024,2,FEVEREIRO,2,SEXTA-FEIRA,1,False,9.0,MANHÃ,IDOSO
FC-01721,SANTO AMARO,33.0,2025-04-26 21:23:28,-8.064,-34.87,HOMICIDIO/TENTATIVA,PRETA,HOMEM CIS,False,False,21.0,2025,4,ABRIL,26,SÁBADO,2,True,21.0,NOITE,ADULTO
FC-01722,CURADO,30.0,2022-07-28 10:34:27,-8.068,-34.907,HOMICIDIO/TENTATIVA,PARDA,HOMEM CIS,True,False,10.0,2022,7,JULHO,28,QUINTA-FEIRA,3,False,10.0,MANHÃ,ADULTO
FC-01723,SAN MARTIN,23.0,2020-05-18 17:35:19,-8.04,-34.88,TIRO,NAO IDENTIFICADO,HOMEM CIS,False,False,17.0,2020,5,MAIO,18,SEGUNDA-FEIRA,2,False,17.0,TARDE,ADULTO
FC-01724,CASA AMARELA,16.0,2025-05-13 22:34:03,-8.031,-34.864,ROUBO,AMARELA,HOMEM CIS,False,False,22.0,2025,5,MAIO,13,TERÇA-FEIRA,2,False,22.0,NOITE,ADOLESCENTE
FC-01725,SAN MARTIN,25.0,2021-10-11 13:23:25,-8.043,-34.876,HOMICIDIO/TENTATIVA,NAO IDENTIFICADO,HOMEM CIS,False,False,13.0,2021,10,OUTUBRO,11,SEGUNDA-FEIRA,4,False,13.0,TARDE,ADULTO
FC-01726,VARZEA,57.0,2021-06-04 01:40:44,-8.039,-34.921,DISPARO,PRETA,MULHER CIS,False,False,1.0,2021,6,JUNHO,4,SEXTA-FEIRA,2,False,1.0,MADRUGADA,ADULTO
FC-01727,SANTO AMARO,28.0,2019-02-15 21:24:06,-8.058,-34.869,HOMICIDIO/TENTATIVA,PARDA,HOMEM CIS,False,False,21.0,2019,2,FEVEREIRO,15,SEXTA-FEIRA,1,False,21.0,NOITE,ADULTO
FC-01728,IBURA,24.0,2023-01-22 20:10:40,-8.083,-34.891,BRIGA,NAO IDENTIFICADO,HOMEM CIS,True,False,20.0,2023,1,JANEIRO,22,DOMINGO,1,True,20.0,NOITE,ADULTO
FC-01729,VASCO DA GAMA,46.0,2020-02-22 04:00:57,-8.061,-34.881,ROUBO,NAO IDENTIFICADO,MULHER CIS,False,False,4.0,2020,2,FEVEREIRO,22,SÁBADO,1,True,4.0,MADRUGADA,ADULTO
FC-01730,VARZEA,34.0,2021-01-01 03:26:48,-8.038,-34.91,ROUBO,PARDA,MULHER CIS,False,False,3.0,2021,1,JANEIRO,1,SEXTA-FEIRA,1,False,3.0,MADRUGADA,ADULTO
FC-01731,IBURA,22.0,2025-06-26 19:43:37,-8.082,-34.89,ROUBO,NAO IDENTIFICADO,HOMEM CIS,False,False,19.0,2025,6,JUNHO,26,QUINTA-FEIRA,2,False,19.0,NOITE,ADULTO
FC-01732,CURADO,22.0,2024-02-25 16:12:54,-8.076,-34.911,HOMICIDIO/TENTATIVA,NAO IDENTIFICADO,HOMEM CIS,False,False,16.0,2024,2,FEVEREIRO,25,DOMINGO,1,True,16.0,TARDE,ADULTO
FC-01733,MANGABEIRA,46.0,2021-01-08 20:53:04,-8.011,-34.873,DISPARO,PRETA,MULHER CIS,True,False,20.0,2021,1,JANEIRO,8,SEXTA-FEIRA,1,False,20.0,NOITE,ADULTO
FC-01734,IPUTINGA,41.0,2024-04-23 22:07:00,-8.029,-34.895,HOMICIDIO/TENTATIVA,NAO IDENTIFICADO,HOMEM CIS,False,False,22.0,2024,4,ABRIL,23,TERÇA-FEIRA,2,False,22.0,NOITE,ADULTO
FC-01735,JARDIM SAO PAULO,34.0,2023-05-03 02:19:40,-8.003,-34.848,DISPARO,NAO IDENTIFICADO,MULHER CIS,False,False,2.0,2023,5,MAIO,3,QUARTA-FEIRA,2,False,2.0,MADRUGADA,ADULTO
FC-01736,JAQUEIRA,36.0,2025-09-12 13:48:15,-8.035,-34.87,TIRO,NAO IDENTIFICADO,NAO IDENTIFICADO,False,False,13.0,2025,9,SETEMBRO,12,SEXTA-FEIRA,3,False,13.0,TARDE,ADULTO
FC-01737,MANGABEIRA,17.0,2018-08-19 22:00:41,-8.01,-34.87,HOMICIDIO/TENTATIVA,NAO IDENTIFICADO,HOMEM CIS,True,False,22.0,2018,8,AGOSTO,19,DOMINGO,3,True,22.0,NOITE,ADOLESCENTE
FC-01738,ESTACAO,16.0,2022-12-15 16:02:49,-8.054,-34.87,HOMICIDIO/TENTATIVA,PARDA,MULHER CIS,False,False,16.0,2022,12,DEZEMBRO,15,QUINTA-FEIRA,4,False,16.0,TARDE,ADOLESCENTE
FC-01739,ROSARINHO,34.0,2025-04-22 05:54:18,-8.038,-34.864,HOMICIDIO/TENTATIVA,PRETA,HOMEM CIS,False,False,5.0,2025,4,ABRIL,22,TERÇA-FEIRA,2,False,5.0,MADRUGADA,ADULTO
FC-01740,JAQUEIRA,23.0,2022-07-25 21:10:21,-8.04,-34.872,HOMICIDIO/TENTATIVA,NAO IDENTIFICADO,HOMEM CIS,False,False,21.0,2022,7,JULHO,25,SEGUNDA-FEIRA,3,False,21.0,NOITE,ADULTO
FC-01741,VARZEA,51.0,2025-06-09 03:25:11,-8.035,-34.916,DISPARO,NAO IDENTIFICADO,HOMEM CIS,False,False,3.0,2025,6,JUNHO,9,SEGUNDA-FEIRA,2,False,3.0,MADRUGADA,ADULTO
FC-01742,MANGABEIRA,18.0,2025-12-25 03:50:14,-8.001,-34.873,HOMICIDIO/TENTATIVA,NAO IDENTIFICADO,HOMEM CIS,False,False,3.0,2025,12,DEZEMBRO,25,QUINTA-FEIRA,4,False,3.0,MADRUGADA,ADULTO
FC-01743,COHAB,24.0,2023-07-27 20:22:15,-8.064,-34.903,DISPARO,PARDA,HOMEM CIS,True,False,20.0,2023,7,JULHO,27,QUINTA-FEIRA,3,False,20.0,NOITE,ADULTO
FC-01744,JAQUEIRA,41.0,2018-02-03 14:28:14,-8.033,-34.866,HOMICIDIO/TENTATIVA,NAO IDENTIFICADO,HOMEM CIS,False,False,14.0,2018,2,FEVEREIRO,3,SÁBADO,1,True,14.0,TARDE,ADULTO
FC-01745,JARDIM SAO PAULO,17.0,2025-08-11 21:36:35,-8.006,-34.854,BRIGA,PRETA,HOMEM CIS,False,False,21.0,2025,8,AGOSTO,11,SEGUNDA-FEIRA,3,False,21.0,NOITE,ADOLESCENTE
FC-01746,SAN MARTIN,60.0,2023-10-25 15:10:25,-8.044,-34.874,HOMICIDIO/TENTATIVA,PARDA,MULHER CIS,True,False,15.0,2023,10,OUTUBRO,25,QUARTA-FEIRA,4,False,15.0,TARDE,IDOSO
FC-01747,CAXANGA,32.0,2018-12-05 16:22:33,-8.022,-34.92,HOMICIDIO/TENTATIVA,PARDA,HOMEM CIS,False,False,16.0,2018,12,DEZEMBRO,5,QUARTA-FEIRA,4,False,16.0,TARDE,ADULTO
FC-01748,SAN MARTIN,19.0,2018-08-04 02:22:53,-8.038,-34.876,DISPARO,NAO IDENTIFICADO,HOMEM CIS,False,False,2.0,2018,8,AGOSTO,4,SÁBADO,3,True,2.0,MADRUGADA,ADULTO
FC-01749,ESPINHEIRO,41.0,2019-11-26 19:42:10,-8.042,-34.87,TIRO,NAO IDENTIFICADO,HOMEM CIS,False,False,19.0,2019,11,NOVEMBRO,26,TERÇA-FEIRA,4,False,19.0,NOITE,ADULTO
FC-01750,JARDIM SAO PAULO,11.0,2024-11-12 18:27:06,-8.003,-34.854,ROUBO,NAO IDENTIFICADO,HOMEM CIS,False,False,18.0,2024,11,NOVEMBRO,12,TERÇA-FEIRA,4,False,18.0,NOITE,CRIANCA
FC-01751,SAN MARTIN,18.0,2024-06-19 21:44:30,-8.042,-34.879,DISPARO,NAO IDENTIFICADO,HOMEM CIS,False,False,21.0,2024,6,JUNHO,19,QUARTA-FEIRA,2,False,21.0,NOITE,ADULTO
FC-01752,COHAB,12.0,2025-06-08 16:48:51,-8.067,-34.908,HOMICIDIO/TENTATIVA,NAO IDENTIFICADO,HOMEM CIS,False,False,16.0,2025,6,JUNHO,8,DOMINGO,2,True,16.0,TARDE,CRIANCA
FC-01753,VARZEA,25.0,2022-10-16 22:51:32,-8.037,-34.92,BRIGA,NAO IDENTIFICADO,HOMEM CIS,False,False,22.0,2022,10,OUTUBRO,16,DOMINGO,4,True,22.0,NOITE,ADULTO
FC-01754,CURADO,60.0,2019-12-25 16:00:03,-8.066,-34.912,OUTRO,PRETA,MULHER CIS,False,False,16.0,2019,12,DEZEMBRO,25,QUARTA-FEIRA,4,False,16.0,TARDE,IDOSO
FC-01755,BREJO DA GUARDEIRA,33.0,2020-11-05 01:05:17,-8.069,-34.896,AMEACA,PRETA,HOMEM CIS,False,False,1.0,2020,11,NOVEMBRO,5,QUINTA-FEIRA,4,False,1.0,MADRUGADA,ADULTO
FC-01756,SANTO AMARO,20.0,2024-02-14 23:23:36,-8.055,-34.872,ROUBO,BRANCA,HOMEM CIS,False,False,23.0,2024,2,FEVEREIRO,14,QUARTA-FEIRA,1,False,23.0,NOITE,ADULTO
FC-01757,BOA VISTA,13.0,2019-11-07 23:17:59,-8.048,-34.871,TIRO,PRETA,HOMEM CIS,False,False,23.0,2019,11,NOVEMBRO,7,QUINTA-FEIRA,4,False,23.0,NOITE,ADOLESCENTE
FC-01758,NOVA DESCOBERTA,61.0,2024-03-23 21:15:23,-8.019,-34.863,DISPARO,PRETA,HOMEM CIS,False,False,21.0,2024,3,MARÇO,23,SÁBADO,1,True,21.0,NOITE,IDOSO
FC-01759,CURADO,25.0,2025-07-09 14:00:43,-8.068,-34.914,DISPARO,NAO IDENTIFICADO,HOMEM CIS,False,False,14.0,2025,7,JULHO,9,QUARTA-FEIRA,3,False,14.0,TARDE,ADULTO
FC-01760,IPUTINGA,14.0,2022-06-13 22:06:39,-8.03,-34.893,AMEACA,NAO IDENTIFICADO,HOMEM CIS,False,False,22.0,2022,6,JUNHO,13,SEGUNDA-FEIRA,2,False,22.0,NOITE,ADOLESCENTE
FC-01761,TOTOS,22.0,2019-11-27 20:47:04,-8.036,-34.862,OUTRO,PRETA,HOMEM CIS,False,False,20.0,2019,11,NOVEMBRO,27,QUARTA-FEIRA,4,False,20.0,NOITE,ADULTO
FC-01762,CURADO,37.0,2025-04-04 22:01:16,-8.065,-34.909,DISPARO,BRANCA,HOMEM CIS,False,False,22.0,2025,4,ABRIL,4,SEXTA-FEIRA,2,False,22.0,NOITE,ADULTO
FC-01763,ESPINHEIRO,14.0,2019-10-03 21:12:07,-8.038,-34.87,DISPARO,NAO IDENTIFICADO,MULHER CIS,False,False,21.0,2019,10,OUTUBRO,3,QUINTA-FEIRA,4,False,21.0,NOITE,ADOLESCENTE
FC-01764,ALTO JOSE DO PINHO,40.0,2024-07-15 23:56:57,-8.015,-34.884,DISPARO,PRETA,HOMEM CIS,True,False,23.0,2024,7,JULHO,15,SEGUNDA-FEIRA,3,False,23.0,NOITE,ADULTO
FC-01765,BOA VISTA,11.0,2021-06-02 12:18:49,-8.053,-34.871,DISPARO,NAO IDENTIFICADO,MULHER CIS,False,False,12.0,2021,6,JUNHO,2,QUARTA-FEIRA,2,False,12.0,TARDE,CRIANCA
FC-01766,IPUTINGA,27.0,2020-05-20 21:45:14,-8.028,-34.891,DISPARO,BRANCA,HOMEM CIS,False,False,21.0,2020,5,MAIO,20,QUARTA-FEIRA,2,False,21.0,NOITE,ADULTO
FC-01767,IBURA,38.0,2019-03-13 03:56:53,-8.081,-34.893,DISPARO,NAO IDENTIFICADO,HOMEM CIS,False,False,3.0,2019,3,MARÇO,13,QUARTA-FEIRA,1,False,3.0,MADRUGADA,ADULTO
FC-01768,GRACO,26.0,2025-12-11 22:35:44,-8.04,-34.868,TIRO,PARDA,HOMEM CIS,False,False,22.0,2025,12,DEZEMBRO,11,QUINTA-FEIRA,4,False,22.0,NOITE,ADULTO
FC-01769,VARZEA,26.0,2025-09-24 17:38:43,-8.032,-34.915,TIRO,PARDA,HOMEM CIS,False,False,17.0,2025,9,SETEMBRO,24,QUARTA-FEIRA,3,False,17.0,TARDE,ADULTO
FC-01770,VASCO DA GAMA,19.0,2025-12-03 19:36:43,-8.057,-34.883,TIRO,PRETA,HOMEM CIS,False,False,19.0,2025,12,DEZEMBRO,3,QUARTA-FEIRA,4,False,19.0,NOITE,ADULTO
FC-01771,VARZEA,26.0,2025-05-15 23:11:56,-8.031,-34.917,HOMICIDIO/TENTATIVA,NAO IDENTIFICADO,HOMEM CIS,False,False,23.0,2025,5,MAIO,15,QUINTA-FEIRA,2,False,23.0,NOITE,ADULTO
FC-01772,CORDOARIA,32.0,2025-01-26 20:04:05,-8.06,-34.874,BRIGA,NAO IDENTIFICADO,HOMEM CIS,False,False,20.0,2025,1,JANEIRO,26,DOMINGO,1,True,20.0,NOITE,ADULTO
FC-01773,CAXANGA,11.0,2023-06-28 16:46:24,-8.026,-34.921,DISPARO,NAO IDENTIFICADO,HOMEM CIS,False,False,16.0,2023,6,JUNHO,28,QUARTA-FEIRA,2,False,16.0,TARDE,CRIANCA
FC-01774,SANTO AMARO,36.0,2023-12-26 23:46:49,-8.057,-34.874,DISPARO,PARDA,HOMEM CIS,False,False,23.0,2023,12,DEZEMBRO,26,TERÇA-FEIRA,4,False,23.0,NOITE,ADULTO
FC-01775,VASCO DA GAMA,47.0,2021-08-28 10:24:59,-8.054,-34.879,HOMICIDIO/TENTATIVA,NAO IDENTIFICADO,MULHER CIS,False,False,10.0,2021,8,AGOSTO,28,SÁBADO,3,True,10.0,MANHÃ,ADULTO
FC-01776,ALTO JOSE DO PINHO,31.0,2020-02-06 13:23:01,-8.022,-34.884,HOMICIDIO/TENTATIVA,NAO IDENTIFICADO,MULHER CIS,False,False,13.0,2020,2,FEVEREIRO,6,QUINTA-FEIRA,1,False,13.0,TARDE,ADULTO
FC-01777,IBURA,35.0,2025-09-03 21:11:48,-8.087,-34.894,TIRO,PARDA,HOMEM CIS,False,False,21.0,2025,9,SETEMBRO,3,QUARTA-FEIRA,3,False,21.0,NOITE,ADULTO
FC-01778,IPUTINGA,28.0,2024-03-04 21:15:00,-8.027,-34.889,DISPARO,PRETA,MULHER CIS,False,False,21.0,2024,3,MARÇO,4,SEGUNDA-FEIRA,1,False,21.0,NOITE,ADULTO
FC-01779,VARZEA,20.0,2020-07-04 22:18:03,-8.036,-34.917,OUTRO,PRETA,HOMEM CIS,False,False,22.0,2020,7,JULHO,4,SÁBADO,3,True,22.0,NOITE,ADULTO
FC-01780,NOVA DESCOBERTA,20.0,2019-07-27 02:49:20,-8.016,-34.863,AMEACA,NAO IDENTIFICADO,HOMEM CIS,False,False,2.0,2019,7,JULHO,27,SÁBADO,3,True,2.0,MADRUGADA,ADULTO
FC-01781,AFLITOS,17.0,2024-04-04 23:43:57,-8.044,-34.877,HOMICIDIO/TENTATIVA,PRETA,HOMEM CIS,True,False,23.0,2024,4,ABRIL,4,QUINTA-FEIRA,2,False,23.0,NOITE,ADOLESCENTE
FC-01782,SANTO AMARO,23.0,2021-03-05 22:05:23,-8.059,-34.865,DISPARO,NAO IDENTIFICADO,HOMEM CIS,False,False,22.0,2021,3,MARÇO,5,SEXTA-FEIRA,1,False,22.0,NOITE,ADULTO
FC-01783,COHAB,28.0,2021-11-09 21:11:27,-8.072,-34.911,HOMICIDIO/TENTATIVA,NAO IDENTIFICADO,MULHER CIS,False,False,21.0,2021,11,NOVEMBRO,9,TERÇA-FEIRA,4,False,21.0,NOITE,ADULTO
FC-01784,POCO DA PANELA,30.0,2023-01-04 17:41:10,-8.033,-34.861,TIRO,PARDA,HOMEM CIS,False,False,17.0,2023,1,JANEIRO,4,QUARTA-FEIRA,1,False,17.0,TARDE,ADULTO
FC-01785,CASA AMARELA,32.0,2025-03-08 22:29:28,-8.029,-34.862,AMEACA,NAO IDENTIFICADO,HOMEM CIS,False,False,22.0,2025,3,MARÇO,8,SÁBADO,1,True,22.0,NOITE,ADULTO
FC-01786,ESTACAO,40.0,2019-01-21 21:59:48,-8.058,-34.874,DISPARO,NAO IDENTIFICADO,HOMEM CIS,False,False,21.0,2019,1,JANEIRO,21,SEGUNDA-FEIRA,1,False,21.0,NOITE,ADULTO
FC-01787,CASA AMARELA,10.0,2025-06-11 19:42:02,-8.033,-34.86,HOMICIDIO/TENTATIVA,BRANCA,HOMEM CIS,True,False,19.0,2025,6,JUNHO,11,QUARTA-FEIRA,2,False,19.0,NOITE,CRIANCA
FC-01788,VARZEA,33.0,2021-06-15 20:12:07,-8.035,-34.918,HOMICIDIO/TENTATIVA,NAO IDENTIFICADO,MULHER CIS,False,False,20.0,2021,6,JUNHO,15,TERÇA-FEIRA,2,False,20.0,NOITE,ADULTO
FC-01789,IPUTINGA,29.0,2025-07-17 21:44:05,-8.032,-34.889,HOMICIDIO/TENTATIVA,PRETA,MULHER CIS,False,False,21.0,2025,7,JULHO,17,QUINTA-FEIRA,3,False,21.0,NOITE,ADULTO
FC-01790,CURADO,26.0,2021-03-17 21:11:58,-8.071,-34.905,TIRO,NAO IDENTIFICADO,HOMEM CIS,False,False,21.0,2021,3,MARÇO,17,QUARTA-FEIRA,1,False,21.0,NOITE,ADULTO
FC-01791,VASCO DA GAMA,15.0,2020-03-24 14:39:22,-8.058,-34.883,DISPARO,PRETA,HOMEM CIS,False,False,14.0,2020,3,MARÇO,24,TERÇA-FEIRA,1,False,14.0,TARDE,ADOLESCENTE
FC-01792,SANTO AMARO,29.0,2023-08-08 20:12:57,-8.057,-34.868,HOMICIDIO/TENTATIVA,NAO IDENTIFICADO,HOMEM CIS,False,False,20.0,2023,8,AGOSTO,8,TERÇA-FEIRA,3,False,20.0,NOITE,ADULTO
FC-01793,VARZEA,60.0,2024-04-26 13:08:14,-8.042,-34.913,TIRO,PARDA,HOMEM CIS,False,False,13.0,2024,4,ABRIL,26,SEXTA-FEIRA,2,False,13.0,TARDE,IDOSO
FC-01794,ALTO JOSE DO PINHO,22.0,2018-08-02 17:24:38,-8.022,-34.887,HOMICIDIO/TENTATIVA,NAO IDENTIFICADO,NAO IDENTIFICADO,False,False,17.0,2018,8,AGOSTO,2,QUINTA-FEIRA,3,False,17.0,TARDE,ADULTO
FC-01795,COHAB,19.0,2021-02-01 17:09:25,-8.06,-34.902,ROUBO,NAO IDENTIFICADO,HOMEM CIS,False,False,17.0,2021,2,FEVEREIRO,1,SEGUNDA-FEIRA,1,False,17.0,TARDE,ADULTO
FC-01796,CAXANGA,32.0,2022-09-21 23:45:05,-8.021,-34.925,ROUBO,PRETA,MULHER CIS,False,False,23.0,2022,9,SETEMBRO,21,QUARTA-FEIRA,3,False,23.0,NOITE,ADULTO
FC-01797,SANTO AMARO,13.0,2020-05-25 15:12:20,-8.065,-34.872,TIRO,NAO IDENTIFICADO,MULHER CIS,False,False,15.0,2020,5,MAIO,25,SEGUNDA-FEIRA,2,False,15.0,TARDE,ADOLESCENTE
FC-01798,COHAB,31.0,2023-03-05 23:58:45,-8.065,-34.905,HOMICIDIO/TENTATIVA,BRANCA,HOMEM CIS,False,False,23.0,2023,3,MARÇO,5,DOMINGO,1,True,23.0,NOITE,ADULTO
FC-01799,COHAB,13.0,2022-11-28 21:09:45,-8.063,-34.904,HOMICIDIO/TENTATIVA,NAO IDENTIFICADO,HOMEM CIS,False,False,21.0,2022,11,NOVEMBRO,28,SEGUNDA-FEIRA,4,False,21.0,NOITE,ADOLESCENTE
FC-01800,VASCO DA GAMA,38.0,2018-03-27 22:21:13,-8.061,-34.879,DISPARO,PRETA,HOMEM CIS,False,False,22.0,2018,3,MARÇO,27,TERÇA-FEIRA,1,False,22.0,NOITE,ADULTO
FC-01801,CURADO,15.0,2022-04-03 21:07:34,-8.071,-34.908,AMEACA,PARDA,HOMEM CIS,True,False,21.0,2022,4,ABRIL,3,DOMINGO,2,True,21.0,NOITE,ADOLESCENTE
FC-01802,BOA VISTA,31.0,2022-06-08 21:19:49,-8.053,-34.875,HOMICIDIO/TENTATIVA,NAO IDENTIFICADO,HOMEM CIS,False,False,21.0,2022,6,JUNHO,8,QUARTA-FEIRA,2,False,21.0,NOITE,ADULTO
FC-01803,IPUTINGA,11.0,2021-07-22 01:50:18,-8.025,-34.894,HOMICIDIO/TENTATIVA,PRETA,HOMEM CIS,False,False,1.0,2021,7,JULHO,22,QUINTA-FEIRA,3,False,1.0,MADRUGADA,CRIANCA
FC-01804,MANGABEIRA,43.0,2021-05-26 16:23:20,-8.012,-34.872,DISPARO,PRETA,HOMEM CIS,False,False,16.0,2021,5,MAIO,26,QUARTA-FEIRA,2,False,16.0,TARDE,ADULTO
FC-01805,POCO DA PANELA,21.0,2021-12-09 02:36:49,-8.032,-34.864,DISPARO,PRETA,MULHER CIS,False,False,2.0,2021,12,DEZEMBRO,9,QUINTA-FEIRA,4,False,2.0,MADRUGADA,ADULTO
FC-01806,IPUTINGA,37.0,2023-07-19 23:37:20,-8.029,-34.899,TIRO,PRETA,HOMEM CIS,False,False,23.0,2023,7,JULHO,19,QUARTA-FEIRA,3,False,23.0,NOITE,ADULTO
FC-01807,CORDOARIA,23.0,2019-05-06 15:10:42,-8.062,-34.873,HOMICIDIO/TENTATIVA,NAO IDENTIFICADO,HOMEM CIS,True,False,15.0,2019,5,MAIO,6,SEGUNDA-FEIRA,2,False,15.0,TARDE,ADULTO
FC-01808,CURADO,15.0,2019-02-07 18:48:45,-8.067,-34.91,TIRO,NAO IDENTIFICADO,HOMEM CIS,False,False,18.0,2019,2,FEVEREIRO,7,QUINTA-FEIRA,1,False,18.0,NOITE,ADOLESCENTE
FC-01809,VASCO DA GAMA,27.0,2018-09-16 06:10:27,-8.053,-34.877,DISPARO,PRETA,HOMEM CIS,False,False,6.0,2018,9,SETEMBRO,16,DOMINGO,3,True,6.0,MANHÃ,ADULTO
FC-01810,NOVA DESCOBERTA,29.0,2022-07-22 21:29:21,-8.017,-34.87,HOMICIDIO/TENTATIVA,AMARELA,HOMEM CIS,False,False,21.0,2022,7,JULHO,22,SEXTA-FEIRA,3,False,21.0,NOITE,ADULTO
FC-01811,ALTO JOSE DO PINHO,21.0,2020-11-07 22:43:36,-8.022,-34.885,DISPARO,PRETA,HOMEM CIS,False,False,22.0,2020,11,NOVEMBRO,7,SÁBADO,4,True,22.0,NOITE,ADULTO
FC-01812,BOA VISTA,25.0,2021-05-07 01:32:43,-8.048,-34.877,TIRO,PRETA,HOMEM CIS,False,False,1.0,2021,5,MAIO,7,SEXTA-FEIRA,2,False,1.0,MADRUGADA,ADULTO
FC-01813,VASCO DA GAMA,29.0,2019-02-12 21:49:22,-8.051,-34.879,HOMICIDIO/TENTATIVA,NAO IDENTIFICADO,HOMEM CIS,False,False,21.0,2019,2,FEVEREIRO,12,TERÇA-FEIRA,1,False,21.0,NOITE,ADULTO
FC-01814,NOVA DESCOBERTA,29.0,2020-01-23 01:08:26,-8.017,-34.867,AMEACA,PRETA,HOMEM CIS,False,False,1.0,2020,1,JANEIRO,23,QUINTA-FEIRA,1,False,1.0,MADRUGADA,ADULTO
FC-01815,CORDOARIA,19.0,2021-10-15 19:59:19,-8.06,-34.871,DISPARO,PRETA,HOMEM CIS,False,False,19.0,2021,10,OUTUBRO,15,SEXTA-FEIRA,4,False,19.0,NOITE,ADULTO
FC-01816,ESTACAO,27.0,2025-05-28 13:01:26,-8.057,-34.866,DISPARO,PARDA,HOMEM CIS,False,False,13.0,2025,5,MAIO,28,QUARTA-FEIRA,2,False,13.0,TARDE,ADULTO
FC-01817,BOA VISTA,33.0,2025-10-14 19:29:28,-8.054,-34.876,TIRO,NAO IDENTIFICADO,HOMEM CIS,False,False,19.0,2025,10,OUTUBRO,14,TERÇA-FEIRA,4,False,19.0,NOITE,ADULTO
FC-01818,VASCO DA GAMA,31.0,2020-04-02 20:37:29,-8.05,-34.883,TIRO,NAO IDENTIFICADO,HOMEM CIS,False,False,20.0,2020,4,ABRIL,2,QUINTA-FEIRA,2,False,20.0,NOITE,ADULTO
FC-01819,CORDOARIA,41.0,2023-07-10 07:05:54,-8.054,-34.875,DISPARO,NAO IDENTIFICADO,HOMEM CIS,False,False,7.0,2023,7,JULHO,10,SEGUNDA-FEIRA,3,False,7.0,MANHÃ,ADULTO
FC-01820,JARDIM SAO PAULO,26.0,2021-07-12 22:26:42,-8.008,-34.856,DISPARO,PRETA,HOMEM CIS,False,False,22.0,2021,7,JULHO,12,SEGUNDA-FEIRA,3,False,22.0,NOITE,ADULTO
FC-01821,GRACO,29.0,2020-04-10 20:50:04,-8.041,-34.867,BRIGA,PARDA,HOMEM CIS,False,False,20.0,2020,4,ABRIL,10,SEXTA-FEIRA,2,False,20.0,NOITE,ADULTO
FC-01822,BREJO DA GUARDEIRA,21.0,2024-04-27 20:54:16,-8.076,-34.9,DISPARO,BRANCA,HOMEM CIS,False,False,20.0,2024,4,ABRIL,27,SÁBADO,2,True,20.0,NOITE,ADULTO
FC-01823,IPUTINGA,33.0,2018-11-27 19:35:10,-8.027,-34.894,DISPARO,NAO IDENTIFICADO,HOMEM CIS,False,False,19.0,2018,11,NOVEMBRO,27,TERÇA-FEIRA,4,False,19.0,NOITE,ADULTO
FC-01824,BREJO DA GUARDEIRA,31.0,2024-04-19 20:34:41,-8.065,-34.899,TIRO,NAO IDENTIFICADO,HOMEM CIS,False,False,20.0,2024,4,ABRIL,19,SEXTA-FEIRA,2,False,20.0,NOITE,ADULTO
FC-01825,BREJO DA GUARDEIRA,26.0,2025-10-15 03:44:11,-8.072,-34.901,HOMICIDIO/TENTATIVA,NAO IDENTIFICADO,MULHER CIS,False,False,3.0,2025,10,OUTUBRO,15,QUARTA-FEIRA,4,False,3.0,MADRUGADA,ADULTO
FC-01826,ESPINHEIRO,49.0,2021-05-21 20:26:23,-8.043,-34.868,ROUBO,NAO IDENTIFICADO,HOMEM CIS,False,False,20.0,2021,5,MAIO,21,SEXTA-FEIRA,2,False,20.0,NOITE,ADULTO
FC-01827,BREJO DA GUARDEIRA,25.0,2018-05-19 15:19:24,-8.067,-34.894,HOMICIDIO/TENTATIVA,NAO IDENTIFICADO,MULHER CIS,False,False,15.0,2018,5,MAIO,19,SÁBADO,2,True,15.0,TARDE,ADULTO
FC-01828,AFLITOS,35.0,2025-06-04 03:07:13,-8.045,-34.872,HOMICIDIO/TENTATIVA,NAO IDENTIFICADO,HOMEM CIS,False,False,3.0,2025,6,JUNHO,4,QUARTA-FEIRA,2,False,3.0,MADRUGADA,ADULTO
FC-01829,IPUTINGA,10.0,2021-06-19 13:43:53,-8.026,-34.893,TIRO,NAO IDENTIFICADO,HOMEM CIS,False,False,13.0,2021,6,JUNHO,19,SÁBADO,2,True,13.0,TARDE,CRIANCA
FC-01830,MANGABEIRA,35.0,2023-02-09 20:35:19,-8.012,-34.871,ROUBO,PARDA,HOMEM CIS,False,False,20.0,2023,2,FEVEREIRO,9,QUINTA-FEIRA,1,False,20.0,NOITE,ADULTO
FC-01831,IPUTINGA,25.0,2022-06-02 22:18:56,-8.025,-34.894,HOMICIDIO/TENTATIVA,NAO IDENTIFICADO,HOMEM CIS,False,False,22.0,2022,6,JUNHO,2,QUINTA-FEIRA,2,False,22.0,NOITE,ADULTO
FC-01832,ESTACAO,61.0,2020-05-15 11:16:26,-8.052,-34.875,HOMICIDIO/TENTATIVA,PRETA,MULHER CIS,False,False,11.0,2020,5,MAIO,15,SEXTA-FEIRA,2,False,11.0,MANHÃ,IDOSO
FC-01833,IBURA,28.0,2022-12-22 21:25:50,-8.084,-34.899,DISPARO,NAO IDENTIFICADO,HOMEM CIS,False,False,21.0,2022,12,DEZEMBRO,22,QUINTA-FEIRA,4,False,21.0,NOITE,ADULTO
FC-01834,IBURA,49.0,2021-12-05 18:17:24,-8.08,-34.89,BRIGA,BRANCA,HOMEM CIS,False,False,18.0,2021,12,DEZEMBRO,5,DOMINGO,4,True,18.0,NOITE,ADULTO
FC-01835,IBURA,34.0,2025-08-10 01:16:12,-8.086,-34.893,TIRO,PRETA,MULHER CIS,False,False,1.0,2025,8,AGOSTO,10,DOMINGO,3,True,1.0,MADRUGADA,ADULTO
FC-01836,VARZEA,40.0,2024-06-02 04:52:35,-8.038,-34.923,DISPARO,NAO IDENTIFICADO,HOMEM CIS,False,False,4.0,2024,6,JUNHO,2,DOMINGO,2,True,4.0,MADRUGADA,ADULTO
FC-01837,ESTACAO,27.0,2025-03-07 05:33:09,-8.053,-34.871,HOMICIDIO/TENTATIVA,NAO IDENTIFICADO,HOMEM CIS,False,False,5.0,2025,3,MARÇO,7,SEXTA-FEIRA,1,False,5.0,MADRUGADA,ADULTO
FC-01838,IBURA,38.0,2019-04-01 06:14:12,-8.08,-34.891,DISPARO,NAO IDENTIFICADO,HOMEM CIS,False,False,6.0,2019,4,ABRIL,1,SEGUNDA-FEIRA,2,False,6.0,MANHÃ,ADULTO
FC-01839,SAN MARTIN,44.0,2024-06-27 00:54:27,-8.045,-34.876,ROUBO,NAO IDENTIFICADO,HOMEM CIS,False,False,0.0,2024,6,JUNHO,27,QUINTA-FEIRA,2,False,0.0,MADRUGADA,ADULTO
FC-01840,BREJO DA GUARDEIRA,37.0,2024-03-09 19:13:03,-8.074,-34.905,HOMICIDIO/TENTATIVA,PARDA,HOMEM CIS,False,False,19.0,2024,3,MARÇO,9,SÁBADO,1,True,19.0,NOITE,ADULTO
FC-01841,VARZEA,21.0,2024-03-08 00:17:45,-8.037,-34.913,AMEACA,PRETA,HOMEM CIS,False,False,0.0,2024,3,MARÇO,8,SEXTA-FEIRA,1,False,0.0,MADRUGADA,ADULTO
FC-01842,COHAB,22.0,2025-10-26 21:58:49,-8.068,-34.907,HOMICIDIO/TENTATIVA,NAO IDENTIFICADO,HOMEM CIS,True,False,21.0,2025,10,OUTUBRO,26,DOMINGO,4,True,21.0,NOITE,ADULTO
FC-01843,AFLITOS,47.0,2018-06-02 15:56:46,-8.045,-34.873,HOMICIDIO/TENTATIVA,PRETA,MULHER CIS,False,False,15.0,2018,6,JUNHO,2,SÁBADO,2,True,15.0,TARDE,ADULTO
FC-01844,NOVA DESCOBERTA,30.0,2019-08-21 19:31:20,-8.011,-34.867,AMEACA,NAO IDENTIFICADO,MULHER CIS,False,False,19.0,2019,8,AGOSTO,21,QUARTA-FEIRA,3,False,19.0,NOITE,ADULTO
FC-01845,COHAB,45.0,2025-01-13 13:34:14,-8.064,-34.905,ROUBO,PRETA,HOMEM CIS,False,False,13.0,2025,1,JANEIRO,13,SEGUNDA-FEIRA,1,False,13.0,TARDE,ADULTO
FC-01846,SAN MARTIN,60.0,2022-02-06 03:38:02,-8.043,-34.879,HOMICIDIO/TENTATIVA,NAO IDENTIFICADO,HOMEM CIS,False,False,3.0,2022,2,FEVEREIRO,6,DOMINGO,1,True,3.0,MADRUGADA,IDOSO
FC-01847,POCO DA PANELA,15.0,2023-09-24 21:15:31,-8.032,-34.857,DISPARO,NAO IDENTIFICADO,HOMEM CIS,False,False,21.0,2023,9,SETEMBRO,24,DOMINGO,3,True,21.0,NOITE,ADOLESCENTE
FC-01848,SAN MARTIN,50.0,2019-02-02 02:29:32,-8.036,-34.879,HOMICIDIO/TENTATIVA,NAO IDENTIFICADO,HOMEM CIS,True,False,2.0,2019,2,FEVEREIRO,2,SÁBADO,1,True,2.0,MADRUGADA,ADULTO
FC-01849,IPUTINGA,25.0,2023-11-03 16:03:55,-8.033,-34.887,ROUBO,NAO IDENTIFICADO,HOMEM CIS,False,False,16.0,2023,11,NOVEMBRO,3,SEXTA-FEIRA,4,False,16.0,TARDE,ADULTO
FC-01850,BOA VISTA,35.0,2021-10-20 19:44:22,-8.051,-34.871,DISPARO,BRANCA,HOMEM CIS,False,False,19.0,2021,10,OUTUBRO,20,QUARTA-FEIRA,4,False,19.0,NOITE,ADULTO
FC-01851,AFLITOS,18.0,2019-08-13 21:15:14,-8.044,-34.873,HOMICIDIO/TENTATIVA,NAO IDENTIFICADO,MULHER CIS,False,False,21.0,2019,8,AGOSTO,13,TERÇA-FEIRA,3,False,21.0,NOITE,ADULTO
FC-01852,VARZEA,37.0,2021-07-22 12:51:16,-8.035,-34.919,HOMICIDIO/TENTATIVA,NAO IDENTIFICADO,HOMEM CIS,False,False,12.0,2021,7,JULHO,22,QUINTA-FEIRA,3,False,12.0,TARDE,ADULTO
FC-01853,CORDOARIA,33.0,2018-09-27 05:18:18,-8.055,-34.873,TIRO,BRANCA,MULHER CIS,False,False,5.0,2018,9,SETEMBRO,27,QUINTA-FEIRA,3,False,5.0,MADRUGADA,ADULTO
FC-01854,CURADO,39.0,2022-10-11 00:29:01,-8.073,-34.91,DISPARO,NAO IDENTIFICADO,HOMEM CIS,False,False,0.0,2022,10,OUTUBRO,11,TERÇA-FEIRA,4,False,0.0,MADRUGADA,ADULTO
FC-01855,CAXANGA,22.0,2021-10-25 21:12:50,-8.023,-34.92,DISPARO,NAO IDENTIFICADO,HOMEM CIS,False,False,21.0,2021,10,OUTUBRO,25,SEGUNDA-FEIRA,4,False,21.0,NOITE,ADULTO
FC-01856,NOVA DESCOBERTA,38.0,2023-03-20 21:26:14,-8.012,-34.863,DISPARO,NAO IDENTIFICADO,HOMEM CIS,False,False,21.0,2023,3,MARÇO,20,SEGUNDA-FEIRA,1,False,21.0,NOITE,ADULTO
FC-01857,JARDIM SAO PAULO,33.0,2021-03-01 15:56:25,-8.008,-34.855,HOMICIDIO/TENTATIVA,PARDA,HOMEM CIS,False,False,15.0,2021,3,MARÇO,1,SEGUNDA-FEIRA,1,False,15.0,TARDE,ADULTO
FC-01858,VARZEA,23.0,2024-03-05 19:07:04,-8.036,-34.916,DISPARO,NAO IDENTIFICADO,HOMEM CIS,False,False,19.0,2024,3,MARÇO,5,TERÇA-FEIRA,1,False,19.0,NOITE,ADULTO
FC-01859,JAQUEIRA,18.0,2021-11-23 18:14:27,-8.044,-34.87,HOMICIDIO/TENTATIVA,NAO IDENTIFICADO,HOMEM CIS,False,False,18.0,2021,11,NOVEMBRO,23,TERÇA-FEIRA,4,False,18.0,NOITE,ADULTO
FC-01860,AFLITOS,32.0,2024-11-25 23:02:27,-8.049,-34.872,AMEACA,NAO IDENTIFICADO,HOMEM CIS,False,False,23.0,2024,11,NOVEMBRO,25,SEGUNDA-FEIRA,4,False,23.0,NOITE,ADULTO
FC-01861,SANTO AMARO,52.0,2021-04-07 20:14:41,-8.055,-34.865,TIRO,NAO IDENTIFICADO,HOMEM CIS,False,False,20.0,2021,4,ABRIL,7,QUARTA-FEIRA,2,False,20.0,NOITE,ADULTO
FC-01862,IBURA,34.0,2023-03-03 21:05:11,-8.078,-34.894,ROUBO,NAO IDENTIFICADO,HOMEM CIS,False,False,21.0,2023,3,MARÇO,3,SEXTA-FEIRA,1,False,21.0,NOITE,ADULTO
FC-01863,JAQUEIRA,22.0,2022-02-23 14:09:55,-8.046,-34.864,TIRO,NAO IDENTIFICADO,HOMEM CIS,False,False,14.0,2022,2,FEVEREIRO,23,QUARTA-FEIRA,1,False,14.0,TARDE,ADULTO
FC-01864,ALTO JOSE DO PINHO,43.0,2024-02-17 12:35:34,-8.022,-34.886,HOMICIDIO/TENTATIVA,NAO IDENTIFICADO,NAO IDENTIFICADO,True,False,12.0,2024,2,FEVEREIRO,17,SÁBADO,1,True,12.0,TARDE,ADULTO
FC-01865,ROSARINHO,20.0,2018-07-06 18:32:58,-8.039,-34.862,TIRO,PARDA,HOMEM CIS,False,False,18.0,2018,7,JULHO,6,SEXTA-FEIRA,3,False,18.0,NOITE,ADULTO
FC-01866,VASCO DA GAMA,10.0,2024-07-21 15:55:25,-8.054,-34.881,DISPARO,PARDA,HOMEM CIS,False,False,15.0,2024,7,JULHO,21,DOMINGO,3,True,15.0,TARDE,CRIANCA
FC-01867,ESPINHEIRO,31.0,2023-02-20 03:59:27,-8.041,-34.869,HOMICIDIO/TENTATIVA,PRETA,HOMEM CIS,False,False,3.0,2023,2,FEVEREIRO,20,SEGUNDA-FEIRA,1,False,3.0,MADRUGADA,ADULTO
FC-01868,COHAB,28.0,2020-10-09 18:50:07,-8.066,-34.902,HOMICIDIO/TENTATIVA,NAO IDENTIFICADO,HOMEM CIS,False,False,18.0,2020,10,OUTUBRO,9,SEXTA-FEIRA,4,False,18.0,NOITE,ADULTO
FC-01869,JARDIM SAO PAULO,37.0,2025-02-16 21:28:09,-8.004,-34.859,ROUBO,PRETA,MULHER CIS,False,False,21.0,2025,2,FEVEREIRO,16,DOMINGO,1,True,21.0,NOITE,ADULTO
FC-01870,BREJO DA GUARDEIRA,25.0,2022-11-06 17:12:07,-8.067,-34.9,DISPARO,PRETA,HOMEM CIS,False,False,17.0,2022,11,NOVEMBRO,6,DOMINGO,4,True,17.0,TARDE,ADULTO
FC-01871,IBURA,41.0,2023-03-23 00:00:22,-8.077,-34.889,HOMICIDIO/TENTATIVA,NAO IDENTIFICADO,MULHER CIS,False,False,0.0,2023,3,MARÇO,23,QUINTA-FEIRA,1,False,0.0,MADRUGADA,ADULTO
FC-01872,VARZEA,31.0,2019-06-21 01:51:11,-8.037,-34.923,HOMICIDIO/TENTATIVA,NAO IDENTIFICADO,HOMEM CIS,False,False,1.0,2019,6,JUNHO,21,SEXTA-FEIRA,2,False,1.0,MADRUGADA,ADULTO
FC-01873,ALTO JOSE DO PINHO,27.0,2022-03-14 21:39:10,-8.021,-34.884,BRIGA,PRETA,HOMEM CIS,False,False,21.0,2022,3,MARÇO,14,SEGUNDA-FEIRA,1,False,21.0,NOITE,ADULTO
FC-01874,TOTOS,28.0,2022-08-25 15:15:54,-8.039,-34.87,DISPARO,NAO IDENTIFICADO,HOMEM CIS,False,False,15.0,2022,8,AGOSTO,25,QUINTA-FEIRA,3,False,15.0,TARDE,ADULTO
FC-01875,MANGABEIRA,18.0,2025-11-26 22:13:13,-8.009,-34.865,DISPARO,PARDA,MULHER CIS,False,False,22.0,2025,11,NOVEMBRO,26,QUARTA-FEIRA,4,False,22.0,NOITE,ADULTO
FC-01876,CURADO,28.0,2023-09-26 21:49:25,-8.069,-34.907,HOMICIDIO/TENTATIVA,NAO IDENTIFICADO,HOMEM CIS,False,False,21.0,2023,9,SETEMBRO,26,TERÇA-FEIRA,3,False,21.0,NOITE,ADULTO
FC-01877,COHAB,20.0,2018-02-07 03:32:50,-8.064,-34.907,AMEACA,NAO IDENTIFICADO,HOMEM CIS,False,False,3.0,2018,2,FEVEREIRO,7,QUARTA-FEIRA,1,False,3.0,MADRUGADA,ADULTO
FC-01878,NOVA DESCOBERTA,40.0,2022-04-12 22:29:47,-8.015,-34.864,DISPARO,NAO IDENTIFICADO,HOMEM CIS,False,False,22.0,2022,4,ABRIL,12,TERÇA-FEIRA,2,False,22.0,NOITE,ADULTO
FC-01879,IBURA,20.0,2025-01-13 23:30:31,-8.08,-34.886,AMEACA,PRETA,HOMEM CIS,False,False,23.0,2025,1,JANEIRO,13,SEGUNDA-FEIRA,1,False,23.0,NOITE,ADULTO
FC-01880,IBURA,17.0,2019-11-18 17:54:41,-8.083,-34.891,AMEACA,PRETA,HOMEM CIS,False,False,17.0,2019,11,NOVEMBRO,18,SEGUNDA-FEIRA,4,False,17.0,TARDE,ADOLESCENTE
FC-01881,TOTOS,39.0,2021-08-17 20:22:37,-8.04,-34.873,DISPARO,NAO IDENTIFICADO,HOMEM CIS,False,False,20.0,2021,8,AGOSTO,17,TERÇA-FEIRA,3,False,20.0,NOITE,ADULTO
FC-01882,ALTO JOSE DO PINHO,46.0,2022-12-22 00:45:52,-8.018,-34.89,HOMICIDIO/TENTATIVA,PRETA,HOMEM CIS,False,False,0.0,2022,12,DEZEMBRO,22,QUINTA-FEIRA,4,False,0.0,MADRUGADA,ADULTO
FC-01883,CORDOARIA,22.0,2021-03-20 21:36:53,-8.053,-34.869,DISPARO,BRANCA,HOMEM CIS,False,False,21.0,2021,3,MARÇO,20,SÁBADO,1,True,21.0,NOITE,ADULTO
FC-01884,SAN MARTIN,41.0,2025-06-11 06:17:42,-8.041,-34.878,DISPARO,NAO IDENTIFICADO,HOMEM CIS,False,False,6.0,2025,6,JUNHO,11,QUARTA-FEIRA,2,False,6.0,MANHÃ,ADULTO
FC-01885,IBURA,28.0,2025-01-15 10:30:09,-8.079,-34.895,HOMICIDIO/TENTATIVA,NAO IDENTIFICADO,HOMEM CIS,False,False,10.0,2025,1,JANEIRO,15,QUARTA-FEIRA,1,False,10.0,MANHÃ,ADULTO
FC-01886,ESTACAO,19.0,2023-07-16 00:00:35,-8.05,-34.871,AMEACA,NAO IDENTIFICADO,NAO IDENTIFICADO,False,False,0.0,2023,7,JULHO,16,DOMINGO,3,True,0.0,MADRUGADA,ADULTO
FC-01887,IPUTINGA,46.0,2023-10-10 15:04:32,-8.03,-34.893,DISPARO,NAO IDENTIFICADO,HOMEM CIS,False,False,15.0,2023,10,OUTUBRO,10,TERÇA-FEIRA,4,False,15.0,TARDE,ADULTO
FC-01888,CASA AMARELA,19.0,2020-08-17 22:21:13,-8.032,-34.864,DISPARO,NAO IDENTIFICADO,MULHER CIS,False,False,22.0,2020,8,AGOSTO,17,SEGUNDA-FEIRA,3,False,22.0,NOITE,ADULTO
FC-01889,MANGABEIRA,24.0,2023-01-09 11:00:50,-8.014,-34.868,HOMICIDIO/TENTATIVA,AMARELA,HOMEM CIS,False,False,11.0,2023,1,JANEIRO,9,SEGUNDA-FEIRA,1,False,11.0,MANHÃ,ADULTO
FC-01890,VASCO DA GAMA,38.0,2019-01-06 14:29:02,-8.06,-34.876,HOMICIDIO/TENTATIVA,PARDA,HOMEM CIS,False,False,14.0,2019,1,JANEIRO,6,DOMINGO,1,True,14.0,TARDE,ADULTO
FC-01891,MANGABEIRA,66.0,2020-05-12 17:49:14,-8.01,-34.872,DISPARO,NAO IDENTIFICADO,MULHER CIS,True,False,17.0,2020,5,MAIO,12,TERÇA-FEIRA,2,False,17.0,TARDE,IDOSO
FC-01892,MANGABEIRA,63.0,2021-05-22 21:35:15,-8.014,-34.87,AMEACA,PARDA,HOMEM CIS,False,False,21.0,2021,5,MAIO,22,SÁBADO,2,True,21.0,NOITE,IDOSO
FC-01893,SAN MARTIN,34.0,2021-04-01 03:28:50,-8.036,-34.877,HOMICIDIO/TENTATIVA,PRETA,MULHER CIS,False,False,3.0,2021,4,ABRIL,1,QUINTA-FEIRA,2,False,3.0,MADRUGADA,ADULTO
FC-01894,IBURA,24.0,2024-07-04 19:55:49,-8.085,-34.893,TIRO,PRETA,HOMEM CIS,False,False,19.0,2024,7,JULHO,4,QUINTA-FEIRA,3,False,19.0,NOITE,ADULTO
FC-01895,VARZEA,17.0,2019-05-25 18:52:28,-8.035,-34.917,DISPARO,BRANCA,MULHER CIS,False,False,18.0,2019,5,MAIO,25,SÁBADO,2,True,18.0,NOITE,ADOLESCENTE
FC-01896,CAXANGA,15.0,2022-08-24 22:41:07,-8.021,-34.921,DISPARO,NAO IDENTIFICADO,NAO IDENTIFICADO,False,False,22.0,2022,8,AGOSTO,24,QUARTA-FEIRA,3,False,22.0,NOITE,ADOLESCENTE
FC-01897,ESTACAO,14.0,2024-07-12 22:07:03,-8.054,-34.871,HOMICIDIO/TENTATIVA,NAO IDENTIFICADO,HOMEM CIS,False,False,22.0,2024,7,JULHO,12,SEXTA-FEIRA,3,False,22.0,NOITE,ADOLESCENTE
FC-01898,IPUTINGA,8.0,2025-07-16 10:21:27,-8.027,-34.896,TIRO,NAO IDENTIFICADO,MULHER CIS,False,False,10.0,2025,7,JULHO,16,QUARTA-FEIRA,3,False,10.0,MANHÃ,CRIANCA
FC-01899,ESTACAO,55.0,2021-03-04 12:22:39,-8.051,-34.872,BRIGA,NAO IDENTIFICADO,MULHER CIS,False,False,12.0,2021,3,MARÇO,4,QUINTA-FEIRA,1,False,12.0,TARDE,ADULTO
FC-01900,SAN MARTIN,21.0,2025-03-04 19:21:15,-8.04,-34.876,HOMICIDIO/TENTATIVA,NAO IDENTIFICADO,HOMEM CIS,False,False,19.0,2025,3,MARÇO,4,TERÇA-FEIRA,1,False,19.0,NOITE,ADULTO
FC-01901,SANTO AMARO,29.0,2021-07-10 18:43:50,-8.059,-34.87,HOMICIDIO/TENTATIVA,PARDA,HOMEM CIS,False,False,18.0,2021,7,JULHO,10,SÁBADO,3,True,18.0,NOITE,ADULTO
FC-01902,NOVA DESCOBERTA,22.0,2024-09-08 12:31:53,-8.016,-34.871,AMEACA,NAO IDENTIFICADO,HOMEM CIS,False,False,12.0,2024,9,SETEMBRO,8,DOMINGO,3,True,12.0,TARDE,ADULTO
FC-01903,IPUTINGA,41.0,2024-10-02 00:15:25,-8.027,-34.895,HOMICIDIO/TENTATIVA,NAO IDENTIFICADO,HOMEM CIS,False,False,0.0,2024,10,OUTUBRO,2,QUARTA-FEIRA,4,False,0.0,MADRUGADA,ADULTO
FC-01904,JAQUEIRA,58.0,2022-11-05 19:29:31,-8.038,-34.871,TIRO,NAO IDENTIFICADO,MULHER CIS,False,False,19.0,2022,11,NOVEMBRO,5,SÁBADO,4,True,19.0,NOITE,ADULTO
FC-01905,NOVA DESCOBERTA,40.0,2022-12-22 12:20:10,-8.014,-34.864,TIRO,PRETA,HOMEM CIS,False,False,12.0,2022,12,DEZEMBRO,22,QUINTA-FEIRA,4,False,12.0,TARDE,ADULTO
FC-01906,IPUTINGA,24.0,2021-07-04 23:20:31,-8.027,-34.894,TIRO,NAO IDENTIFICADO,HOMEM CIS,False,False,23.0,2021,7,JULHO,4,DOMINGO,3,True,23.0,NOITE,ADULTO
FC-01907,SAN MARTIN,36.0,2023-06-10 19:16:28,-8.046,-34.879,DISPARO,BRANCA,HOMEM CIS,False,False,19.0,2023,6,JUNHO,10,SÁBADO,2,True,19.0,NOITE,ADULTO
FC-01908,SAN MARTIN,50.0,2019-08-28 17:47:54,-8.042,-34.88,DISPARO,PRETA,HOMEM CIS,False,False,17.0,2019,8,AGOSTO,28,QUARTA-FEIRA,3,False,17.0,TARDE,ADULTO
FC-01909,CAXANGA,25.0,2023-10-15 05:18:54,-8.029,-34.927,DISPARO,NAO IDENTIFICADO,MULHER CIS,False,False,5.0,2023,10,OUTUBRO,15,DOMINGO,4,True,5.0,MADRUGADA,ADULTO
FC-01910,IBURA,27.0,2020-09-07 15:55:50,-8.082,-34.892,HOMICIDIO/TENTATIVA,NAO IDENTIFICADO,HOMEM CIS,False,False,15.0,2020,9,SETEMBRO,7,SEGUNDA-FEIRA,3,False,15.0,TARDE,ADULTO
FC-01911,NOVA DESCOBERTA,28.0,2021-01-17 16:34:56,-8.015,-34.862,OUTRO,BRANCA,HOMEM CIS,False,False,16.0,2021,1,JANEIRO,17,DOMINGO,1,True,16.0,TARDE,ADULTO
FC-01912,MANGABEIRA,27.0,2020-05-27 18:11:20,-8.012,-34.871,DISPARO,NAO IDENTIFICADO,HOMEM CIS,False,False,18.0,2020,5,MAIO,27,QUARTA-FEIRA,2,False,18.0,NOITE,ADULTO
FC-01913,VARZEA,36.0,2023-06-24 06:51:51,-8.031,-34.917,HOMICIDIO/TENTATIVA,NAO IDENTIFICADO,HOMEM CIS,False,False,6.0,2023,6,JUNHO,24,SÁBADO,2,True,6.0,MANHÃ,ADULTO
FC-01914,COHAB,31.0,2022-05-09 21:31:05,-8.064,-34.908,DISPARO,NAO IDENTIFICADO,HOMEM CIS,False,False,21.0,2022,5,MAIO,9,SEGUNDA-FEIRA,2,False,21.0,NOITE,ADULTO
FC-01915,ESPINHEIRO,32.0,2025-05-08 05:25:08,-8.046,-34.873,DISPARO,PRETA,MULHER CIS,False,False,5.0,2025,5,MAIO,8,QUINTA-FEIRA,2,False,5.0,MADRUGADA,ADULTO
FC-01916,NOVA DESCOBERTA,34.0,2025-01-20 18:37:50,-8.016,-34.864,HOMICIDIO/TENTATIVA,PARDA,HOMEM CIS,True,False,18.0,2025,1,JANEIRO,20,SEGUNDA-FEIRA,1,False,18.0,NOITE,ADULTO
FC-01917,COHAB,29.0,2023-09-08 21:43:45,-8.068,-34.905,DISPARO,PRETA,HOMEM CIS,False,False,21.0,2023,9,SETEMBRO,8,SEXTA-FEIRA,3,False,21.0,NOITE,ADULTO
FC-01918,BOA VISTA,15.0,2025-03-21 11:17:47,-8.046,-34.879,DISPARO,NAO IDENTIFICADO,HOMEM CIS,False,False,11.0,2025,3,MARÇO,21,SEXTA-FEIRA,1,False,11.0,MANHÃ,ADOLESCENTE
FC-01919,ALTO JOSE DO PINHO,27.0,2023-08-19 14:10:35,-8.023,-34.883,AMEACA,BRANCA,HOMEM CIS,False,False,14.0,2023,8,AGOSTO,19,SÁBADO,3,True,14.0,TARDE,ADULTO
FC-01920,CASA AMARELA,27.0,2021-09-05 22:47:07,-8.034,-34.857,TIRO,NAO IDENTIFICADO,MULHER CIS,False,False,22.0,2021,9,SETEMBRO,5,DOMINGO,3,True,22.0,NOITE,ADULTO
FC-01921,VARZEA,30.0,2022-11-22 21:53:04,-8.033,-34.918,DISPARO,PRETA,HOMEM CIS,False,False,21.0,2022,11,NOVEMBRO,22,TERÇA-FEIRA,4,False,21.0,NOITE,ADULTO
FC-01922,ALTO JOSE DO PINHO,13.0,2025-08-01 22:48:37,-8.02,-34.886,ROUBO,PRETA,HOMEM CIS,False,False,22.0,2025,8,AGOSTO,1,SEXTA-FEIRA,3,False,22.0,NOITE,ADOLESCENTE
FC-01923,GRACO,40.0,2024-04-14 17:55:10,-8.043,-34.869,AMEACA,PARDA,MULHER CIS,False,False,17.0,2024,4,ABRIL,14,DOMINGO,2,True,17.0,TARDE,ADULTO
FC-01924,ROSARINHO,10.0,2018-09-17 13:27:54,-8.034,-34.865,HOMICIDIO/TENTATIVA,NAO IDENTIFICADO,HOMEM CIS,False,False,13.0,2018,9,SETEMBRO,17,SEGUNDA-FEIRA,3,False,13.0,TARDE,CRIANCA
FC-01925,COHAB,38.0,2022-05-11 18:56:52,-8.068,-34.904,DISPARO,AMARELA,HOMEM CIS,True,False,18.0,2022,5,MAIO,11,QUARTA-FEIRA,2,False,18.0,NOITE,ADULTO
FC-01926,BREJO DA GUARDEIRA,13.0,2023-03-27 02:29:36,-8.069,-34.901,TIRO,BRANCA,MULHER CIS,True,False,2.0,2023,3,MARÇO,27,SEGUNDA-FEIRA,1,False,2.0,MADRUGADA,ADOLESCENTE
FC-01927,VARZEA,32.0,2020-06-03 19:42:20,-8.033,-34.919,DISPARO,BRANCA,MULHER CIS,False,False,19.0,2020,6,JUNHO,3,QUARTA-FEIRA,2,False,19.0,NOITE,ADULTO
FC-01928,ESPINHEIRO,21.0,2024-11-11 05:43:25,-8.041,-34.862,TIRO,NAO IDENTIFICADO,HOMEM CIS,True,False,5.0,2024,11,NOVEMBRO,11,SEGUNDA-FEIRA,4,False,5.0,MADRUGADA,ADULTO
FC-01929,COHAB,28.0,2020-09-05 21:30:19,-8.063,-34.905,HOMICIDIO/TENTATIVA,PARDA,HOMEM CIS,False,False,21.0,2020,9,SETEMBRO,5,SÁBADO,3,True,21.0,NOITE,ADULTO
FC-01930,IPUTINGA,53.0,2018-09-11 21:51:06,-8.033,-34.893,HOMICIDIO/TENTATIVA,PRETA,HOMEM CIS,False,False,21.0,2018,9,SETEMBRO,11,TERÇA-FEIRA,3,False,21.0,NOITE,ADULTO
FC-01931,COHAB,10.0,2020-08-07 15:57:21,-8.073,-34.904,HOMICIDIO/TENTATIVA,NAO IDENTIFICADO,HOMEM CIS,False,False,15.0,2020,8,AGOSTO,7,SEXTA-FEIRA,3,False,15.0,TARDE,CRIANCA
FC-01932,POCO DA PANELA,31.0,2025-02-07 20:32:46,-8.036,-34.862,DISPARO,NAO IDENTIFICADO,HOMEM CIS,False,False,20.0,2025,2,FEVEREIRO,7,SEXTA-FEIRA,1,False,20.0,NOITE,ADULTO
FC-01933,NOVA DESCOBERTA,67.0,2018-06-18 12:55:48,-8.016,-34.863,HOMICIDIO/TENTATIVA,PARDA,HOMEM CIS,False,False,12.0,2018,6,JUNHO,18,SEGUNDA-FEIRA,2,False,12.0,TARDE,IDOSO
FC-01934,COHAB,22.0,2019-06-28 14:24:15,-8.064,-34.906,TIRO,NAO IDENTIFICADO,HOMEM CIS,False,False,14.0,2019,6,JUNHO,28,SEXTA-FEIRA,2,False,14.0,TARDE,ADULTO
FC-01935,VARZEA,25.0,2020-07-22 19:42:08,-8.03,-34.911,HOMICIDIO/TENTATIVA,PARDA,HOMEM CIS,False,False,19.0,2020,7,JULHO,22,QUARTA-FEIRA,3,False,19.0,NOITE,ADULTO
FC-01936,NOVA DESCOBERTA,31.0,2022-07-25 19:26:00,-8.022,-34.866,ROUBO,NAO IDENTIFICADO,HOMEM CIS,False,False,19.0,2022,7,JULHO,25,SEGUNDA-FEIRA,3,False,19.0,NOITE,ADULTO
FC-01937,IPUTINGA,62.0,2018-12-22 15:02:57,-8.029,-34.89,HOMICIDIO/TENTATIVA,NAO IDENTIFICADO,HOMEM CIS,False,False,15.0,2018,12,DEZEMBRO,22,SÁBADO,4,True,15.0,TARDE,IDOSO
FC-01938,SAN MARTIN,52.0,2022-11-10 15:16:02,-8.039,-34.881,HOMICIDIO/TENTATIVA,PRETA,MULHER CIS,False,False,15.0,2022,11,NOVEMBRO,10,QUINTA-FEIRA,4,False,15.0,TARDE,ADULTO
FC-01939,COHAB,10.0,2022-04-01 10:31:26,-8.063,-34.907,HOMICIDIO/TENTATIVA,PRETA,HOMEM CIS,False,False,10.0,2022,4,ABRIL,1,SEXTA-FEIRA,2,False,10.0,MANHÃ,CRIANCA
FC-01940,JARDIM SAO PAULO,32.0,2023-08-04 17:37:14,-8.009,-34.856,TIRO,NAO IDENTIFICADO,HOMEM CIS,False,False,17.0,2023,8,AGOSTO,4,SEXTA-FEIRA,3,False,17.0,TARDE,ADULTO
FC-01941,VARZEA,30.0,2021-07-09 20:55:58,-8.034,-34.918,AMEACA,NAO IDENTIFICADO,HOMEM CIS,False,False,20.0,2021,7,JULHO,9,SEXTA-FEIRA,3,False,20.0,NOITE,ADULTO
FC-01942,VASCO DA GAMA,44.0,2022-05-20 17:48:17,-8.057,-34.885,HOMICIDIO/TENTATIVA,NAO IDENTIFICADO,HOMEM CIS,False,False,17.0,2022,5,MAIO,20,SEXTA-FEIRA,2,False,17.0,TARDE,ADULTO
FC-01943,JAQUEIRA,28.0,2024-09-24 22:08:54,-8.038,-34.868,AMEACA,PRETA,HOMEM CIS,False,False,22.0,2024,9,SETEMBRO,24,TERÇA-FEIRA,3,False,22.0,NOITE,ADULTO
FC-01944,NOVA DESCOBERTA,46.0,2022-09-04 21:48:24,-8.016,-34.865,DISPARO,PRETA,HOMEM CIS,False,False,21.0,2022,9,SETEMBRO,4,DOMINGO,3,True,21.0,NOITE,ADULTO
FC-01945,NOVA DESCOBERTA,16.0,2025-10-17 21:57:04,-8.013,-34.864,HOMICIDIO/TENTATIVA,PARDA,HOMEM CIS,False,False,21.0,2025,10,OUTUBRO,17,SEXTA-FEIRA,4,False,21.0,NOITE,ADOLESCENTE
FC-01946,MANGABEIRA,24.0,2020-04-07 15:48:30,-8.016,-34.866,BRIGA,PRETA,HOMEM CIS,False,False,15.0,2020,4,ABRIL,7,TERÇA-FEIRA,2,False,15.0,TARDE,ADULTO
FC-01947,NOVA DESCOBERTA,15.0,2025-06-07 17:40:55,-8.017,-34.864,HOMICIDIO/TENTATIVA,NAO IDENTIFICADO,HOMEM CIS,False,False,17.0,2025,6,JUNHO,7,SÁBADO,2,True,17.0,TARDE,ADOLESCENTE
FC-01948,VARZEA,15.0,2019-01-09 01:54:10,-8.039,-34.921,HOMICIDIO/TENTATIVA,NAO IDENTIFICADO,HOMEM CIS,False,False,1.0,2019,1,JANEIRO,9,QUARTA-FEIRA,1,False,1.0,MADRUGADA,ADOLESCENTE
FC-01949,CURADO,38.0,2022-01-09 21:04:01,-8.072,-34.901,DISPARO,PRETA,HOMEM CIS,True,False,21.0,2022,1,JANEIRO,9,DOMINGO,1,True,21.0,NOITE,ADULTO
FC-01950,ALTO JOSE DO PINHO,18.0,2020-05-12 23:15:53,-8.023,-34.887,HOMICIDIO/TENTATIVA,PRETA,HOMEM CIS,False,False,23.0,2020,5,MAIO,12,TERÇA-FEIRA,2,False,23.0,NOITE,ADULTO
FC-01951,IBURA,32.0,2023-03-05 21:34:29,-8.083,-34.89,HOMICIDIO/TENTATIVA,PRETA,HOMEM CIS,True,False,21.0,2023,3,MARÇO,5,DOMINGO,1,True,21.0,NOITE,ADULTO
FC-01952,AFLITOS,18.0,2025-10-14 05:11:23,-8.049,-34.877,OUTRO,PRETA,HOMEM CIS,False,False,5.0,2025,10,OUTUBRO,14,TERÇA-FEIRA,4,False,5.0,MADRUGADA,ADULTO
FC-01953,CAXANGA,10.0,2024-12-21 20:11:26,-8.027,-34.921,HOMICIDIO/TENTATIVA,NAO IDENTIFICADO,HOMEM CIS,False,False,20.0,2024,12,DEZEMBRO,21,SÁBADO,4,True,20.0,NOITE,CRIANCA
FC-01954,CAXANGA,22.0,2022-12-13 06:30:00,-8.021,-34.916,DISPARO,NAO IDENTIFICADO,HOMEM CIS,False,False,6.0,2022,12,DEZEMBRO,13,TERÇA-FEIRA,4,False,6.0,MANHÃ,ADULTO
FC-01955,SAN MARTIN,25.0,2024-01-20 13:50:15,-8.045,-34.88,ROUBO,NAO IDENTIFICADO,HOMEM CIS,False,False,13.0,2024,1,JANEIRO,20,SÁBADO,1,True,13.0,TARDE,ADULTO
FC-01956,ESTACAO,22.0,2025-10-01 00:29:30,-8.055,-34.873,HOMICIDIO/TENTATIVA,PRETA,HOMEM CIS,False,False,0.0,2025,10,OUTUBRO,1,QUARTA-FEIRA,4,False,0.0,MADRUGADA,ADULTO
FC-01957,IBURA,22.0,2022-01-01 21:13:39,-8.083,-34.894,BRIGA,NAO IDENTIFICADO,HOMEM CIS,False,False,21.0,2022,1,JANEIRO,1,SÁBADO,1,True,21.0,NOITE,ADULTO
FC-01958,ESPINHEIRO,32.0,2019-09-27 14:02:47,-8.041,-34.871,HOMICIDIO/TENTATIVA,NAO IDENTIFICADO,HOMEM CIS,False,False,14.0,2019,9,SETEMBRO,27,SEXTA-FEIRA,3,False,14.0,TARDE,ADULTO
FC-01959,COHAB,45.0,2024-05-11 21:45:49,-8.068,-34.91,HOMICIDIO/TENTATIVA,NAO IDENTIFICADO,HOMEM CIS,False,False,21.0,2024,5,MAIO,11,SÁBADO,2,True,21.0,NOITE,ADULTO
FC-01960,POCO DA PANELA,31.0,2024-02-16 21:29:16,-8.037,-34.861,HOMICIDIO/TENTATIVA,NAO IDENTIFICADO,NAO IDENTIFICADO,False,False,21.0,2024,2,FEVEREIRO,16,SEXTA-FEIRA,1,False,21.0,NOITE,ADULTO
FC-01961,IBURA,15.0,2020-03-06 14:05:41,-8.078,-34.89,AMEACA,PARDA,NAO IDENTIFICADO,False,False,14.0,2020,3,MARÇO,6,SEXTA-FEIRA,1,False,14.0,TARDE,ADOLESCENTE
FC-01962,IPUTINGA,11.0,2019-12-22 21:37:17,-8.032,-34.888,AMEACA,PRETA,HOMEM CIS,False,False,21.0,2019,12,DEZEMBRO,22,DOMINGO,4,True,21.0,NOITE,CRIANCA
FC-01963,SAN MARTIN,21.0,2018-11-06 15:40:22,-8.043,-34.885,DISPARO,PARDA,MULHER CIS,False,False,15.0,2018,11,NOVEMBRO,6,TERÇA-FEIRA,4,False,15.0,TARDE,ADULTO
FC-01964,JARDIM SAO PAULO,25.0,2024-12-18 00:43:08,-8.006,-34.853,DISPARO,NAO IDENTIFICADO,HOMEM CIS,False,False,0.0,2024,12,DEZEMBRO,18,QUARTA-FEIRA,4,False,0.0,MADRUGADA,ADULTO
FC-01965,CASA AMARELA,13.0,2018-02-04 18:07:20,-8.037,-34.859,HOMICIDIO/TENTATIVA,NAO IDENTIFICADO,HOMEM CIS,False,False,18.0,2018,2,FEVEREIRO,4,DOMINGO,1,True,18.0,NOITE,ADOLESCENTE
FC-01966,MANGABEIRA,46.0,2025-12-10 21:51:34,-8.015,-34.867,DISPARO,NAO IDENTIFICADO,MULHER CIS,False,False,21.0,2025,12,DEZEMBRO,10,QUARTA-FEIRA,4,False,21.0,NOITE,ADULTO
FC-01967,SAN MARTIN,30.0,2023-03-07 16:03:58,-8.037,-34.878,OUTRO,PARDA,HOMEM CIS,True,False,16.0,2023,3,MARÇO,7,TERÇA-FEIRA,1,False,16.0,TARDE,ADULTO
FC-01968,NOVA DESCOBERTA,10.0,2022-11-18 23:36:07,-8.015,-34.862,TIRO,NAO IDENTIFICADO,HOMEM CIS,False,False,23.0,2022,11,NOVEMBRO,18,SEXTA-FEIRA,4,False,23.0,NOITE,CRIANCA
FC-01969,IPUTINGA,19.0,2018-07-19 21:48:33,-8.029,-34.894,DISPARO,NAO IDENTIFICADO,MULHER CIS,False,False,21.0,2018,7,JULHO,19,QUINTA-FEIRA,3,False,21.0,NOITE,ADULTO
FC-01970,CURADO,15.0,2023-04-26 12:14:17,-8.065,-34.913,BRIGA,NAO IDENTIFICADO,NAO IDENTIFICADO,False,False,12.0,2023,4,ABRIL,26,QUARTA-FEIRA,2,False,12.0,TARDE,ADOLESCENTE
FC-01971,SAN MARTIN,36.0,2019-10-17 15:17:27,-8.04,-34.874,DISPARO,BRANCA,HOMEM CIS,False,False,15.0,2019,10,OUTUBRO,17,QUINTA-FEIRA,4,False,15.0,TARDE,ADULTO
FC-01972,CAXANGA,34.0,2024-11-24 03:00:22,-8.026,-34.923,HOMICIDIO/TENTATIVA,AMARELA,HOMEM CIS,False,False,3.0,2024,11,NOVEMBRO,24,DOMINGO,4,True,3.0,MADRUGADA,ADULTO
FC-01973,CURADO,39.0,2022-07-08 21:47:45,-8.076,-34.908,HOMICIDIO/TENTATIVA,NAO IDENTIFICADO,HOMEM CIS,False,False,21.0,2022,7,JULHO,8,SEXTA-FEIRA,3,False,21.0,NOITE,ADULTO
FC-01974,NOVA DESCOBERTA,16.0,2023-10-03 03:07:25,-8.011,-34.865,DISPARO,NAO IDENTIFICADO,HOMEM CIS,False,False,3.0,2023,10,OUTUBRO,3,TERÇA-FEIRA,4,False,3.0,MADRUGADA,ADOLESCENTE
FC-01975,MANGABEIRA,41.0,2024-03-27 07:43:31,-8.01,-34.875,DISPARO,NAO IDENTIFICADO,MULHER CIS,False,False,7.0,2024,3,MARÇO,27,QUARTA-FEIRA,1,False,7.0,MANHÃ,ADULTO
FC-01976,ESPINHEIRO,19.0,2024-12-23 19:24:00,-8.04,-34.868,AMEACA,NAO IDENTIFICADO,HOMEM CIS,False,False,19.0,2024,12,DEZEMBRO,23,SEGUNDA-FEIRA,4,False,19.0,NOITE,ADULTO
FC-01977,IPUTINGA,44.0,2024-09-14 17:16:24,-8.027,-34.896,HOMICIDIO/TENTATIVA,PARDA,HOMEM CIS,False,False,17.0,2024,9,SETEMBRO,14,SÁBADO,3,True,17.0,TARDE,ADULTO
FC-01978,IBURA,20.0,2020-04-08 15:56:06,-8.082,-34.899,DISPARO,PARDA,HOMEM CIS,False,False,15.0,2020,4,ABRIL,8,QUARTA-FEIRA,2,False,15.0,TARDE,ADULTO
FC-01979,JAQUEIRA,50.0,2021-11-20 18:23:44,-8.037,-34.864,ROUBO,NAO IDENTIFICADO,HOMEM CIS,False,False,18.0,2021,11,NOVEMBRO,20,SÁBADO,4,True,18.0,NOITE,ADULTO
FC-01980,VARZEA,11.0,2018-11-09 21:42:00,-8.031,-34.908,HOMICIDIO/TENTATIVA,PARDA,HOMEM CIS,False,False,21.0,2018,11,NOVEMBRO,9,SEXTA-FEIRA,4,False,21.0,NOITE,CRIANCA
FC-01981,IPUTINGA,14.0,2021-10-20 19:18:37,-8.026,-34.893,HOMICIDIO/TENTATIVA,NAO IDENTIFICADO,HOMEM CIS,False,False,19.0,2021,10,OUTUBRO,20,QUARTA-FEIRA,4,False,19.0,NOITE,ADOLESCENTE
FC-01982,CAXANGA,11.0,2018-03-09 22:46:01,-8.024,-34.917,HOMICIDIO/TENTATIVA,NAO IDENTIFICADO,HOMEM CIS,False,False,22.0,2018,3,MARÇO,9,SEXTA-FEIRA,1,False,22.0,NOITE,CRIANCA
FC-01983,TOTOS,23.0,2019-04-17 16:59:49,-8.035,-34.87,HOMICIDIO/TENTATIVA,PRETA,MULHER CIS,False,False,16.0,2019,4,ABRIL,17,QUARTA-FEIRA,2,False,16.0,TARDE,ADULTO
FC-01984,VARZEA,11.0,2022-02-16 10:20:57,-8.035,-34.915,DISPARO,NAO IDENTIFICADO,MULHER CIS,False,False,10.0,2022,2,FEVEREIRO,16,QUARTA-FEIRA,1,False,10.0,MANHÃ,CRIANCA
FC-01985,POCO DA PANELA,21.0,2019-04-12 23:01:00,-8.033,-34.86,DISPARO,BRANCA,HOMEM CIS,False,False,23.0,2019,4,ABRIL,12,SEXTA-FEIRA,2,False,23.0,NOITE,ADULTO
FC-01986,VASCO DA GAMA,36.0,2023-02-18 02:26:04,-8.055,-34.878,HOMICIDIO/TENTATIVA,PRETA,NAO IDENTIFICADO,False,False,2.0,2023,2,FEVEREIRO,18,SÁBADO,1,True,2.0,MADRUGADA,ADULTO
FC-01987,VASCO DA GAMA,24.0,2025-07-04 22:03:29,-8.049,-34.882,HOMICIDIO/TENTATIVA,PRETA,HOMEM CIS,False,False,22.0,2025,7,JULHO,4,SEXTA-FEIRA,3,False,22.0,NOITE,ADULTO
FC-01988,IBURA,55.0,2022-09-05 16:01:05,-8.082,-34.896,HOMICIDIO/TENTATIVA,NAO IDENTIFICADO,HOMEM CIS,False,False,16.0,2022,9,SETEMBRO,5,SEGUNDA-FEIRA,3,False,16.0,TARDE,ADULTO
FC-01989,CURADO,46.0,2025-11-14 01:05:08,-8.07,-34.907,DISPARO,BRANCA,HOMEM CIS,True,False,1.0,2025,11,NOVEMBRO,14,SEXTA-FEIRA,4,False,1.0,MADRUGADA,ADULTO
FC-01990,NOVA DESCOBERTA,44.0,2021-06-08 23:49:57,-8.014,-34.867,DISPARO,NAO IDENTIFICADO,HOMEM CIS,False,False,23.0,2021,6,JUNHO,8,TERÇA-FEIRA,2,False,23.0,NOITE,ADULTO
FC-01991,ESPINHEIRO,41.0,2021-03-05 23:26:14,-8.042,-34.866,BRIGA,PRETA,HOMEM CIS,False,False,23.0,2021,3,MARÇO,5,SEXTA-FEIRA,1,False,23.0,NOITE,ADULTO
FC-01992,CORDOARIA,8.0,2020-06-16 20:51:40,-8.057,-34.875,HOMICIDIO/TENTATIVA,NAO IDENTIFICADO,MULHER CIS,False,False,20.0,2020,6,JUNHO,16,TERÇA-FEIRA,2,False,20.0,NOITE,CRIANCA
FC-01993,AFLITOS,49.0,2022-07-03 17:26:34,-8.043,-34.871,HOMICIDIO/TENTATIVA,NAO IDENTIFICADO,HOMEM CIS,False,False,17.0,2022,7,JULHO,3,DOMINGO,3,True,17.0,TARDE,ADULTO
FC-01994,IPUTINGA,35.0,2023-03-13 16:00:32,-8.031,-34.888,AMEACA,PRETA,HOMEM CIS,False,False,16.0,2023,3,MARÇO,13,SEGUNDA-FEIRA,1,False,16.0,TARDE,ADULTO
FC-01995,BOA VISTA,53.0,2021-03-28 03:04:59,-8.049,-34.87,TIRO,NAO IDENTIFICADO,HOMEM CIS,False,False,3.0,2021,3,MARÇO,28,DOMINGO,1,True,3.0,MADRUGADA,ADULTO
FC-01996,CURADO,23.0,2024-10-10 16:53:05,-8.072,-34.91,DISPARO,NAO IDENTIFICADO,HOMEM CIS,False,False,16.0,2024,10,OUTUBRO,10,QUINTA-FEIRA,4,False,16.0,TARDE,ADULTO
FC-01997,IBURA,35.0,2025-09-10 17:30:19,-8.083,-34.89,DISPARO,NAO IDENTIFICADO,HOMEM CIS,False,False,17.0,2025,9,SETEMBRO,10,QUARTA-FEIRA,3,False,17.0,TARDE,ADULTO
FC-01998,NOVA DESCOBERTA,36.0,2021-07-24 21:35:09,-8.018,-34.863,HOMICIDIO/TENTATIVA,PARDA,MULHER CIS,False,False,21.0,2021,7,JULHO,24,SÁBADO,3,True,21.0,NOITE,ADULTO
FC-01999,COHAB,40.0,2024-06-06 13:36:50,-8.064,-34.902,HOMICIDIO/TENTATIVA,NAO IDENTIFICADO,HOMEM CIS,False,False,13.0,2024,6,JUNHO,6,QUINTA-FEIRA,2,False,13.0,TARDE,ADULTO
FC-02000,CORDOARIA,15.0,2019-02-04 20:39:31,-8.057,-34.877,TIRO,PARDA,HOMEM CIS,False,False,20.0,2019,2,FEVEREIRO,4,SEGUNDA-FEIRA,1,False,20.0,NOITE,ADOLESCENTE
