id,neighborhood,age,data,latitude,longitude,main_reason,race,genre,address,police_action
FC-00001,VASCO DA GAMA,35,24/11/2024 22:05:37,-8.055415,-34.878057,HOMICIDIO/TENTATIVA,NAO IDENTIFICADO,HOMEM CIS,"Rua 16, VASCO DA GAMA - Recife/PE",False
FC-00002,COHAB,48,18/12/2023 15:28:37,-8.065702,-34.905702,DISPARO,PRETA,HOMEM CIS,"Rua 446, COHAB - Recife/PE",False
FC-00003,IBURA,48,04/06/2019 02:06:22,-8.079698,-34.893408,HOMICIDIO/TENTATIVA,PRETA,HOMEM CIS,"Rua 310, IBURA - Recife/PE",False
FC-00004,NOVA DESCOBERTA,36,18/02/2025 11:40:39,-8.01639,-34.866397,HOMICIDIO/TENTATIVA,NAO IDENTIFICADO,HOMEM CIS,"Rua 186, NOVA DESCOBERTA - Recife/PE",False
FC-00005,MANGABEIRA,32,28/02/2020 07:06:24,-8.01574,-34.875175,HOMICIDIO/TENTATIVA,NAO IDENTIFICADO,HOMEM CIS,"Rua 326, MANGABEIRA - Recife/PE",False
FC-00006,CAXANGA,23,21/11/2023 02:40:10,-8.028038,-34.919057,TIRO,NAO IDENTIFICADO,HOMEM CIS,"Rua 126, CAXANGA - Recife/PE",False
FC-00007,VARZEA,19,11/11/2022 21:49:03,-8.039237,-34.910603,TIRO,AMARELA,HOMEM CIS,"Rua 17, VARZEA - Recife/PE",False
FC-00008,CASA AMARELA,27,11/12/2022 06:31:25,-8.031797,-34.864274,ROUBO,NAO IDENTIFICADO,HOMEM CIS,"Rua 330, CASA AMARELA - Recife/PE",False
FC-00009,SAN MARTIN,23,14/10/2020 22:25:23,-8.039667,-34.881453,DISPARO,NAO IDENTIFICADO,HOMEM CIS,"Rua 71, SAN MARTIN - Recife/PE",False
FC-00010,ALTO JOSE DO PINHO,34,14/11/2023 19:24:24,-8.021802,-34.885875,HOMICIDIO/TENTATIVA,NAO IDENTIFICADO,HOMEM CIS,"Rua 240, ALTO JOSE DO PINHO - Recife/PE",False
FC-00011,ALTO JOSE DO PINHO,21,18/11/2024 21:49:41,-8.014443,-34.88504,HOMICIDIO/TENTATIVA,PARDA,NAO IDENTIFICADO,"Rua 151, ALTO JOSE DO PINHO - Recife/PE",False
FC-00012,ESTACAO,17,25/09/2020 04:58:06,-8.050532,-34.874663,ROUBO,BRANCA,HOMEM CIS,"Rua 153, ESTACAO - Recife/PE",False
FC-00013,CAXANGA,32,01/09/2019 19:31:01,-8.030879,-34.923985,DISPARO,NAO IDENTIFICADO,HOMEM CIS,"Rua 186, CAXANGA - Recife/PE",False
FC-00014,CURADO,34,03/02/2025 21:52:04,-8.067785,-34.909486,HOMICIDIO/TENTATIVA,NAO IDENTIFICADO,MULHER CIS,"Rua 273, CURADO - Recife/PE",False
FC-00015,TOTOS,28,14/10/2020 23:59:34,-8.038903,-34.869436,DISPARO,NAO IDENTIFICADO,HOMEM CIS,"Rua 354, TOTOS - Recife/PE",False
FC-00016,VARZEA,21,15/09/2022 03:14:04,-8.036382,-34.911829,TIRO,AMARELA,HOMEM CIS,"Rua 302, VARZEA - Recife/PE",False
FC-00017,MANGABEIRA,34,02/02/2018 21:04:32,-8.015289,-34.869028,TIRO,NAO IDENTIFICADO,HOMEM CIS,"Rua 343, MANGABEIRA - Recife/PE",False
FC-00018,ALTO JOSE DO PINHO,25,26/04/2023 16:26:12,-8.022031,-34.883165,ROUBO,PRETA,HOMEM CIS,"Rua 338, ALTO JOSE DO PINHO - Recife/PE",False
FC-00019,ESTACAO,42,04/11/2023 01:46:21,-8.050206,-34.873518,TIRO,NAO IDENTIFICADO,HOMEM CIS,"Rua 56, ESTACAO - Recife/PE",False
FC-00020,NOVA DESCOBERTA,26,28/04/2020 22:28:51,-8.014006,-34.862073,DISPARO,NAO IDENTIFICADO,HOMEM CIS,"Rua 282, NOVA DESCOBERTA - Recife/PE",False
FC-00021,COHAB,24,06/04/2019 15:30:13,-8.065557,-34.908319,HOMICIDIO/TENTATIVA,NAO IDENTIFICADO,HOMEM CIS,"Rua 463, COHAB - Recife/PE",False
FC-00022,IBURA,15,10/08/2024 15:46:50,-8.079562,-34.887931,HOMICIDIO/TENTATIVA,AMARELA,HOMEM CIS,"Rua 368, IBURA - Recife/PE",False
FC-00023,ALTO JOSE DO PINHO,29,24/01/2024 12:03:37,-8.016989,-34.883915,HOMICIDIO/TENTATIVA,NAO IDENTIFICADO,HOMEM CIS,"Rua 471, ALTO JOSE DO PINHO - Recife/PE",False
FC-00024,CAXANGA,22,03/10/2020 20:15:25,-8.023916,-34.915386,HOMICIDIO/TENTATIVA,BRANCA,HOMEM CIS,"Rua 456, CAXANGA - Recife/PE",False
FC-00025,MANGABEIRA,29,17/10/2023 12:16:13,-8.005306,-34.877859,HOMICIDIO/TENTATIVA,NAO IDENTIFICADO,HOMEM CIS,"Rua 161, MANGABEIRA - Recife/PE",False
FC-00026,NOVA DESCOBERTA,39,01/02/2021 16:36:06,-8.014739,-34.865897,HOMICIDIO/TENTATIVA,PRETA,HOMEM CIS,"Rua 110, NOVA DESCOBERTA - Recife/PE",False
FC-00027,ALTO JOSE DO PINHO,31,06/05/2020 15:34:45,-8.025963,-34.885659,HOMICIDIO/TENTATIVA,NAO IDENTIFICADO,HOMEM CIS,"Rua 414, ALTO JOSE DO PINHO - Recife/PE",False
FC-00028,SANTO AMARO,34,09/03/2023 02:06:47,-8.053566,-34.871555,HOMICIDIO/TENTATIVA,PARDA,HOMEM CIS,"Rua 140, SANTO AMARO - Recife/PE",False
FC-00029,NOVA DESCOBERTA,20,16/09/2024 09:58:54,-8.016505,-34.862254,TIRO,NAO IDENTIFICADO,HOMEM CIS,"Rua 325, NOVA DESCOBERTA - Recife/PE",True
FC-00030,ESTACAO,33,06/05/2023 21:35:45,-8.054589,-34.86946,AMEACA,NAO IDENTIFICADO,HOMEM CIS,"Rua 5, ESTACAO - Recife/PE",False
FC-00031,COHAB,33,19/06/2018 18:27:08,-8.062094,-34.907106,HOMICIDIO/TENTATIVA,PRETA,MULHER CIS,"Rua 187, COHAB - Recife/PE",True
FC-00032,CURADO,26,22/04/2020 02:49:35,-8.071176,-34.914391,ROUBO,PARDA,HOMEM CIS,"Rua 209, CURADO - Recife/PE",False
FC-00033,GRACO,33,14/03/2019 00:47:59,-8.042217,-34.869985,HOMICIDIO/TENTATIVA,BRANCA,HOMEM CIS,"Rua 477, GRACO - Recife/PE",False
FC-00034,ESTACAO,27,04/12/2019 14:02:54,-8.057246,-34.872262,HOMICIDIO/TENTATIVA,PRETA,HOMEM CIS,"Rua 103, ESTACAO - Recife/PE",False
FC-00035,CASA AMARELA,25,22/01/2020 05:21:17,-8.034407,-34.860484,AMEACA,NAO IDENTIFICADO,HOMEM CIS,"Rua 496, CASA AMARELA - Recife/PE",False
FC-00036,TOTOS,34,01/06/2024 02:16:11,-8.032341,-34.864476,TIRO,NAO IDENTIFICADO,HOMEM CIS,"Rua 136, TOTOS - Recife/PE",False
FC-00037,IBURA,33,04/09/2022 14:36:12,-8.082223,-34.897756,AMEACA,NAO IDENTIFICADO,HOMEM CIS,"Rua 363, IBURA - Recife/PE",False
FC-00038,ESTACAO,29,22/12/2025 05:27:04,-8.052819,-34.86361,TIRO,PARDA,HOMEM CIS,"Rua 472, ESTACAO - Recife/PE",False
FC-00039,IPUTINGA,27,22/05/2021 15:25:44,-8.027095,-34.893104,TIRO,PARDA,HOMEM CIS,"Rua 66, IPUTINGA - Recife/PE",False
FC-00040,VARZEA,15,10/10/2019 15:53:00,-8.031572,-34.912744,TIRO,NAO IDENTIFICADO,HOMEM CIS,"Rua 108, VARZEA - Recife/PE",False
FC-00041,ESTACAO,39,17/04/2022 16:57:50,-8.055728,-34.866792,DISPARO,PRETA,HOMEM CIS,"Rua 338, ESTACAO - Recife/PE",False
FC-00042,COHAB,13,22/04/2024 12:51:12,-8.063239,-34.898429,HOMICIDIO/TENTATIVA,PRETA,HOMEM CIS,"Rua 24, COHAB - Recife/PE",False
FC-00043,NOVA DESCOBERTA,18,19/11/2021 05:44:24,-8.016699,-34.864701,HOMICIDIO/TENTATIVA,PARDA,HOMEM CIS,"Rua 125, NOVA DESCOBERTA - Recife/PE",False
FC-00044,VARZEA,23,08/07/2025 04:44:33,-8.039652,-34.914794,ROUBO,PARDA,HOMEM CIS,"Rua 286, VARZEA - Recife/PE",False
FC-00045,NOVA DESCOBERTA,17,20/09/2023 12:48:57,-8.013579,-34.867758,AMEACA,NAO IDENTIFICADO,MULHER CIS,"Rua 418, NOVA DESCOBERTA - Recife/PE",False
FC-00046,AFLITOS,48,28/12/2025 16:16:48,-8.04735,-34.872966,DISPARO,PARDA,HOMEM CIS,"Rua 327, AFLITOS - Recife/PE",False
FC-00047,NOVA DESCOBERTA,39,10/12/2022 07:21:20,-8.018693,-34.864318,HOMICIDIO/TENTATIVA,NAO IDENTIFICADO,HOMEM CIS,"Rua 42, NOVA DESCOBERTA - Recife/PE",False
FC-00048,VARZEA,45,11/07/2018 18:26:03,-8.039822,-34.914446,TIRO,PRETA,HOMEM CIS,"Rua 216, VARZEA - Recife/PE",False
FC-00049,CORDOARIA,33,13/10/2025 16:22:19,-8.055655,-34.876711,HOMICIDIO/TENTATIVA,BRANCA,HOMEM CIS,"Rua 437, CORDOARIA - Recife/PE",False
FC-00050,CURADO,13,16/04/2024 06:27:31,-8.068434,-34.909109,TIRO,NAO IDENTIFICADO,MULHER CIS,"Rua 173, CURADO - Recife/PE",True
FC-00051,SANTO AMARO,33,18/10/2025 00:25:37,-8.056961,-34.87204,AMEACA,PRETA,HOMEM CIS,"Rua 14, SANTO AMARO - Recife/PE",False
FC-00052,COHAB,32,07/06/2020 16:21:48,-8.064121,-34.907143,HOMICIDIO/TENTATIVA,PARDA,HOMEM CIS,"Rua 143, COHAB - Recife/PE",False
FC-00053,ESPINHEIRO,58,02/09/2018 23:22:14,-8.040579,-34.871574,HOMICIDIO/TENTATIVA,NAO IDENTIFICADO,MULHER CIS,"Rua 400, ESPINHEIRO - Recife/PE",False
FC-00054,JAQUEIRA,37,05/10/2024 07:30:42,-8.040924,-34.865639,HOMICIDIO/TENTATIVA,NAO IDENTIFICADO,HOMEM CIS,"Rua 486, JAQUEIRA - Recife/PE",False
FC-00055,VARZEA,43,23/12/2023 02:52:10,-8.037462,-34.91211,HOMICIDIO/TENTATIVA,PARDA,HOMEM CIS,"Rua 56, VARZEA - Recife/PE",False
FC-00056,MANGABEIRA,37,07/12/2021 02:44:53,-8.007534,-34.86431,ROUBO,PRETA,MULHER CIS,"Rua 53, MANGABEIRA - Recife/PE",False
FC-00057,BOA VISTA,27,26/10/2024 01:34:27,-8.052261,-34.877669,AMEACA,PRETA,HOMEM CIS,"Rua 36, BOA VISTA - Recife/PE",False
FC-00058,ALTO JOSE DO PINHO,20,21/06/2019 22:29:45,-8.020231,-34.883977,AMEACA,PARDA,HOMEM CIS,"Rua 91, ALTO JOSE DO PINHO - Recife/PE",False
FC-00059,AFLITOS,35,15/08/2022 15:46:37,-8.042518,-34.871961,AMEACA,NAO IDENTIFICADO,MULHER CIS,"Rua 437, AFLITOS - Recife/PE",False
FC-00060,NOVA DESCOBERTA,52,20/10/2024 20:21:01,-8.015794,-34.856839,DISPARO,NAO IDENTIFICADO,MULHER CIS,"Rua 167, NOVA DESCOBERTA - Recife/PE",False
FC-00061,VARZEA,37,09/12/2025 18:33:12,-8.037571,-34.918213,HOMICIDIO/TENTATIVA,PARDA,HOMEM CIS,"Rua 369, VARZEA - Recife/PE",False
FC-00062,ESTACAO,35,26/08/2023 00:18:14,-8.05367,-34.868858,DISPARO,NAO IDENTIFICADO,HOMEM CIS,"Rua 125, ESTACAO - Recife/PE",False
FC-00063,IPUTINGA,35,18/12/2021 13:44:29,-8.028218,-34.89554,DISPARO,NAO IDENTIFICADO,HOMEM CIS,"Rua 129, IPUTINGA - Recife/PE",False
FC-00064,NOVA DESCOBERTA,11,06/12/2025 05:47:30,-8.01634,-34.862431,TIRO,NAO IDENTIFICADO,HOMEM CIS,"Rua 302, NOVA DESCOBERTA - Recife/PE",False
FC-00065,GRACO,32,12/04/2020 04:00:45,-8.046737,-34.86948,HOMICIDIO/TENTATIVA,NAO IDENTIFICADO,HOMEM CIS,"Rua 141, GRACO - Recife/PE",False
FC-00066,IBURA,34,04/08/2023 21:36:18,-8.084652,-34.891539,BRIGA,NAO IDENTIFICADO,HOMEM CIS,"Rua 226, IBURA - Recife/PE",False
FC-00067,IPUTINGA,32,13/02/2019 17:36:40,-8.031429,-34.891927,ROUBO,NAO IDENTIFICADO,MULHER CIS,"Rua 78, IPUTINGA - Recife/PE",False
FC-00068,VARZEA,36,20/07/2019 19:39:14,-8.031751,-34.911839,OUTRO,NAO IDENTIFICADO,HOMEM CIS,"Rua 195, VARZEA - Recife/PE",False
FC-00069,SAN MARTIN,13,02/10/2021 19:47:06,-8.042813,-34.876455,OUTRO,PARDA,HOMEM CIS,"Rua 107, SAN MARTIN - Recife/PE",False
FC-00070,VASCO DA GAMA,36,01/03/2022 15:44:38,-8.053455,-34.868442,HOMICIDIO/TENTATIVA,NAO IDENTIFICADO,HOMEM CIS,"Rua 17, VASCO DA GAMA - Recife/PE",False
FC-00071,NOVA DESCOBERTA,36,26/05/2023 21:37:42,-8.011593,-34.862138,DISPARO,PRETA,HOMEM CIS,"Rua 102, NOVA DESCOBERTA - Recife/PE",False
FC-00072,ESTACAO,37,02/02/2024 04:19:38,-8.053946,-34.868723,ROUBO,PRETA,HOMEM CIS,"Rua 292, ESTACAO - Recife/PE",False
FC-00073,JARDIM SAO PAULO,20,17/05/2021 18:28:05,-8.00571,-34.856456,HOMICIDIO/TENTATIVA,NAO IDENTIFICADO,HOMEM CIS,"Rua 456, JARDIM SAO PAULO - Recife/PE",False
FC-00074,ESTACAO,30,19/10/2025 23:48:43,-8.046056,-34.876602,HOMICIDIO/TENTATIVA,NAO IDENTIFICADO,HOMEM CIS,"Rua 296, ESTACAO - Recife/PE",False
FC-00075,IBURA,38,19/03/2025 15:52:31,-8.086838,-34.893416,TIRO,NAO IDENTIFICADO,HOMEM CIS,"Rua 241, IBURA - Recife/PE",False
FC-00076,IPUTINGA,43,16/12/2021 11:25:52,-8.027807,-34.896233,ROUBO,PRETA,HOMEM CIS,"Rua 19, IPUTINGA - Recife/PE",False
FC-00077,SAN MARTIN,21,27/09/2021 23:42:55,-8.037961,-34.880191,BRIGA,NAO IDENTIFICADO,HOMEM CIS,"Rua 212, SAN MARTIN - Recife/PE",False
FC-00078,IBURA,32,07/01/2022 10:08:59,-8.081863,-34.893955,DISPARO,PRETA,HOMEM CIS,"Rua 451, IBURA - Recife/PE",False
FC-00079,BOA VISTA,55,10/03/2020 18:35:26,-8.048098,-34.881075,TIRO,BRANCA,HOMEM CIS,"Rua 431, BOA VISTA - Recife/PE",False
FC-00080,JARDIM SAO PAULO,32,10/12/2022 17:17:26,-8.006985,-34.852443,AMEACA,NAO IDENTIFICADO,HOMEM CIS,"Rua 242, JARDIM SAO PAULO - Recife/PE",False
FC-00081,NOVA DESCOBERTA,20,28/03/2022 01:49:50,-8.015344,-34.863485,ROUBO,NAO IDENTIFICADO,HOMEM CIS,"Rua 175, NOVA DESCOBERTA - Recife/PE",False
FC-00082,JARDIM SAO PAULO,40,19/10/2020 23:31:55,-8.008601,-34.856004,HOMICIDIO/TENTATIVA,PARDA,HOMEM CIS,"Rua 276, JARDIM SAO PAULO - Recife/PE",False
FC-00083,ALTO JOSE DO PINHO,24,23/04/2025 07:24:14,-8.02196,-34.879704,DISPARO,PARDA,HOMEM CIS,"Rua 211, ALTO JOSE DO PINHO - Recife/PE",False
FC-00084,IBURA,34,26/11/2021 21:09:31,-8.085783,-34.889246,AMEACA,PRETA,HOMEM CIS,"Rua 65, IBURA - Recife/PE",False
FC-00085,ALTO JOSE DO PINHO,55,15/09/2022 00:09:26,-8.016903,-34.889558,ROUBO,PARDA,HOMEM CIS,"Rua 497, ALTO JOSE DO PINHO - Recife/PE",False
FC-00086,VARZEA,24,03/11/2023 21:54:43,-8.031199,-34.917123,HOMICIDIO/TENTATIVA,BRANCA,HOMEM CIS,"Rua 195, VARZEA - Recife/PE",False
FC-00087,JAQUEIRA,35,03/10/2022 07:43:58,-8.035676,-34.870781,DISPARO,PARDA,HOMEM CIS,"Rua 117, JAQUEIRA - Recife/PE",False
FC-00088,ESPINHEIRO,29,06/08/2025 20:57:01,-8.051724,-34.871073,TIRO,NAO IDENTIFICADO,HOMEM CIS,"Rua 408, ESPINHEIRO - Recife/PE",True
FC-00089,IBURA,26,26/11/2021 04:11:05,-8.085743,-34.887103,HOMICIDIO/TENTATIVA,NAO IDENTIFICADO,HOMEM CIS,"Rua 196, IBURA - Recife/PE",False
FC-00090,VASCO DA GAMA,12,15/05/2022 09:00:57,-8.05632,-34.879608,HOMICIDIO/TENTATIVA,BRANCA,HOMEM CIS,"Rua 462, VASCO DA GAMA - Recife/PE",False
FC-00091,IPUTINGA,47,21/05/2025 23:44:16,-8.032308,-34.889511,BRIGA,NAO IDENTIFICADO,HOMEM CIS,"Rua 155, IPUTINGA - Recife/PE",False
FC-00092,VARZEA,30,10/10/2023 23:18:01,-8.037945,-34.913614,HOMICIDIO/TENTATIVA,NAO IDENTIFICADO,HOMEM CIS,"Rua 338, VARZEA - Recife/PE",False
FC-00093,CORDOARIA,32,24/10/2025 17:57:57,-8.059801,-34.872791,AMEACA,PARDA,HOMEM CIS,"Rua 410, CORDOARIA - Recife/PE",False
FC-00094,NOVA DESCOBERTA,25,25/12/2020 19:53:08,-8.014659,-34.863014,HOMICIDIO/TENTATIVA,NAO IDENTIFICADO,HOMEM CIS,"Rua 463, NOVA DESCOBERTA - Recife/PE",False
FC-00095,VASCO DA GAMA,49,03/03/2021 22:20:47,-8.058713,-34.873601,HOMICIDIO/TENTATIVA,PARDA,HOMEM CIS,"Rua 103, VASCO DA GAMA - Recife/PE",False
FC-00096,COHAB,10,09/03/2025 22:30:51,-8.065455,-34.903235,DISPARO,BRANCA,HOMEM CIS,"Rua 446, COHAB - Recife/PE",False
FC-00097,IPUTINGA,33,24/11/2025 20:25:54,-8.029868,-34.893624,HOMICIDIO/TENTATIVA,BRANCA,HOMEM CIS,"Rua 188, IPUTINGA - Recife/PE",False
FC-00098,COHAB,24,22/12/2021 10:24:52,-8.066768,-34.902451,HOMICIDIO/TENTATIVA,NAO IDENTIFICADO,HOMEM CIS,"Rua 191, COHAB - Recife/PE",False
FC-00099,COHAB,34,08/10/2022 19:40:52,-8.067079,-34.902301,ROUBO,NAO IDENTIFICADO,HOMEM CIS,"Rua 359, COHAB - Recife/PE",False
FC-00100,IPUTINGA,33,04/08/2021 02:56:34,-8.025561,-34.891111,BRIGA,NAO IDENTIFICADO,HOMEM CIS,"Rua 233, IPUTINGA - Recife/PE",False
FC-00101,CORDOARIA,20,05/12/2023 22:41:06,-8.059681,-34.870758,DISPARO,PRETA,MULHER CIS,"Rua 316, CORDOARIA - Recife/PE",False
FC-00102,ESTACAO,40,28/04/2022 14:43:23,-8.053063,-34.870648,DISPARO,NAO IDENTIFICADO,MULHER CIS,"Rua 331, ESTACAO - Recife/PE",False
FC-00103,CORDOARIA,45,03/08/2024 20:41:40,-8.059775,-34.871359,HOMICIDIO/TENTATIVA,NAO IDENTIFICADO,HOMEM CIS,"Rua 11, CORDOARIA - Recife/PE",False
FC-00104,IBURA,27,07/09/2020 18:52:55,-8.082653,-34.888704,AMEACA,AMARELA,HOMEM CIS,"Rua 397, IBURA - Recife/PE",False
FC-00105,VARZEA,43,18/03/2019 09:11:07,-8.032559,-34.911084,ROUBO,NAO IDENTIFICADO,MULHER CIS,"Rua 14, VARZEA - Recife/PE",False
FC-00106,COHAB,30,02/05/2018 03:26:33,-8.062954,-34.905931,DISPARO,PARDA,HOMEM CIS,"Rua 33, COHAB - Recife/PE",False
FC-00107,SAN MARTIN,33,02/10/2022 20:58:55,-8.04039,-34.877709,HOMICIDIO/TENTATIVA,NAO IDENTIFICADO,HOMEM CIS,"Rua 155, SAN MARTIN - Recife/PE",False
FC-00108,SAN MARTIN,40,04/11/2021 17:58:28,-8.042455,-34.871723,DISPARO,NAO IDENTIFICADO,MULHER CIS,"Rua 42, SAN MARTIN - Recife/PE",False
FC-00109,IPUTINGA,17,11/12/2023 14:38:33,-8.031643,-34.889526,TIRO,NAO IDENTIFICADO,HOMEM CIS,"Rua 259, IPUTINGA - Recife/PE",False
FC-00110,BREJO DA GUARDEIRA,39,24/09/2023 21:27:28,-8.068128,-34.898115,ROUBO,PRETA,HOMEM CIS,"Rua 212, BREJO DA GUARDEIRA - Recife/PE",False
FC-00111,IPUTINGA,29,09/11/2021 14:09:43,-8.030692,-34.892773,HOMICIDIO/TENTATIVA,NAO IDENTIFICADO,HOMEM CIS,"Rua 35, IPUTINGA - Recife/PE",False
FC-00112,COHAB,21,18/03/2021 01:35:35,-8.062075,-34.905441,TIRO,NAO IDENTIFICADO,HOMEM CIS,"Rua 63, COHAB - Recife/PE",False
FC-00113,ESTACAO,20,10/01/2025 19:22:06,-8.053964,-34.869761,DISPARO,BRANCA,MULHER CIS,"Rua 109, ESTACAO - Recife/PE",False
FC-00114,VARZEA,23,25/02/2022 10:14:51,-8.037467,-34.914269,DISPARO,PARDA,HOMEM CIS,"Rua 288, VARZEA - Recife/PE",False
FC-00115,GRACO,32,27/11/2018 20:01:11,-8.044521,-34.871413,TIRO,PRETA,HOMEM CIS,"Rua 391, GRACO - Recife/PE",False
FC-00116,IPUTINGA,32,03/07/2022 03:40:01,-8.032344,-34.897222,ROUBO,NAO IDENTIFICADO,HOMEM CIS,"Rua 272, IPUTINGA - Recife/PE",False
FC-00117,VARZEA,21,20/10/2024 02:03:09,-8.03564,-34.914067,DISPARO,NAO IDENTIFICADO,HOMEM CIS,"Rua 317, VARZEA - Recife/PE",False
FC-00118,IBURA,47,09/07/2023 06:32:07,-8.079427,-34.89248,DISPARO,NAO IDENTIFICADO,HOMEM CIS,"Rua 57, IBURA - Recife/PE",False
FC-00119,IPUTINGA,29,20/07/2018 01:13:19,-8.031008,-34.893056,TIRO,NAO IDENTIFICADO,HOMEM CIS,"Rua 393, IPUTINGA - Recife/PE",False
FC-00120,VARZEA,26,05/03/2024 14:45:14,-8.034032,-34.917482,HOMICIDIO/TENTATIVA,NAO IDENTIFICADO,HOMEM CIS,"Rua 427, VARZEA - Recife/PE",False
FC-00121,SANTO AMARO,36,03/08/2022 21:36:27,-8.053402,-34.870326,TIRO,NAO IDENTIFICADO,HOMEM CIS,"Rua 364, SANTO AMARO - Recife/PE",False
FC-00122,VASCO DA GAMA,34,15/10/2019 21:58:23,-8.05293,-34.881204,BRIGA,NAO IDENTIFICADO,HOMEM CIS,"Rua 433, VASCO DA GAMA - Recife/PE",False
FC-00123,COHAB,32,11/12/2025 06:49:10,-8.064962,-34.904707,HOMICIDIO/TENTATIVA,NAO IDENTIFICADO,HOMEM CIS,"Rua 325, COHAB - Recife/PE",False
FC-00124,COHAB,20,27/11/2024 03:06:09,-8.064926,-34.903506,HOMICIDIO/TENTATIVA,BRANCA,HOMEM CIS,"Rua 89, COHAB - Recife/PE",False
FC-00125,BREJO DA GUARDEIRA,47,15/08/2024 21:48:37,-8.067122,-34.89354,HOMICIDIO/TENTATIVA,PRETA,HOMEM CIS,"Rua 474, BREJO DA GUARDEIRA - Recife/PE",False
FC-00126,CURADO,20,05/06/2025 15:30:28,-8.067383,-34.90945,HOMICIDIO/TENTATIVA,AMARELA,HOMEM CIS,"Rua 408, CURADO - Recife/PE",False
FC-00127,NOVA DESCOBERTA,56,12/01/2022 21:04:41,-8.017425,-34.867519,HOMICIDIO/TENTATIVA,NAO IDENTIFICADO,HOMEM CIS,"Rua 438, NOVA DESCOBERTA - Recife/PE",False
FC-00128,COHAB,22,02/12/2025 16:51:36,-8.071372,-34.906577,DISPARO,NAO IDENTIFICADO,HOMEM CIS,"Rua 165, COHAB - Recife/PE",False
FC-00129,BREJO DA GUARDEIRA,20,23/06/2024 02:41:11,-8.069549,-34.898975,DISPARO,BRANCA,HOMEM CIS,"Rua 363, BREJO DA GUARDEIRA - Recife/PE",True
FC-00130,SAN MARTIN,52,13/05/2021 15:21:43,-8.037149,-34.879731,HOMICIDIO/TENTATIVA,NAO IDENTIFICADO,HOMEM CIS,"Rua 405, SAN MARTIN - Recife/PE",False
FC-00131,VASCO DA GAMA,19,24/05/2021 21:58:38,-8.053524,-34.883961,DISPARO,NAO IDENTIFICADO,HOMEM CIS,"Rua 171, VASCO DA GAMA - Recife/PE",False
FC-00132,COHAB,51,13/11/2023 03:45:05,-8.061462,-34.906408,HOMICIDIO/TENTATIVA,BRANCA,HOMEM CIS,"Rua 193, COHAB - Recife/PE",False
FC-00133,VASCO DA GAMA,10,17/11/2025 02:42:27,-8.050938,-34.880344,TIRO,NAO IDENTIFICADO,HOMEM CIS,"Rua 10, VASCO DA GAMA - Recife/PE",False
FC-00134,CORDOARIA,44,05/04/2022 03:18:54,-8.062783,-34.874798,BRIGA,NAO IDENTIFICADO,HOMEM CIS,"Rua 260, CORDOARIA - Recife/PE",False
FC-00135,TOTOS,32,05/10/2021 19:09:10,-8.037859,-34.86635,HOMICIDIO/TENTATIVA,PARDA,MULHER CIS,"Rua 355, TOTOS - Recife/PE",False
FC-00136,TOTOS,37,24/11/2021 07:28:39,-8.041203,-34.865427,DISPARO,NAO IDENTIFICADO,HOMEM CIS,"Rua 384, TOTOS - Recife/PE",False
FC-00137,POCO DA PANELA,31,12/04/2024 20:36:28,-8.033457,-34.859865,BRIGA,NAO IDENTIFICADO,HOMEM CIS,"Rua 145, POCO DA PANELA - Recife/PE",False
FC-00138,TOTOS,16,05/10/2020 21:03:41,-8.042602,-34.861167,HOMICIDIO/TENTATIVA,NAO IDENTIFICADO,HOMEM CIS,"Rua 191, TOTOS - Recife/PE",False
FC-00139,MANGABEIRA,33,09/03/2020 16:32:09,-8.012245,-34.865347,ROUBO,PARDA,HOMEM CIS,"Rua 47, MANGABEIRA - Recife/PE",False
FC-00140,JAQUEIRA,31,13/01/2018 17:15:24,-8.034462,-34.867797,HOMICIDIO/TENTATIVA,NAO IDENTIFICADO,HOMEM CIS,"Rua 192, JAQUEIRA - Recife/PE",False
FC-00141,NOVA DESCOBERTA,54,05/03/2021 01:58:53,-8.009734,-34.865747,TIRO,NAO IDENTIFICADO,HOMEM CIS,"Rua 426, NOVA DESCOBERTA - Recife/PE",False
FC-00142,VARZEA,41,07/05/2018 21:35:46,-8.033064,-34.910894,HOMICIDIO/TENTATIVA,NAO IDENTIFICADO,HOMEM CIS,"Rua 217, VARZEA - Recife/PE",False
FC-00143,COHAB,18,15/10/2021 01:53:57,-8.062942,-34.901825,HOMICIDIO/TENTATIVA,NAO IDENTIFICADO,HOMEM CIS,"Rua 275, COHAB - Recife/PE",False
FC-00144,IBURA,10,12/10/2021 08:26:11,-8.08555,-34.898118,HOMICIDIO/TENTATIVA,NAO IDENTIFICADO,HOMEM CIS,"Rua 44, IBURA - Recife/PE",False
FC-00145,ALTO JOSE DO PINHO,26,18/09/2024 00:55:30,-8.017847,-34.880493,DISPARO,BRANCA,HOMEM CIS,"Rua 199, ALTO JOSE DO PINHO - Recife/PE",True
FC-00146,GRACO,30,22/12/2021 19:49:37,-8.038114,-34.87414,AMEACA,NAO IDENTIFICADO,HOMEM CIS,"Rua 171, GRACO - Recife/PE",False
FC-00147,COHAB,10,15/11/2024 23:30:40,-8.065167,-34.903848,TIRO,NAO IDENTIFICADO,HOMEM CIS,"Rua 70, COHAB - Recife/PE",False
FC-00148,IBURA,29,02/04/2018 12:19:32,-8.088202,-34.892267,HOMICIDIO/TENTATIVA,NAO IDENTIFICADO,HOMEM CIS,"Rua 418, IBURA - Recife/PE",False
FC-00149,MANGABEIRA,14,28/01/2021 19:17:07,-8.007991,-34.8689,HOMICIDIO/TENTATIVA,PARDA,HOMEM CIS,"Rua 224, MANGABEIRA - Recife/PE",False
FC-00150,CURADO,18,23/08/2025 17:59:51,-8.071542,-34.913178,DISPARO,PARDA,HOMEM CIS,"Rua 411, CURADO - Recife/PE",False
FC-00151,COHAB,29,11/05/2020 02:20:42,-8.062135,-34.907957,OUTRO,NAO IDENTIFICADO,HOMEM CIS,"Rua 229, COHAB - Recife/PE",False
FC-00152,BREJO DA GUARDEIRA,36,20/06/2018 23:17:40,-8.071591,-34.902379,DISPARO,PRETA,HOMEM CIS,"Rua 486, BREJO DA GUARDEIRA - Recife/PE",False
FC-00153,IBURA,28,01/03/2024 03:38:43,-8.085106,-34.893661,DISPARO,NAO IDENTIFICADO,HOMEM CIS,"Rua 18, IBURA - Recife/PE",False
FC-00154,COHAB,15,20/01/2025 03:28:23,-8.059106,-34.904894,DISPARO,PRETA,HOMEM CIS,"Rua 391, COHAB - Recife/PE",False
FC-00155,COHAB,21,01/02/2020 21:31:33,-8.064358,-34.905337,HOMICIDIO/TENTATIVA,NAO IDENTIFICADO,HOMEM CIS,"Rua 288, COHAB - Recife/PE",False
FC-00156,COHAB,27,16/12/2023 05:08:54,-8.063157,-34.902727,HOMICIDIO/TENTATIVA,PRETA,HOMEM CIS,"Rua 89, COHAB - Recife/PE",False
FC-00157,CURADO,23,22/06/2024 13:04:35,-8.071727,-34.910825,TIRO,NAO IDENTIFICADO,HOMEM CIS,"Rua 457, CURADO - Recife/PE",False
FC-00158,IPUTINGA,10,17/06/2019 06:12:50,-8.032546,-34.888899,TIRO,PRETA,HOMEM CIS,"Rua 405, IPUTINGA - Recife/PE",False
FC-00159,ALTO JOSE DO PINHO,49,20/03/2025 22:04:19,-8.020747,-34.88327,DISPARO,PRETA,HOMEM CIS,"Rua 368, ALTO JOSE DO PINHO - Recife/PE",False
FC-00160,AFLITOS,33,21/06/2018 02:29:43,-8.035763,-34.868641,AMEACA,PARDA,HOMEM CIS,"Rua 66, AFLITOS - Recife/PE",False
FC-00161,CURADO,28,17/07/2025 22:03:53,-8.072867,-34.914819,HOMICIDIO/TENTATIVA,PRETA,HOMEM CIS,"Rua 79, CURADO - Recife/PE",False
FC-00162,IPUTINGA,32,10/09/2025 21:16:12,-8.030269,-34.897267,HOMICIDIO/TENTATIVA,BRANCA,HOMEM CIS,"Rua 283, IPUTINGA - Recife/PE",False
FC-00163,NOVA DESCOBERTA,22,19/10/2023 03:42:39,-8.018245,-34.859939,HOMICIDIO/TENTATIVA,PRETA,HOMEM CIS,"Rua 310, NOVA DESCOBERTA - Recife/PE",False
FC-00164,IPUTINGA,44,25/11/2019 18:41:13,-8.028024,-34.88856,ROUBO,NAO IDENTIFICADO,MULHER CIS,"Rua 214, IPUTINGA - Recife/PE",False
FC-00165,BREJO DA GUARDEIRA,30,16/05/2023 08:51:43,-8.072584,-34.895431,DISPARO,PARDA,HOMEM CIS,"Rua 233, BREJO DA GUARDEIRA - Recife/PE",False
FC-00166,COHAB,36,05/10/2020 12:45:20,-8.068112,-34.905571,DISPARO,NAO IDENTIFICADO,HOMEM CIS,"Rua 441, COHAB - Recife/PE",False
FC-00167,IPUTINGA,19,15/04/2019 03:28:15,-8.032148,-34.890221,DISPARO,PARDA,HOMEM CIS,"Rua 26, IPUTINGA - Recife/PE",False
FC-00168,IPUTINGA,52,27/03/2025 12:36:46,-8.032196,-34.891311,HOMICIDIO/TENTATIVA,PRETA,HOMEM CIS,"Rua 391, IPUTINGA - Recife/PE",False
FC-00169,VARZEA,21,13/02/2022 17:15:13,-8.036461,-34.916777,ROUBO,NAO IDENTIFICADO,NAO IDENTIFICADO,"Rua 25, VARZEA - Recife/PE",False
FC-00170,IBURA,19,01/09/2022 21:27:08,-8.081854,-34.894493,TIRO,PARDA,HOMEM CIS,"Rua 373, IBURA - Recife/PE",False
FC-00171,CORDOARIA,33,18/06/2022 11:24:32,-8.058151,-34.873717,HOMICIDIO/TENTATIVA,NAO IDENTIFICADO,HOMEM CIS,"Rua 282, CORDOARIA - Recife/PE",False
FC-00172,NOVA DESCOBERTA,18,12/07/2025 21:21:35,-8.01673,-34.862734,HOMICIDIO/TENTATIVA,PRETA,NAO IDENTIFICADO,"Rua 387, NOVA DESCOBERTA - Recife/PE",False
FC-00173,VARZEA,36,11/12/2018 21:33:29,-8.037933,-34.914702,HOMICIDIO/TENTATIVA,NAO IDENTIFICADO,HOMEM CIS,"Rua 458, VARZEA - Recife/PE",False
FC-00174,ALTO JOSE DO PINHO,39,27/12/2025 11:21:32,-8.025008,-34.88337,HOMICIDIO/TENTATIVA,PRETA,HOMEM CIS,"Rua 273, ALTO JOSE DO PINHO - Recife/PE",False
FC-00175,ALTO JOSE DO PINHO,22,14/02/2021 18:50:57,-8.018288,-34.88729,HOMICIDIO/TENTATIVA,NAO IDENTIFICADO,HOMEM CIS,"Rua 353, ALTO JOSE DO PINHO - Recife/PE",False
FC-00176,VASCO DA GAMA,10,19/10/2025 06:03:37,-8.059883,-34.879856,TIRO,NAO IDENTIFICADO,HOMEM CIS,"Rua 269, VASCO DA GAMA - Recife/PE",False
FC-00177,VASCO DA GAMA,33,19/01/2023 22:07:12,-8.057713,-34.878084,HOMICIDIO/TENTATIVA,PARDA,HOMEM CIS,"Rua 161, VASCO DA GAMA - Recife/PE",True
FC-00178,ESTACAO,10,28/08/2023 21:46:03,-8.053198,-34.874633,DISPARO,NAO IDENTIFICADO,HOMEM CIS,"Rua 266, ESTACAO - Recife/PE",False
FC-00179,VARZEA,22,15/03/2021 22:21:34,-8.034858,-34.917581,DISPARO,PRETA,HOMEM CIS,"Rua 396, VARZEA - Recife/PE",False
FC-00180,CURADO,25,09/04/2022 18:14:19,-8.066981,-34.911731,HOMICIDIO/TENTATIVA,PARDA,HOMEM CIS,"Rua 361, CURADO - Recife/PE",False
FC-00181,VARZEA,40,09/12/2025 11:36:43,-8.038389,-34.913411,HOMICIDIO/TENTATIVA,NAO IDENTIFICADO,HOMEM CIS,"Rua 459, VARZEA - Recife/PE",False
FC-00182,GRACO,47,23/05/2020 02:59:28,-8.050415,-34.872391,AMEACA,BRANCA,HOMEM CIS,"Rua 383, GRACO - Recife/PE",False
FC-00183,SAN MARTIN,36,04/03/2023 19:37:15,-8.040609,-34.876887,BRIGA,NAO IDENTIFICADO,HOMEM CIS,"Rua 343, SAN MARTIN - Recife/PE",False
FC-00184,CURADO,22,04/08/2021 20:08:00,-8.06974,-34.910467,HOMICIDIO/TENTATIVA,NAO IDENTIFICADO,HOMEM CIS,"Rua 476, CURADO - Recife/PE",False
FC-00185,VARZEA,44,11/05/2023 11:03:58,-8.034237,-34.913987,DISPARO,PARDA,HOMEM CIS,"Rua 334, VARZEA - Recife/PE",False
FC-00186,MANGABEIRA,25,14/03/2025 22:11:59,-8.011463,-34.871298,BRIGA,PRETA,HOMEM CIS,"Rua 429, MANGABEIRA - Recife/PE",False
FC-00187,CORDOARIA,34,01/01/2025 11:38:06,-8.059263,-34.872131,BRIGA,BRANCA,HOMEM CIS,"Rua 172, CORDOARIA - Recife/PE",False
FC-00188,IPUTINGA,48,15/09/2025 10:51:07,-8.025387,-34.893978,DISPARO,NAO IDENTIFICADO,NAO IDENTIFICADO,"Rua 375, IPUTINGA - Recife/PE",False
FC-00189,SAN MARTIN,44,22/10/2024 21:11:39,-8.041224,-34.884114,TIRO,NAO IDENTIFICADO,HOMEM CIS,"Rua 460, SAN MARTIN - Recife/PE",False
FC-00190,ESTACAO,17,16/03/2019 12:15:00,-8.058612,-34.872055,DISPARO,NAO IDENTIFICADO,HOMEM CIS,"Rua 121, ESTACAO - Recife/PE",False
FC-00191,SAN MARTIN,30,21/05/2023 13:15:03,-8.034971,-34.877019,DISPARO,NAO IDENTIFICADO,HOMEM CIS,"Rua 239, SAN MARTIN - Recife/PE",False
FC-00192,IPUTINGA,27,23/05/2023 02:58:18,-8.025512,-34.899633,ROUBO,NAO IDENTIFICADO,HOMEM CIS,"Rua 114, IPUTINGA - Recife/PE",False
FC-00193,NOVA DESCOBERTA,32,23/07/2023 18:30:48,-8.012687,-34.869436,TIRO,NAO IDENTIFICADO,HOMEM CIS,"Rua 341, NOVA DESCOBERTA - Recife/PE",False
FC-00194,CASA AMARELA,43,15/09/2024 17:23:04,-8.030985,-34.861246,DISPARO,PRETA,HOMEM CIS,"Rua 58, CASA AMARELA - Recife/PE",False
FC-00195,IBURA,37,28/06/2019 17:07:43,-8.075188,-34.891454,DISPARO,NAO IDENTIFICADO,HOMEM CIS,"Rua 299, IBURA - Recife/PE",False
FC-00196,ALTO JOSE DO PINHO,35,15/07/2019 18:35:29,-8.021378,-34.88755,HOMICIDIO/TENTATIVA,NAO IDENTIFICADO,MULHER CIS,"Rua 158, ALTO JOSE DO PINHO - Recife/PE",False
FC-00197,AFLITOS,39,14/01/2023 13:04:34,-8.047568,-34.871785,TIRO,PARDA,HOMEM CIS,"Rua 479, AFLITOS - Recife/PE",False
FC-00198,CURADO,23,25/03/2019 19:46:41,-8.068563,-34.908999,HOMICIDIO/TENTATIVA,NAO IDENTIFICADO,NAO IDENTIFICADO,"Rua 192, CURADO - Recife/PE",False
FC-00199,ROSARINHO,42,22/11/2021 21:08:41,-8.04153,-34.86581,ROUBO,PARDA,HOMEM CIS,"Rua 61, ROSARINHO - Recife/PE",False
FC-00200,VARZEA,18,25/01/2020 00:19:29,-8.036333,-34.913868,TIRO,NAO IDENTIFICADO,HOMEM CIS,"Rua 279, VARZEA - Recife/PE",False
FC-00201,ESTACAO,39,24/04/2019 21:02:51,-8.055766,-34.868391,DISPARO,NAO IDENTIFICADO,HOMEM CIS,"Rua 315, ESTACAO - Recife/PE",False
FC-00202,TOTOS,50,15/01/2019 19:45:55,-8.03676,-34.85937,HOMICIDIO/TENTATIVA,NAO IDENTIFICADO,MULHER CIS,"Rua 380, TOTOS - Recife/PE",True
FC-00203,IBURA,20,17/03/2024 23:14:52,-8.085734,-34.897336,AMEACA,NAO IDENTIFICADO,HOMEM CIS,"Rua 295, IBURA - Recife/PE",False
FC-00204,IPUTINGA,47,22/03/2021 17:26:19,-8.026037,-34.893167,HOMICIDIO/TENTATIVA,PRETA,HOMEM CIS,"Rua 286, IPUTINGA - Recife/PE",False
FC-00205,JAQUEIRA,35,02/08/2021 23:41:42,-8.041376,-34.860663,TIRO,BRANCA,MULHER CIS,"Rua 269, JAQUEIRA - Recife/PE",False
FC-00206,IPUTINGA,31,08/08/2024 21:19:54,-8.027672,-34.890823,DISPARO,NAO IDENTIFICADO,HOMEM CIS,"Rua 413, IPUTINGA - Recife/PE",False
FC-00207,SAN MARTIN,35,08/07/2022 09:21:41,-8.039328,-34.880371,DISPARO,NAO IDENTIFICADO,HOMEM CIS,"Rua 231, SAN MARTIN - Recife/PE",False
FC-00208,CAXANGA,35,20/11/2020 19:55:04,-8.019354,-34.915964,HOMICIDIO/TENTATIVA,PRETA,HOMEM CIS,"Rua 390, CAXANGA - Recife/PE",False
FC-00209,BREJO DA GUARDEIRA,49,01/05/2025 06:12:47,-8.071534,-34.902969,HOMICIDIO/TENTATIVA,NAO IDENTIFICADO,HOMEM CIS,"Rua 387, BREJO DA GUARDEIRA - Recife/PE",False
FC-00210,SAN MARTIN,28,11/09/2025 21:24:29,-8.039833,-34.874717,HOMICIDIO/TENTATIVA,PRETA,HOMEM CIS,"Rua 184, SAN MARTIN - Recife/PE",False
FC-00211,IPUTINGA,10,16/12/2024 21:20:58,-8.023411,-34.893474,DISPARO,PARDA,HOMEM CIS,"Rua 161, IPUTINGA - Recife/PE",False
FC-00212,ESTACAO,24,19/10/2020 20:18:09,-8.056036,-34.875965,HOMICIDIO/TENTATIVA,NAO IDENTIFICADO,HOMEM CIS,"Rua 118, ESTACAO - Recife/PE",False
FC-00213,CORDOARIA,43,25/05/2023 21:46:41,-8.05778,-34.87687,TIRO,NAO IDENTIFICADO,MULHER CIS,"Rua 236, CORDOARIA - Recife/PE",False
FC-00214,VARZEA,14,21/09/2022 23:33:02,-8.036007,-34.909993,TIRO,NAO IDENTIFICADO,HOMEM CIS,"Rua 39, VARZEA - Recife/PE",False
FC-00215,JARDIM SAO PAULO,26,03/04/2024 20:00:13,-8.009509,-34.855737,DISPARO,PARDA,HOMEM CIS,"Rua 192, JARDIM SAO PAULO - Recife/PE",False
FC-00216,IBURA,26,01/01/2023 18:26:00,-8.090091,-34.892163,ROUBO,BRANCA,HOMEM CIS,"Rua 370, IBURA - Recife/PE",True
FC-00217,NOVA DESCOBERTA,25,04/03/2023 22:33:09,-8.012911,-34.859453,AMEACA,NAO IDENTIFICADO,NAO IDENTIFICADO,"Rua 318, NOVA DESCOBERTA - Recife/PE",False
FC-00218,ALTO JOSE DO PINHO,43,15/07/2021 18:44:14,-8.020807,-34.88832,DISPARO,NAO IDENTIFICADO,HOMEM CIS,"Rua 424, ALTO JOSE DO PINHO - Recife/PE",False
FC-00219,CAXANGA,60,13/07/2019 18:03:40,-8.024822,-34.919958,AMEACA,PARDA,HOMEM CIS,"Rua 88, CAXANGA - Recife/PE",True
FC-00220,COHAB,31,17/02/2025 22:14:13,-8.064406,-34.905433,HOMICIDIO/TENTATIVA,PRETA,MULHER CIS,"Rua 355, COHAB - Recife/PE",False
FC-00221,CURADO,23,19/09/2025 19:11:59,-8.071641,-34.910098,HOMICIDIO/TENTATIVA,NAO IDENTIFICADO,HOMEM CIS,"Rua 9, CURADO - Recife/PE",False
FC-00222,JAQUEIRA,23,10/02/2021 04:15:36,-8.040139,-34.867681,TIRO,PARDA,HOMEM CIS,"Rua 200, JAQUEIRA - Recife/PE",False
FC-00223,SANTO AMARO,26,24/12/2024 02:47:22,-8.053488,-34.877953,TIRO,NAO IDENTIFICADO,HOMEM CIS,"Rua 224, SANTO AMARO - Recife/PE",True
FC-00224,NOVA DESCOBERTA,43,01/06/2023 19:50:28,-8.011262,-34.87122,TIRO,PRETA,HOMEM CIS,"Rua 183, NOVA DESCOBERTA - Recife/PE",False
FC-00225,MANGABEIRA,25,10/10/2021 21:45:04,-8.011114,-34.874223,DISPARO,NAO IDENTIFICADO,HOMEM CIS,"Rua 79, MANGABEIRA - Recife/PE",False
FC-00226,CORDOARIA,20,01/02/2021 22:28:23,-8.061332,-34.867743,DISPARO,NAO IDENTIFICADO,HOMEM CIS,"Rua 53, CORDOARIA - Recife/PE",False
FC-00227,COHAB,41,03/01/2021 13:05:38,-8.061185,-34.902835,DISPARO,NAO IDENTIFICADO,HOMEM CIS,"Rua 167, COHAB - Recife/PE",False
FC-00228,CURADO,16,08/09/2024 18:10:43,-8.071574,-34.908532,AMEACA,NAO IDENTIFICADO,HOMEM CIS,"Rua 72, CURADO - Recife/PE",False
FC-00229,NOVA DESCOBERTA,15,16/05/2020 21:23:16,-8.012861,-34.865721,HOMICIDIO/TENTATIVA,NAO IDENTIFICADO,HOMEM CIS,"Rua 370, NOVA DESCOBERTA - Recife/PE",False
FC-00230,VASCO DA GAMA,25,11/07/2021 21:24:51,-8.052867,-34.878667,HOMICIDIO/TENTATIVA,NAO IDENTIFICADO,HOMEM CIS,"Rua 226, VASCO DA GAMA - Recife/PE",False
FC-00231,IPUTINGA,25,20/06/2019 22:12:30,-8.024522,-34.896243,BRIGA,PARDA,HOMEM CIS,"Rua 494, IPUTINGA - Recife/PE",False
FC-00232,CORDOARIA,37,11/04/2025 14:52:50,-8.056221,-34.873929,TIRO,PRETA,HOMEM CIS,"Rua 59, CORDOARIA - Recife/PE",False
FC-00233,JARDIM SAO PAULO,33,24/01/2024 16:45:13,-8.008753,-34.852228,HOMICIDIO/TENTATIVA,AMARELA,HOMEM CIS,"Rua 150, JARDIM SAO PAULO - Recife/PE",False
FC-00234,CAXANGA,27,21/03/2023 12:16:42,-8.026568,-34.916853,AMEACA,PARDA,HOMEM CIS,"Rua 217, CAXANGA - Recife/PE",False
FC-00235,POCO DA PANELA,21,28/09/2021 20:34:02,-8.039225,-34.86667,DISPARO,AMARELA,HOMEM CIS,"Rua 185, POCO DA PANELA - Recife/PE",False
FC-00236,BOA VISTA,37,22/04/2019 20:10:41,-8.053841,-34.869736,ROUBO,PRETA,HOMEM CIS,"Rua 289, BOA VISTA - Recife/PE",False
FC-00237,ROSARINHO,10,04/07/2025 00:16:14,-8.034911,-34.864367,AMEACA,NAO IDENTIFICADO,HOMEM CIS,"Rua 266, ROSARINHO - Recife/PE",False
FC-00238,MANGABEIRA,28,19/11/2022 20:09:22,-8.011635,-34.868803,DISPARO,NAO IDENTIFICADO,HOMEM CIS,"Rua 248, MANGABEIRA - Recife/PE",False
FC-00239,COHAB,29,12/03/2025 12:29:50,-8.06169,-34.904657,HOMICIDIO/TENTATIVA,BRANCA,HOMEM CIS,"Rua 248, COHAB - Recife/PE",False
FC-00240,IPUTINGA,31,26/01/2018 20:01:54,-8.029091,-34.893171,DISPARO,PRETA,HOMEM CIS,"Rua 56, IPUTINGA - Recife/PE",False
FC-00241,SANTO AMARO,33,11/03/2019 18:29:14,-8.063131,-34.874045,HOMICIDIO/TENTATIVA,AMARELA,HOMEM CIS,"Rua 323, SANTO AMARO - Recife/PE",False
FC-00242,VARZEA,38,15/04/2023 19:24:00,-8.034487,-34.915552,HOMICIDIO/TENTATIVA,NAO IDENTIFICADO,HOMEM CIS,"Rua 106, VARZEA - Recife/PE",False
FC-00243,NOVA DESCOBERTA,30,06/09/2024 14:12:29,-8.013957,-34.866619,DISPARO,PARDA,HOMEM CIS,"Rua 344, NOVA DESCOBERTA - Recife/PE",False
FC-00244,CAXANGA,20,04/10/2023 13:54:29,-8.024412,-34.922935,DISPARO,PRETA,HOMEM CIS,"Rua 417, CAXANGA - Recife/PE",False
FC-00245,SANTO AMARO,34,04/06/2023 07:07:11,-8.063108,-34.866913,DISPARO,BRANCA,HOMEM CIS,"Rua 73, SANTO AMARO - Recife/PE",False
FC-00246,ALTO JOSE DO PINHO,35,18/11/2020 20:41:59,-8.019232,-34.882052,DISPARO,NAO IDENTIFICADO,HOMEM CIS,"Rua 285, ALTO JOSE DO PINHO - Recife/PE",False
FC-00247,VARZEA,49,01/06/2023 17:12:52,-8.031957,-34.920523,AMEACA,NAO IDENTIFICADO,HOMEM CIS,"Rua 288, VARZEA - Recife/PE",False
FC-00248,ALTO JOSE DO PINHO,14,06/08/2024 02:01:50,-8.021874,-34.884922,DISPARO,PRETA,HOMEM CIS,"Rua 150, ALTO JOSE DO PINHO - Recife/PE",False
FC-00249,IBURA,36,18/08/2022 17:36:07,-8.084177,-34.89144,AMEACA,NAO IDENTIFICADO,HOMEM CIS,"Rua 279, IBURA - Recife/PE",False
FC-00250,CASA AMARELA,20,07/09/2023 23:06:47,-8.033835,-34.86422,HOMICIDIO/TENTATIVA,PARDA,HOMEM CIS,"Rua 385, CASA AMARELA - Recife/PE",False
FC-00251,NOVA DESCOBERTA,19,15/02/2025 21:07:49,-8.019055,-34.867928,HOMICIDIO/TENTATIVA,NAO IDENTIFICADO,MULHER CIS,"Rua 108, NOVA DESCOBERTA - Recife/PE",False
FC-00252,CASA AMARELA,42,20/03/2023 03:13:52,-8.034848,-34.852103,TIRO,NAO IDENTIFICADO,HOMEM CIS,"Rua 31, CASA AMARELA - Recife/PE",False
FC-00253,MANGABEIRA,35,10/05/2025 18:54:32,-8.009445,-34.872575,HOMICIDIO/TENTATIVA,PRETA,HOMEM CIS,"Rua 348, MANGABEIRA - Recife/PE",False
FC-00254,CASA AMARELA,38,28/05/2018 19:44:55,-8.033727,-34.859634,DISPARO,PARDA,HOMEM CIS,"Rua 75, CASA AMARELA - Recife/PE",False
FC-00255,AFLITOS,67,21/10/2022 10:26:24,-8.045288,-34.868552,TIRO,PARDA,MULHER CIS,"Rua 325, AFLITOS - Recife/PE",False
FC-00256,POCO DA PANELA,21,15/06/2023 23:20:37,-8.035105,-34.856688,TIRO,NAO IDENTIFICADO,HOMEM CIS,"Rua 397, POCO DA PANELA - Recife/PE",True
FC-00257,CAXANGA,22,26/02/2023 18:13:27,-8.019563,-34.917877,TIRO,BRANCA,HOMEM CIS,"Rua 254, CAXANGA - Recife/PE",False
FC-00258,NOVA DESCOBERTA,24,26/08/2022 13:43:48,-8.013103,-34.862082,DISPARO,NAO IDENTIFICADO,MULHER CIS,"Rua 51, NOVA DESCOBERTA - Recife/PE",True
FC-00259,VASCO DA GAMA,40,01/08/2019 23:27:12,-8.059711,-34.882181,ROUBO,NAO IDENTIFICADO,MULHER CIS,"Rua 466, VASCO DA GAMA - Recife/PE",False
FC-00260,COHAB,27,12/11/2020 09:23:42,-8.065223,-34.903138,BRIGA,NAO IDENTIFICADO,HOMEM CIS,"Rua 85, COHAB - Recife/PE",False
FC-00261,IBURA,32,23/02/2021 02:13:30,-8.086006,-34.890859,AMEACA,PRETA,HOMEM CIS,"Rua 304, IBURA - Recife/PE",False
FC-00262,NOVA DESCOBERTA,37,23/07/2024 03:04:14,-8.013321,-34.861758,TIRO,NAO IDENTIFICADO,HOMEM CIS,"Rua 375, NOVA DESCOBERTA - Recife/PE",False
FC-00263,CASA AMARELA,40,21/03/2021 23:09:04,-8.030622,-34.86021,HOMICIDIO/TENTATIVA,NAO IDENTIFICADO,HOMEM CIS,"Rua 5, CASA AMARELA - Recife/PE",False
FC-00264,BREJO DA GUARDEIRA,10,20/07/2024 20:55:13,-8.068711,-34.899377,HOMICIDIO/TENTATIVA,NAO IDENTIFICADO,HOMEM CIS,"Rua 52, BREJO DA GUARDEIRA - Recife/PE",False
FC-00265,VARZEA,33,08/03/2021 10:05:15,-8.03883,-34.918243,DISPARO,PRETA,HOMEM CIS,"Rua 308, VARZEA - Recife/PE",False
FC-00266,AFLITOS,42,07/05/2024 17:32:12,-8.045119,-34.869955,HOMICIDIO/TENTATIVA,BRANCA,HOMEM CIS,"Rua 152, AFLITOS - Recife/PE",False
FC-00267,SANTO AMARO,30,16/04/2021 19:04:33,-8.057911,-34.867185,HOMICIDIO/TENTATIVA,PARDA,HOMEM CIS,"Rua 7, SANTO AMARO - Recife/PE",False
FC-00268,ROSARINHO,24,18/06/2022 20:48:30,-8.039712,-34.866387,ROUBO,NAO IDENTIFICADO,MULHER CIS,"Rua 395, ROSARINHO - Recife/PE",False
FC-00269,COHAB,24,17/07/2025 11:45:32,-8.065928,-34.904334,HOMICIDIO/TENTATIVA,NAO IDENTIFICADO,HOMEM CIS,"Rua 217, COHAB - Recife/PE",False
FC-00270,BOA VISTA,24,03/05/2020 17:13:51,-8.046233,-34.877684,TIRO,NAO IDENTIFICADO,HOMEM CIS,"Rua 168, BOA VISTA - Recife/PE",False
FC-00271,CORDOARIA,27,14/12/2018 20:54:15,-8.059319,-34.868659,TIRO,PARDA,HOMEM CIS,"Rua 45, CORDOARIA - Recife/PE",True
FC-00272,JARDIM SAO PAULO,32,24/11/2023 04:00:45,-8.001904,-34.859457,HOMICIDIO/TENTATIVA,PRETA,HOMEM CIS,"Rua 6, JARDIM SAO PAULO - Recife/PE",False
FC-00273,VARZEA,35,12/03/2024 03:49:55,-8.032331,-34.914753,AMEACA,NAO IDENTIFICADO,MULHER CIS,"Rua 454, VARZEA - Recife/PE",False
FC-00274,COHAB,46,23/05/2022 23:40:04,-8.066552,-34.900772,DISPARO,NAO IDENTIFICADO,MULHER CIS,"Rua 262, COHAB - Recife/PE",False
FC-00275,CORDOARIA,57,19/02/2020 20:07:14,-8.059089,-34.874337,DISPARO,PRETA,HOMEM CIS,"Rua 2, CORDOARIA - Recife/PE",False
FC-00276,IBURA,52,06/03/2021 22:54:02,-8.077261,-34.893569,DISPARO,NAO IDENTIFICADO,MULHER CIS,"Rua 468, IBURA - Recife/PE",False
FC-00277,AFLITOS,24,09/06/2025 21:36:23,-8.045845,-34.876033,HOMICIDIO/TENTATIVA,NAO IDENTIFICADO,HOMEM CIS,"Rua 345, AFLITOS - Recife/PE",False
FC-00278,CURADO,18,15/02/2025 21:49:54,-8.073012,-34.912303,OUTRO,PARDA,HOMEM CIS,"Rua 45, CURADO - Recife/PE",False
FC-00279,MANGABEIRA,29,08/10/2021 16:37:31,-8.009297,-34.865348,DISPARO,NAO IDENTIFICADO,HOMEM CIS,"Rua 398, MANGABEIRA - Recife/PE",False
FC-00280,VARZEA,18,01/07/2018 07:22:40,-8.032047,-34.915642,HOMICIDIO/TENTATIVA,PARDA,MULHER CIS,"Rua 450, VARZEA - Recife/PE",False
FC-00281,IBURA,29,04/05/2024 05:15:26,-8.079976,-34.895368,DISPARO,PARDA,HOMEM CIS,"Rua 31, IBURA - Recife/PE",False
FC-00282,GRACO,34,14/09/2020 20:23:29,-8.042501,-34.868523,HOMICIDIO/TENTATIVA,NAO IDENTIFICADO,HOMEM CIS,"Rua 44, GRACO - Recife/PE",False
FC-00283,MANGABEIRA,33,14/01/2023 20:08:15,-8.002634,-34.871913,DISPARO,PRETA,HOMEM CIS,"Rua 436, MANGABEIRA - Recife/PE",False
FC-00284,IPUTINGA,23,08/05/2021 02:12:08,-8.029869,-34.894666,TIRO,PRETA,HOMEM CIS,"Rua 300, IPUTINGA - Recife/PE",False
FC-00285,COHAB,22,25/06/2019 05:19:29,-8.061433,-34.900738,HOMICIDIO/TENTATIVA,NAO IDENTIFICADO,HOMEM CIS,"Rua 62, COHAB - Recife/PE",False
FC-00286,COHAB,23,27/04/2023 21:09:05,-8.067497,-34.903586,TIRO,NAO IDENTIFICADO,HOMEM CIS,"Rua 496, COHAB - Recife/PE",False
FC-00287,CORDOARIA,23,13/01/2025 21:35:47,-8.056101,-34.872391,HOMICIDIO/TENTATIVA,PRETA,HOMEM CIS,"Rua 49, CORDOARIA - Recife/PE",False
FC-00288,SAN MARTIN,11,05/04/2024 05:25:23,-8.035357,-34.872612,HOMICIDIO/TENTATIVA,NAO IDENTIFICADO,HOMEM CIS,"Rua 481, SAN MARTIN - Recife/PE",False
FC-00289,VASCO DA GAMA,22,07/02/2018 22:28:51,-8.056163,-34.879142,AMEACA,NAO IDENTIFICADO,HOMEM CIS,"Rua 464, VASCO DA GAMA - Recife/PE",False
FC-00290,CAXANGA,34,14/10/2018 21:25:31,-8.023024,-34.913969,BRIGA,NAO IDENTIFICADO,HOMEM CIS,"Rua 350, CAXANGA - Recife/PE",True
FC-00291,ESTACAO,27,02/03/2022 19:39:15,-8.055395,-34.875138,HOMICIDIO/TENTATIVA,BRANCA,HOMEM CIS,"Rua 256, ESTACAO - Recife/PE",False
FC-00292,ESTACAO,21,21/04/2019 22:33:15,-8.053099,-34.865616,HOMICIDIO/TENTATIVA,NAO IDENTIFICADO,HOMEM CIS,"Rua 411, ESTACAO - Recife/PE",False
FC-00293,MANGABEIRA,23,12/08/2022 22:32:20,-8.009329,-34.870049,TIRO,NAO IDENTIFICADO,HOMEM CIS,"Rua 93, MANGABEIRA - Recife/PE",False
FC-00294,IBURA,44,17/08/2020 13:37:14,-8.074419,-34.893593,AMEACA,NAO IDENTIFICADO,HOMEM CIS,"Rua 52, IBURA - Recife/PE",False
FC-00295,NOVA DESCOBERTA,24,19/04/2024 21:51:24,-8.011868,-34.862954,AMEACA,NAO IDENTIFICADO,HOMEM CIS,"Rua 430, NOVA DESCOBERTA - Recife/PE",False
FC-00296,ROSARINHO,52,19/06/2024 00:44:22,-8.038248,-34.866078,HOMICIDIO/TENTATIVA,NAO IDENTIFICADO,HOMEM CIS,"Rua 289, ROSARINHO - Recife/PE",False
FC-00297,VARZEA,40,10/09/2025 04:02:05,-8.031674,-34.912539,AMEACA,PARDA,MULHER CIS,"Rua 309, VARZEA - Recife/PE",True
FC-00298,NOVA DESCOBERTA,36,11/03/2020 20:58:51,-8.0118,-34.861492,ROUBO,NAO IDENTIFICADO,HOMEM CIS,"Rua 166, NOVA DESCOBERTA - Recife/PE",False
FC-00299,IBURA,46,28/09/2019 14:04:23,-8.080054,-34.892501,HOMICIDIO/TENTATIVA,PRETA,HOMEM CIS,"Rua 340, IBURA - Recife/PE",False
FC-00300,CORDOARIA,31,26/07/2019 19:31:41,-8.05438,-34.875451,HOMICIDIO/TENTATIVA,NAO IDENTIFICADO,HOMEM CIS,"Rua 363, CORDOARIA - Recife/PE",False
FC-00301,GRACO,34,27/10/2020 04:19:46,-8.04418,-34.869914,AMEACA,BRANCA,HOMEM CIS,"Rua 66, GRACO - Recife/PE",False
FC-00302,VARZEA,45,02/10/2024 04:20:58,-8.034427,-34.914861,DISPARO,PRETA,HOMEM CIS,"Rua 314, VARZEA - Recife/PE",False
FC-00303,NOVA DESCOBERTA,13,12/04/2024 23:10:40,-8.012761,-34.863064,HOMICIDIO/TENTATIVA,BRANCA,HOMEM CIS,"Rua 46, NOVA DESCOBERTA - Recife/PE",False
FC-00304,CASA AMARELA,55,08/04/2018 20:22:16,-8.032923,-34.859343,HOMICIDIO/TENTATIVA,PRETA,HOMEM CIS,"Rua 369, CASA AMARELA - Recife/PE",False
FC-00305,IBURA,32,13/08/2025 13:24:06,-8.077268,-34.892286,BRIGA,PRETA,HOMEM CIS,"Rua 404, IBURA - Recife/PE",False
FC-00306,CURADO,33,10/01/2018 00:16:06,-8.068176,-34.90944,HOMICIDIO/TENTATIVA,PRETA,HOMEM CIS,"Rua 88, CURADO - Recife/PE",False
FC-00307,CURADO,24,20/06/2025 23:57:30,-8.069418,-34.906779,BRIGA,NAO IDENTIFICADO,HOMEM CIS,"Rua 221, CURADO - Recife/PE",False
FC-00308,JARDIM SAO PAULO,17,07/04/2019 15:35:46,-8.004601,-34.8571,HOMICIDIO/TENTATIVA,PARDA,HOMEM CIS,"Rua 277, JARDIM SAO PAULO - Recife/PE",False
FC-00309,NOVA DESCOBERTA,44,05/08/2023 01:00:27,-8.01957,-34.866677,HOMICIDIO/TENTATIVA,NAO IDENTIFICADO,HOMEM CIS,"Rua 422, NOVA DESCOBERTA - Recife/PE",False
FC-00310,SANTO AMARO,34,03/05/2019 16:07:19,-8.053303,-34.870197,HOMICIDIO/TENTATIVA,NAO IDENTIFICADO,HOMEM CIS,"Rua 242, SANTO AMARO - Recife/PE",False
FC-00311,ALTO JOSE DO PINHO,23,12/07/2020 04:02:16,-8.014357,-34.889344,DISPARO,NAO IDENTIFICADO,HOMEM CIS,"Rua 135, ALTO JOSE DO PINHO - Recife/PE",False
FC-00312,NOVA DESCOBERTA,10,22/02/2023 13:34:26,-8.01368,-34.866506,AMEACA,NAO IDENTIFICADO,HOMEM CIS,"Rua 302, NOVA DESCOBERTA - Recife/PE",False
FC-00313,NOVA DESCOBERTA,17,28/11/2025 22:36:56,-8.012875,-34.864269,DISPARO,NAO IDENTIFICADO,HOMEM CIS,"Rua 154, NOVA DESCOBERTA - Recife/PE",False
FC-00314,COHAB,24,22/10/2025 23:09:07,-8.068841,-34.902383,DISPARO,PRETA,MULHER CIS,"Rua 230, COHAB - Recife/PE",False
FC-00315,VARZEA,34,03/07/2019 23:27:12,-8.035298,-34.90946,AMEACA,BRANCA,NAO IDENTIFICADO,"Rua 322, VARZEA - Recife/PE",False
FC-00316,VARZEA,17,13/02/2024 18:35:20,-8.039577,-34.917076,TIRO,NAO IDENTIFICADO,HOMEM CIS,"Rua 267, VARZEA - Recife/PE",False
FC-00317,SAN MARTIN,31,04/07/2022 15:09:36,-8.03927,-34.878724,TIRO,PARDA,MULHER CIS,"Rua 389, SAN MARTIN - Recife/PE",False
FC-00318,GRACO,34,12/09/2024 21:16:24,-8.046755,-34.865669,AMEACA,NAO IDENTIFICADO,HOMEM CIS,"Rua 293, GRACO - Recife/PE",False
FC-00319,BREJO DA GUARDEIRA,29,13/12/2023 01:56:56,-8.066648,-34.898972,HOMICIDIO/TENTATIVA,NAO IDENTIFICADO,HOMEM CIS,"Rua 122, BREJO DA GUARDEIRA - Recife/PE",False
FC-00320,IBURA,35,10/05/2021 11:31:54,-8.080291,-34.890657,DISPARO,NAO IDENTIFICADO,HOMEM CIS,"Rua 51, IBURA - Recife/PE",False
FC-00321,GRACO,37,09/06/2024 20:38:41,-8.039013,-34.86941,TIRO,NAO IDENTIFICADO,HOMEM CIS,"Rua 227, GRACO - Recife/PE",False
FC-00322,VARZEA,41,17/01/2025 21:04:19,-8.035269,-34.91068,AMEACA,PRETA,MULHER CIS,"Rua 207, VARZEA - Recife/PE",False
FC-00323,COHAB,22,27/04/2020 01:02:29,-8.059597,-34.90512,HOMICIDIO/TENTATIVA,PARDA,MULHER CIS,"Rua 185, COHAB - Recife/PE",True
FC-00324,BOA VISTA,12,22/02/2023 01:23:31,-8.049616,-34.877043,DISPARO,PARDA,HOMEM CIS,"Rua 91, BOA VISTA - Recife/PE",False
FC-00325,JAQUEIRA,40,24/05/2024 21:05:18,-8.039958,-34.869339,HOMICIDIO/TENTATIVA,PRETA,HOMEM CIS,"Rua 26, JAQUEIRA - Recife/PE",True
FC-00326,VARZEA,10,07/11/2023 10:26:32,-8.036357,-34.922272,ROUBO,BRANCA,HOMEM CIS,"Rua 400, VARZEA - Recife/PE",True
FC-00327,GRACO,10,08/01/2019 09:51:19,-8.040719,-34.867643,HOMICIDIO/TENTATIVA,NAO IDENTIFICADO,HOMEM CIS,"Rua 364, GRACO - Recife/PE",False
FC-00328,VASCO DA GAMA,35,10/08/2020 20:52:39,-8.057901,-34.880143,HOMICIDIO/TENTATIVA,NAO IDENTIFICADO,HOMEM CIS,"Rua 53, VASCO DA GAMA - Recife/PE",False
FC-00329,IBURA,27,20/10/2022 11:43:06,-8.085475,-34.88749,AMEACA,BRANCA,NAO IDENTIFICADO,"Rua 173, IBURA - Recife/PE",False
FC-00330,ROSARINHO,40,10/11/2023 04:33:48,-8.040663,-34.864919,HOMICIDIO/TENTATIVA,PARDA,HOMEM CIS,"Rua 30, ROSARINHO - Recife/PE",False
FC-00331,CASA AMARELA,32,01/12/2023 19:18:16,-8.038125,-34.860742,TIRO,PRETA,HOMEM CIS,"Rua 208, CASA AMARELA - Recife/PE",False
FC-00332,CORDOARIA,21,23/12/2020 06:34:40,-8.061005,-34.873843,DISPARO,PRETA,HOMEM CIS,"Rua 465, CORDOARIA - Recife/PE",False
FC-00333,JARDIM SAO PAULO,51,06/09/2023 11:30:08,-8.003077,-34.856714,HOMICIDIO/TENTATIVA,NAO IDENTIFICADO,HOMEM CIS,"Rua 372, JARDIM SAO PAULO - Recife/PE",False
FC-00334,CASA AMARELA,36,08/02/2021 13:47:55,-8.027802,-34.857226,TIRO,NAO IDENTIFICADO,HOMEM CIS,"Rua 404, CASA AMARELA - Recife/PE",False
FC-00335,CURADO,30,28/01/2019 19:37:39,-8.071941,-34.907905,DISPARO,PRETA,HOMEM CIS,"Rua 456, CURADO - Recife/PE",False
FC-00336,VARZEA,34,05/03/2021 23:21:26,-8.032314,-34.913094,DISPARO,PRETA,HOMEM CIS,"Rua 458, VARZEA - Recife/PE",False
FC-00337,CURADO,42,11/08/2024 19:11:20,-8.071606,-34.906048,TIRO,NAO IDENTIFICADO,HOMEM CIS,"Rua 3, CURADO - Recife/PE",False
FC-00338,SAN MARTIN,32,05/02/2019 19:40:27,-8.033774,-34.880068,DISPARO,PARDA,HOMEM CIS,"Rua 495, SAN MARTIN - Recife/PE",False
FC-00339,SAN MARTIN,50,25/06/2025 21:12:01,-8.039406,-34.879954,TIRO,NAO IDENTIFICADO,HOMEM CIS,"Rua 321, SAN MARTIN - Recife/PE",False
FC-00340,AFLITOS,24,19/09/2019 12:04:52,-8.045961,-34.870728,HOMICIDIO/TENTATIVA,PARDA,HOMEM CIS,"Rua 486, AFLITOS - Recife/PE",True
FC-00341,IPUTINGA,36,11/03/2025 23:31:22,-8.029721,-34.893073,HOMICIDIO/TENTATIVA,PRETA,HOMEM CIS,"Rua 85, IPUTINGA - Recife/PE",False
FC-00342,JAQUEIRA,61,07/03/2024 21:37:32,-8.032817,-34.866691,HOMICIDIO/TENTATIVA,NAO IDENTIFICADO,MULHER CIS,"Rua 188, JAQUEIRA - Recife/PE",False
FC-00343,AFLITOS,30,02/10/2024 19:03:42,-8.04464,-34.870159,TIRO,NAO IDENTIFICADO,HOMEM CIS,"Rua 429, AFLITOS - Recife/PE",False
FC-00344,IBURA,17,23/08/2022 03:44:43,-8.082772,-34.897006,DISPARO,NAO IDENTIFICADO,HOMEM CIS,"Rua 155, IBURA - Recife/PE",False
FC-00345,ESTACAO,34,27/07/2023 22:32:46,-8.051058,-34.87245,TIRO,NAO IDENTIFICADO,HOMEM CIS,"Rua 145, ESTACAO - Recife/PE",False
FC-00346,COHAB,48,07/09/2020 13:26:18,-8.068677,-34.909393,HOMICIDIO/TENTATIVA,NAO IDENTIFICADO,HOMEM CIS,"Rua 281, COHAB - Recife/PE",False
FC-00347,ALTO JOSE DO PINHO,32,03/11/2018 22:53:36,-8.016859,-34.879948,HOMICIDIO/TENTATIVA,BRANCA,HOMEM CIS,"Rua 77, ALTO JOSE DO PINHO - Recife/PE",False
FC-00348,JAQUEIRA,24,08/11/2025 16:18:16,-8.034764,-34.868116,TIRO,NAO IDENTIFICADO,HOMEM CIS,"Rua 52, JAQUEIRA - Recife/PE",False
FC-00349,CASA AMARELA,29,24/07/2023 02:54:48,-8.029349,-34.858043,DISPARO,PARDA,MULHER CIS,"Rua 5, CASA AMARELA - Recife/PE",False
FC-00350,CAXANGA,11,09/10/2022 21:05:23,-8.02057,-34.91586,DISPARO,NAO IDENTIFICADO,HOMEM CIS,"Rua 94, CAXANGA - Recife/PE",False
FC-00351,COHAB,22,26/08/2023 15:56:51,-8.063813,-34.903518,AMEACA,NAO IDENTIFICADO,HOMEM CIS,"Rua 68, COHAB - Recife/PE",False
FC-00352,BOA VISTA,33,16/10/2021 21:43:28,-8.051651,-34.877015,HOMICIDIO/TENTATIVA,BRANCA,HOMEM CIS,"Rua 195, BOA VISTA - Recife/PE",False
FC-00353,TOTOS,29,16/03/2024 22:07:56,-8.034482,-34.863369,ROUBO,PARDA,HOMEM CIS,"Rua 24, TOTOS - Recife/PE",False
FC-00354,IBURA,25,19/12/2022 20:14:42,-8.079685,-34.900546,ROUBO,NAO IDENTIFICADO,HOMEM CIS,"Rua 266, IBURA - Recife/PE",False
FC-00355,ALTO JOSE DO PINHO,43,22/06/2020 20:24:09,-8.025219,-34.886087,TIRO,NAO IDENTIFICADO,HOMEM CIS,"Rua 286, ALTO JOSE DO PINHO - Recife/PE",False
FC-00356,CURADO,16,28/08/2022 17:10:04,-8.073884,-34.906518,BRIGA,NAO IDENTIFICADO,HOMEM CIS,"Rua 165, CURADO - Recife/PE",False
FC-00357,NOVA DESCOBERTA,23,27/07/2023 07:29:28,-8.01396,-34.865141,HOMICIDIO/TENTATIVA,NAO IDENTIFICADO,NAO IDENTIFICADO,"Rua 230, NOVA DESCOBERTA - Recife/PE",False
FC-00358,COHAB,35,04/01/2024 15:02:35,-8.06477,-34.908849,OUTRO,NAO IDENTIFICADO,HOMEM CIS,"Rua 423, COHAB - Recife/PE",False
FC-00359,COHAB,41,21/04/2022 20:21:23,-8.066481,-34.90967,HOMICIDIO/TENTATIVA,PRETA,HOMEM CIS,"Rua 419, COHAB - Recife/PE",False
FC-00360,NOVA DESCOBERTA,24,12/11/2022 20:07:06,-8.010498,-34.862449,TIRO,PRETA,HOMEM CIS,"Rua 114, NOVA DESCOBERTA - Recife/PE",False
FC-00361,IBURA,25,23/06/2022 02:57:10,-8.083048,-34.892965,AMEACA,PRETA,HOMEM CIS,"Rua 421, IBURA - Recife/PE",False
FC-00362,AFLITOS,54,07/07/2020 16:50:12,-8.043854,-34.87071,TIRO,NAO IDENTIFICADO,HOMEM CIS,"Rua 56, AFLITOS - Recife/PE",False
FC-00363,ESPINHEIRO,42,15/08/2019 19:32:08,-8.041284,-34.868777,TIRO,PRETA,HOMEM CIS,"Rua 3, ESPINHEIRO - Recife/PE",False
FC-00364,ALTO JOSE DO PINHO,27,25/09/2022 22:11:44,-8.020215,-34.885112,AMEACA,BRANCA,HOMEM CIS,"Rua 375, ALTO JOSE DO PINHO - Recife/PE",False
FC-00365,CASA AMARELA,38,14/07/2021 23:58:44,-8.031844,-34.857802,TIRO,PRETA,HOMEM CIS,"Rua 141, CASA AMARELA - Recife/PE",False
FC-00366,CORDOARIA,29,23/10/2019 22:32:19,-8.057764,-34.878995,AMEACA,NAO IDENTIFICADO,HOMEM CIS,"Rua 281, CORDOARIA - Recife/PE",False
FC-00367,CAXANGA,40,23/10/2020 11:22:58,-8.023961,-34.917006,TIRO,BRANCA,HOMEM CIS,"Rua 364, CAXANGA - Recife/PE",False
FC-00368,SANTO AMARO,8,25/02/2021 13:30:37,-8.051735,-34.870419,TIRO,NAO IDENTIFICADO,MULHER CIS,"Rua 342, SANTO AMARO - Recife/PE",False
FC-00369,AFLITOS,43,26/07/2025 00:06:01,-8.04812,-34.870162,DISPARO,PARDA,HOMEM CIS,"Rua 28, AFLITOS - Recife/PE",False
FC-00370,SANTO AMARO,17,05/05/2020 21:44:50,-8.059871,-34.864258,HOMICIDIO/TENTATIVA,PARDA,HOMEM CIS,"Rua 386, SANTO AMARO - Recife/PE",False
FC-00371,MANGABEIRA,27,28/09/2023 06:41:35,-8.009348,-34.86739,TIRO,NAO IDENTIFICADO,HOMEM CIS,"Rua 262, MANGABEIRA - Recife/PE",False
FC-00372,POCO DA PANELA,35,14/07/2025 23:43:20,-8.034549,-34.860905,TIRO,NAO IDENTIFICADO,HOMEM CIS,"Rua 28, POCO DA PANELA - Recife/PE",False
FC-00373,IBURA,58,21/04/2025 20:41:23,-8.082173,-34.891397,AMEACA,PRETA,HOMEM CIS,"Rua 280, IBURA - Recife/PE",False
FC-00374,ESPINHEIRO,42,03/11/2022 04:11:47,-8.038683,-34.864439,HOMICIDIO/TENTATIVA,PRETA,HOMEM CIS,"Rua 194, ESPINHEIRO - Recife/PE",False
FC-00375,IBURA,37,11/01/2024 16:59:09,-8.085429,-34.8871,HOMICIDIO/TENTATIVA,NAO IDENTIFICADO,HOMEM CIS,"Rua 476, IBURA - Recife/PE",True
FC-00376,IPUTINGA,16,26/08/2023 18:22:04,-8.027092,-34.895263,TIRO,BRANCA,HOMEM CIS,"Rua 163, IPUTINGA - Recife/PE",False
FC-00377,ALTO JOSE DO PINHO,31,18/09/2019 15:22:14,-8.019014,-34.884036,AMEACA,NAO IDENTIFICADO,MULHER CIS,"Rua 340, ALTO JOSE DO PINHO - Recife/PE",False
FC-00378,IPUTINGA,35,27/09/2022 21:41:00,-8.023159,-34.891639,AMEACA,NAO IDENTIFICADO,HOMEM CIS,"Rua 178, IPUTINGA - Recife/PE",False
FC-00379,SAN MARTIN,28,11/11/2025 14:50:07,-8.037108,-34.874432,TIRO,PRETA,MULHER CIS,"Rua 277, SAN MARTIN - Recife/PE",False
FC-00380,AFLITOS,15,15/09/2022 17:18:57,-8.043208,-34.869896,AMEACA,NAO IDENTIFICADO,HOMEM CIS,"Rua 165, AFLITOS - Recife/PE",False
FC-00381,ALTO JOSE DO PINHO,27,21/01/2022 01:42:40,-8.015873,-34.88545,BRIGA,NAO IDENTIFICADO,MULHER CIS,"Rua 443, ALTO JOSE DO PINHO - Recife/PE",False
FC-00382,BOA VISTA,33,25/12/2025 15:52:04,-8.050519,-34.874953,AMEACA,NAO IDENTIFICADO,MULHER CIS,"Rua 79, BOA VISTA - Recife/PE",False
FC-00383,IBURA,16,18/05/2019 02:52:14,-8.08632,-34.887216,HOMICIDIO/TENTATIVA,NAO IDENTIFICADO,HOMEM CIS,"Rua 209, IBURA - Recife/PE",False
FC-00384,CORDOARIA,19,01/09/2023 19:39:04,-8.060974,-34.87946,HOMICIDIO/TENTATIVA,NAO IDENTIFICADO,HOMEM CIS,"Rua 300, CORDOARIA - Recife/PE",False
FC-00385,IBURA,23,10/11/2020 19:18:48,-8.085969,-34.887074,DISPARO,NAO IDENTIFICADO,MULHER CIS,"Rua 196, IBURA - Recife/PE",False
FC-00386,CORDOARIA,42,26/07/2019 21:34:18,-8.060064,-34.866243,DISPARO,NAO IDENTIFICADO,HOMEM CIS,"Rua 74, CORDOARIA - Recife/PE",False
FC-00387,IPUTINGA,45,18/01/2023 21:09:07,-8.028974,-34.900498,ROUBO,BRANCA,MULHER CIS,"Rua 294, IPUTINGA - Recife/PE",True
FC-00388,BREJO DA GUARDEIRA,57,12/12/2024 06:57:41,-8.074169,-34.904936,HOMICIDIO/TENTATIVA,BRANCA,HOMEM CIS,"Rua 73, BREJO DA GUARDEIRA - Recife/PE",False
FC-00389,VARZEA,42,28/10/2020 01:48:59,-8.027681,-34.910847,HOMICIDIO/TENTATIVA,PARDA,HOMEM CIS,"Rua 282, VARZEA - Recife/PE",False
FC-00390,SAN MARTIN,36,19/12/2019 17:21:22,-8.038216,-34.87544,HOMICIDIO/TENTATIVA,NAO IDENTIFICADO,HOMEM CIS,"Rua 336, SAN MARTIN - Recife/PE",False
FC-00391,NOVA DESCOBERTA,39,20/06/2022 19:44:37,-8.014156,-34.864687,HOMICIDIO/TENTATIVA,NAO IDENTIFICADO,HOMEM CIS,"Rua 291, NOVA DESCOBERTA - Recife/PE",False
FC-00392,CORDOARIA,29,23/04/2020 21:27:17,-8.060262,-34.873842,HOMICIDIO/TENTATIVA,NAO IDENTIFICADO,HOMEM CIS,"Rua 69, CORDOARIA - Recife/PE",False
FC-00393,SANTO AMARO,10,18/08/2024 02:41:38,-8.058295,-34.872966,DISPARO,NAO IDENTIFICADO,HOMEM CIS,"Rua 144, SANTO AMARO - Recife/PE",False
FC-00394,CAXANGA,16,24/02/2025 02:01:54,-8.02446,-34.915824,HOMICIDIO/TENTATIVA,NAO IDENTIFICADO,HOMEM CIS,"Rua 16, CAXANGA - Recife/PE",False
FC-00395,CASA AMARELA,41,18/05/2018 22:34:30,-8.036712,-34.862969,HOMICIDIO/TENTATIVA,PARDA,HOMEM CIS,"Rua 77, CASA AMARELA - Recife/PE",False
FC-00396,CORDOARIA,41,17/08/2020 17:25:23,-8.060947,-34.873674,TIRO,PARDA,HOMEM CIS,"Rua 340, CORDOARIA - Recife/PE",False
FC-00397,NOVA DESCOBERTA,39,15/03/2024 03:36:36,-8.017905,-34.864684,TIRO,AMARELA,MULHER CIS,"Rua 496, NOVA DESCOBERTA - Recife/PE",False
FC-00398,VARZEA,13,03/04/2024 10:14:02,-8.036804,-34.914041,HOMICIDIO/TENTATIVA,BRANCA,HOMEM CIS,"Rua 266, VARZEA - Recife/PE",False
FC-00399,CURADO,10,11/11/2018 02:33:40,-8.068679,-34.910059,DISPARO,NAO IDENTIFICADO,HOMEM CIS,"Rua 428, CURADO - Recife/PE",False
FC-00400,ESPINHEIRO,36,21/10/2021 22:04:33,-8.041328,-34.863908,DISPARO,PRETA,HOMEM CIS,"Rua 499, ESPINHEIRO - Recife/PE",False
FC-00401,CURADO,31,20/08/2022 00:56:08,-8.071288,-34.909633,ROUBO,NAO IDENTIFICADO,HOMEM CIS,"Rua 118, CURADO - Recife/PE",False
FC-00402,COHAB,36,27/12/2021 02:14:26,-8.064853,-34.904878,HOMICIDIO/TENTATIVA,NAO IDENTIFICADO,HOMEM CIS,"Rua 369, COHAB - Recife/PE",False
FC-00403,COHAB,21,01/07/2023 08:08:36,-8.066989,-34.909208,DISPARO,NAO IDENTIFICADO,HOMEM CIS,"Rua 69, COHAB - Recife/PE",False
FC-00404,VASCO DA GAMA,50,17/03/2020 23:38:36,-8.058732,-34.882079,HOMICIDIO/TENTATIVA,PRETA,HOMEM CIS,"Rua 450, VASCO DA GAMA - Recife/PE",False
FC-00405,AFLITOS,21,28/08/2022 17:14:53,-8.042315,-34.872885,HOMICIDIO/TENTATIVA,NAO IDENTIFICADO,HOMEM CIS,"Rua 74, AFLITOS - Recife/PE",False
FC-00406,POCO DA PANELA,49,22/12/2020 13:29:38,-8.03702,-34.861163,TIRO,NAO IDENTIFICADO,MULHER CIS,"Rua 118, POCO DA PANELA - Recife/PE",False
FC-00407,CORDOARIA,19,14/11/2025 21:38:06,-8.051565,-34.876563,DISPARO,NAO IDENTIFICADO,HOMEM CIS,"Rua 462, CORDOARIA - Recife/PE",False
FC-00408,BREJO DA GUARDEIRA,33,22/08/2019 03:38:34,-8.068099,-34.898759,DISPARO,PARDA,HOMEM CIS,"Rua 460, BREJO DA GUARDEIRA - Recife/PE",False
FC-00409,JARDIM SAO PAULO,27,17/12/2025 15:51:30,-8.005389,-34.854869,DISPARO,NAO IDENTIFICADO,HOMEM CIS,"Rua 196, JARDIM SAO PAULO - Recife/PE",False
FC-00410,IPUTINGA,28,05/07/2023 09:49:14,-8.025108,-34.886368,AMEACA,BRANCA,HOMEM CIS,"Rua 43, IPUTINGA - Recife/PE",False
FC-00411,IPUTINGA,24,19/01/2023 17:33:00,-8.032109,-34.893265,HOMICIDIO/TENTATIVA,NAO IDENTIFICADO,MULHER CIS,"Rua 106, IPUTINGA - Recife/PE",False
FC-00412,BOA VISTA,60,09/05/2023 21:27:36,-8.052411,-34.870083,HOMICIDIO/TENTATIVA,NAO IDENTIFICADO,HOMEM CIS,"Rua 142, BOA VISTA - Recife/PE",False
FC-00413,ROSARINHO,50,12/03/2022 18:30:16,-8.041661,-34.863293,DISPARO,NAO IDENTIFICADO,HOMEM CIS,"Rua 296, ROSARINHO - Recife/PE",False
FC-00414,IPUTINGA,49,08/12/2023 16:44:10,-8.029137,-34.893611,ROUBO,PRETA,HOMEM CIS,"Rua 261, IPUTINGA - Recife/PE",False
FC-00415,ESTACAO,23,13/03/2023 23:00:51,-8.056044,-34.872948,TIRO,PRETA,HOMEM CIS,"Rua 75, ESTACAO - Recife/PE",False
FC-00416,SAN MARTIN,15,02/10/2021 20:59:25,-8.039898,-34.88031,HOMICIDIO/TENTATIVA,NAO IDENTIFICADO,HOMEM CIS,"Rua 267, SAN MARTIN - Recife/PE",False
FC-00417,IPUTINGA,35,15/08/2019 00:54:42,-8.032668,-34.892007,AMEACA,NAO IDENTIFICADO,MULHER CIS,"Rua 266, IPUTINGA - Recife/PE",False
FC-00418,IPUTINGA,40,22/03/2020 01:15:41,-8.033981,-34.891878,DISPARO,PRETA,HOMEM CIS,"Rua 81, IPUTINGA - Recife/PE",True
FC-00419,COHAB,44,17/04/2021 00:45:04,-8.068629,-34.899982,TIRO,NAO IDENTIFICADO,HOMEM CIS,"Rua 282, COHAB - Recife/PE",False
FC-00420,IPUTINGA,37,08/05/2025 19:12:29,-8.030115,-34.893167,HOMICIDIO/TENTATIVA,BRANCA,MULHER CIS,"Rua 295, IPUTINGA - Recife/PE",False
FC-00421,IBURA,36,04/06/2022 21:16:56,-8.081772,-34.890384,DISPARO,NAO IDENTIFICADO,HOMEM CIS,"Rua 407, IBURA - Recife/PE",False
FC-00422,MANGABEIRA,18,25/06/2024 16:29:57,-8.009492,-34.874241,DISPARO,BRANCA,HOMEM CIS,"Rua 15, MANGABEIRA - Recife/PE",False
FC-00423,ALTO JOSE DO PINHO,28,08/12/2020 21:26:22,-8.022712,-34.887207,AMEACA,NAO IDENTIFICADO,HOMEM CIS,"Rua 5, ALTO JOSE DO PINHO - Recife/PE",False
FC-00424,BOA VISTA,44,03/06/2024 18:11:30,-8.046726,-34.873173,DISPARO,NAO IDENTIFICADO,HOMEM CIS,"Rua 112, BOA VISTA - Recife/PE",False
FC-00425,CURADO,16,24/08/2025 05:47:15,-8.070949,-34.906361,TIRO,BRANCA,HOMEM CIS,"Rua 106, CURADO - Recife/PE",False
FC-00426,NOVA DESCOBERTA,33,03/02/2024 20:42:31,-8.008042,-34.86382,DISPARO,PARDA,MULHER CIS,"Rua 392, NOVA DESCOBERTA - Recife/PE",False
FC-00427,CAXANGA,34,28/10/2021 10:11:48,-8.025927,-34.919599,DISPARO,PARDA,MULHER CIS,"Rua 144, CAXANGA - Recife/PE",False
FC-00428,CORDOARIA,28,02/09/2021 17:25:55,-8.055876,-34.87013,DISPARO,NAO IDENTIFICADO,HOMEM CIS,"Rua 90, CORDOARIA - Recife/PE",False
FC-00429,SAN MARTIN,20,07/11/2018 14:06:20,-8.043994,-34.883509,HOMICIDIO/TENTATIVA,NAO IDENTIFICADO,HOMEM CIS,"Rua 442, SAN MARTIN - Recife/PE",False
FC-00430,NOVA DESCOBERTA,36,06/06/2023 17:13:26,-8.01831,-34.871459,DISPARO,NAO IDENTIFICADO,HOMEM CIS,"Rua 191, NOVA DESCOBERTA - Recife/PE",False
FC-00431,CORDOARIA,34,08/11/2025 21:46:17,-8.050521,-34.873018,DISPARO,NAO IDENTIFICADO,HOMEM CIS,"Rua 285, CORDOARIA - Recife/PE",False
FC-00432,ESTACAO,40,06/01/2019 15:08:57,-8.052755,-34.871297,BRIGA,NAO IDENTIFICADO,HOMEM CIS,"Rua 265, ESTACAO - Recife/PE",False
FC-00433,ALTO JOSE DO PINHO,41,13/01/2024 02:10:03,-8.020871,-34.884198,HOMICIDIO/TENTATIVA,NAO IDENTIFICADO,HOMEM CIS,"Rua 131, ALTO JOSE DO PINHO - Recife/PE",False
FC-00434,SAN MARTIN,33,18/09/2021 22:16:22,-8.042004,-34.875024,HOMICIDIO/TENTATIVA,NAO IDENTIFICADO,HOMEM CIS,"Rua 63, SAN MARTIN - Recife/PE",True
FC-00435,IPUTINGA,27,06/09/2023 23:18:22,-8.030267,-34.89139,DISPARO,PRETA,HOMEM CIS,"Rua 262, IPUTINGA - Recife/PE",False
FC-00436,ALTO JOSE DO PINHO,19,05/11/2020 21:40:51,-8.019915,-34.885027,DISPARO,PARDA,HOMEM CIS,"Rua 216, ALTO JOSE DO PINHO - Recife/PE",False
FC-00437,VASCO DA GAMA,43,11/04/2019 12:18:45,-8.053576,-34.880075,HOMICIDIO/TENTATIVA,PARDA,HOMEM CIS,"Rua 331, VASCO DA GAMA - Recife/PE",False
FC-00438,CORDOARIA,43,15/09/2024 15:11:54,-8.053829,-34.871327,BRIGA,PARDA,MULHER CIS,"Rua 373, CORDOARIA - Recife/PE",True
FC-00439,NOVA DESCOBERTA,30,04/07/2020 02:59:56,-8.018936,-34.868195,TIRO,PRETA,HOMEM CIS,"Rua 28, NOVA DESCOBERTA - Recife/PE",False
FC-00440,IBURA,26,03/03/2020 19:56:24,-8.083829,-34.892561,HOMICIDIO/TENTATIVA,PARDA,HOMEM CIS,"Rua 127, IBURA - Recife/PE",False
FC-00441,ESPINHEIRO,30,22/01/2019 13:58:20,-8.040411,-34.868211,DISPARO,NAO IDENTIFICADO,HOMEM CIS,"Rua 240, ESPINHEIRO - Recife/PE",False
FC-00442,GRACO,35,18/12/2025 04:38:29,-8.042807,-34.875926,DISPARO,NAO IDENTIFICADO,HOMEM CIS,"Rua 326, GRACO - Recife/PE",False
FC-00443,CURADO,18,18/08/2025 06:05:28,-8.070432,-34.913629,DISPARO,PRETA,HOMEM CIS,"Rua 212, CURADO - Recife/PE",False
FC-00444,NOVA DESCOBERTA,37,10/06/2024 16:00:44,-8.010408,-34.861344,AMEACA,NAO IDENTIFICADO,HOMEM CIS,"Rua 485, NOVA DESCOBERTA - Recife/PE",False
FC-00445,ESPINHEIRO,27,18/01/2023 14:26:56,-8.037528,-34.867554,AMEACA,PARDA,HOMEM CIS,"Rua 203, ESPINHEIRO - Recife/PE",False
FC-00446,NOVA DESCOBERTA,25,14/02/2020 19:33:48,-8.01684,-34.865907,AMEACA,PRETA,HOMEM CIS,"Rua 314, NOVA DESCOBERTA - Recife/PE",False
FC-00447,CASA AMARELA,25,07/07/2024 21:11:08,-8.031489,-34.859518,TIRO,NAO IDENTIFICADO,HOMEM CIS,"Rua 327, CASA AMARELA - Recife/PE",False
FC-00448,SAN MARTIN,30,02/03/2021 23:01:11,-8.038689,-34.874428,DISPARO,PRETA,HOMEM CIS,"Rua 145, SAN MARTIN - Recife/PE",False
FC-00449,NOVA DESCOBERTA,41,07/08/2019 13:19:50,-8.019455,-34.872662,HOMICIDIO/TENTATIVA,PRETA,HOMEM CIS,"Rua 191, NOVA DESCOBERTA - Recife/PE",False
FC-00450,SAN MARTIN,41,09/01/2025 21:04:34,-8.044101,-34.878674,AMEACA,NAO IDENTIFICADO,HOMEM CIS,"Rua 99, SAN MARTIN - Recife/PE",False
FC-00451,CURADO,15,08/12/2025 14:28:15,-8.075406,-34.908376,HOMICIDIO/TENTATIVA,NAO IDENTIFICADO,HOMEM CIS,"Rua 18, CURADO - Recife/PE",False
FC-00452,VARZEA,39,22/07/2020 23:59:20,-8.03673,-34.922773,TIRO,NAO IDENTIFICADO,HOMEM CIS,"Rua 373, VARZEA - Recife/PE",False
FC-00453,IBURA,24,12/04/2023 22:55:42,-8.080825,-34.896437,HOMICIDIO/TENTATIVA,NAO IDENTIFICADO,MULHER CIS,"Rua 58, IBURA - Recife/PE",False
FC-00454,NOVA DESCOBERTA,32,26/07/2023 08:02:37,-8.015046,-34.863262,AMEACA,NAO IDENTIFICADO,HOMEM CIS,"Rua 244, NOVA DESCOBERTA - Recife/PE",False
FC-00455,BOA VISTA,31,20/11/2022 13:48:40,-8.052919,-34.87141,HOMICIDIO/TENTATIVA,PARDA,HOMEM CIS,"Rua 183, BOA VISTA - Recife/PE",False
FC-00456,VASCO DA GAMA,28,26/09/2020 19:22:51,-8.055082,-34.8828,HOMICIDIO/TENTATIVA,PARDA,HOMEM CIS,"Rua 376, VASCO DA GAMA - Recife/PE",False
FC-00457,VARZEA,24,23/08/2025 15:18:34,-8.037654,-34.915519,HOMICIDIO/TENTATIVA,NAO IDENTIFICADO,HOMEM CIS,"Rua 98, VARZEA - Recife/PE",False
FC-00458,MANGABEIRA,50,28/10/2025 18:04:33,-8.014116,-34.874841,DISPARO,NAO IDENTIFICADO,HOMEM CIS,"Rua 152, MANGABEIRA - Recife/PE",False
FC-00459,CASA AMARELA,47,06/12/2022 22:39:54,-8.032628,-34.862007,AMEACA,NAO IDENTIFICADO,HOMEM CIS,"Rua 318, CASA AMARELA - Recife/PE",False
FC-00460,NOVA DESCOBERTA,42,22/09/2021 17:35:09,-8.016817,-34.859522,DISPARO,PRETA,HOMEM CIS,"Rua 166, NOVA DESCOBERTA - Recife/PE",False
FC-00461,ESTACAO,38,06/03/2018 21:12:06,-8.054464,-34.864528,TIRO,NAO IDENTIFICADO,HOMEM CIS,"Rua 51, ESTACAO - Recife/PE",False
FC-00462,IBURA,22,09/10/2023 01:14:38,-8.079774,-34.891102,DISPARO,NAO IDENTIFICADO,HOMEM CIS,"Rua 7, IBURA - Recife/PE",False
FC-00463,JARDIM SAO PAULO,45,02/11/2018 14:47:56,-8.000315,-34.854904,ROUBO,NAO IDENTIFICADO,HOMEM CIS,"Rua 189, JARDIM SAO PAULO - Recife/PE",False
FC-00464,POCO DA PANELA,20,03/05/2024 22:33:06,-8.03362,-34.864033,DISPARO,PRETA,HOMEM CIS,"Rua 119, POCO DA PANELA - Recife/PE",False
FC-00465,ALTO JOSE DO PINHO,54,18/03/2023 21:26:47,-8.01959,-34.886096,HOMICIDIO/TENTATIVA,NAO IDENTIFICADO,HOMEM CIS,"Rua 327, ALTO JOSE DO PINHO - Recife/PE",False
FC-00466,MANGABEIRA,32,18/03/2019 15:21:42,-8.014041,-34.872915,DISPARO,PRETA,HOMEM CIS,"Rua 308, MANGABEIRA - Recife/PE",False
FC-00467,SAN MARTIN,44,14/06/2021 21:27:52,-8.041971,-34.881141,OUTRO,NAO IDENTIFICADO,HOMEM CIS,"Rua 312, SAN MARTIN - Recife/PE",False
FC-00468,NOVA DESCOBERTA,36,15/06/2024 16:25:00,-8.011443,-34.862843,DISPARO,NAO IDENTIFICADO,HOMEM CIS,"Rua 146, NOVA DESCOBERTA - Recife/PE",False
FC-00469,BREJO DA GUARDEIRA,41,07/04/2021 21:01:49,-8.07227,-34.904265,HOMICIDIO/TENTATIVA,AMARELA,HOMEM CIS,"Rua 354, BREJO DA GUARDEIRA - Recife/PE",False
FC-00470,CASA AMARELA,53,02/02/2023 16:09:08,-8.032968,-34.860752,DISPARO,NAO IDENTIFICADO,MULHER CIS,"Rua 456, CASA AMARELA - Recife/PE",False
FC-00471,BREJO DA GUARDEIRA,45,24/04/2021 02:20:50,-8.068331,-34.898632,HOMICIDIO/TENTATIVA,PARDA,HOMEM CIS,"Rua 250, BREJO DA GUARDEIRA - Recife/PE",False
FC-00472,CASA AMARELA,55,02/05/2023 21:36:24,-8.033931,-34.857216,ROUBO,PRETA,HOMEM CIS,"Rua 29, CASA AMARELA - Recife/PE",False
FC-00473,JARDIM SAO PAULO,30,28/02/2025 21:47:41,-8.004194,-34.850415,DISPARO,PARDA,HOMEM CIS,"Rua 476, JARDIM SAO PAULO - Recife/PE",False
FC-00474,IBURA,36,19/09/2018 03:32:44,-8.080385,-34.888782,HOMICIDIO/TENTATIVA,NAO IDENTIFICADO,HOMEM CIS,"Rua 26, IBURA - Recife/PE",False
FC-00475,SANTO AMARO,24,08/02/2023 15:50:25,-8.060518,-34.873134,AMEACA,BRANCA,NAO IDENTIFICADO,"Rua 173, SANTO AMARO - Recife/PE",False
FC-00476,COHAB,10,14/09/2019 21:08:48,-8.058831,-34.90831,DISPARO,NAO IDENTIFICADO,HOMEM CIS,"Rua 287, COHAB - Recife/PE",False
FC-00477,VARZEA,27,08/09/2025 08:17:49,-8.03583,-34.914078,DISPARO,PRETA,HOMEM CIS,"Rua 351, VARZEA - Recife/PE",False
FC-00478,JARDIM SAO PAULO,39,12/06/2021 19:01:49,-8.002419,-34.856749,DISPARO,PRETA,HOMEM CIS,"Rua 180, JARDIM SAO PAULO - Recife/PE",False
FC-00479,BREJO DA GUARDEIRA,26,07/04/2018 20:09:48,-8.069152,-34.900746,HOMICIDIO/TENTATIVA,NAO IDENTIFICADO,NAO IDENTIFICADO,"Rua 44, BREJO DA GUARDEIRA - Recife/PE",False
FC-00480,COHAB,49,01/05/2025 13:51:07,-8.063527,-34.902795,ROUBO,BRANCA,HOMEM CIS,"Rua 242, COHAB - Recife/PE",False
FC-00481,IBURA,37,18/05/2022 17:46:09,-8.07848,-34.891457,HOMICIDIO/TENTATIVA,NAO IDENTIFICADO,HOMEM CIS,"Rua 343, IBURA - Recife/PE",False
FC-00482,IBURA,14,07/05/2019 21:39:17,-8.080801,-34.893954,HOMICIDIO/TENTATIVA,PRETA,HOMEM CIS,"Rua 336, IBURA - Recife/PE",True
FC-00483,JARDIM SAO PAULO,23,28/06/2025 02:18:55,-8.003241,-34.851285,TIRO,PRETA,HOMEM CIS,"Rua 198, JARDIM SAO PAULO - Recife/PE",False
FC-00484,NOVA DESCOBERTA,30,18/10/2021 02:12:32,-8.014074,-34.859893,HOMICIDIO/TENTATIVA,BRANCA,HOMEM CIS,"Rua 288, NOVA DESCOBERTA - Recife/PE",False
FC-00485,JARDIM SAO PAULO,32,24/07/2021 03:22:43,-7.997195,-34.853303,DISPARO,NAO IDENTIFICADO,HOMEM CIS,"Rua 321, JARDIM SAO PAULO - Recife/PE",False
FC-00486,IPUTINGA,15,13/05/2018 22:52:01,-8.02574,-34.891857,HOMICIDIO/TENTATIVA,BRANCA,NAO IDENTIFICADO,"Rua 486, IPUTINGA - Recife/PE",False
FC-00487,NOVA DESCOBERTA,45,17/07/2019 23:39:55,-8.01298,-34.865415,TIRO,PARDA,HOMEM CIS,"Rua 117, NOVA DESCOBERTA - Recife/PE",False
FC-00488,ESTACAO,15,18/08/2023 03:41:08,-8.053627,-34.873552,HOMICIDIO/TENTATIVA,NAO IDENTIFICADO,HOMEM CIS,"Rua 351, ESTACAO - Recife/PE",False
FC-00489,CASA AMARELA,23,14/03/2022 23:49:09,-8.030234,-34.85499,TIRO,NAO IDENTIFICADO,MULHER CIS,"Rua 290, CASA AMARELA - Recife/PE",False
FC-00490,JARDIM SAO PAULO,34,27/06/2019 21:46:01,-8.008588,-34.853666,BRIGA,PRETA,HOMEM CIS,"Rua 451, JARDIM SAO PAULO - Recife/PE",False
FC-00491,GRACO,48,24/11/2024 10:49:12,-8.044829,-34.870402,TIRO,NAO IDENTIFICADO,MULHER CIS,"Rua 95, GRACO - Recife/PE",False
FC-00492,IBURA,28,08/10/2023 07:01:22,-8.084355,-34.890055,TIRO,PRETA,NAO IDENTIFICADO,"Rua 400, IBURA - Recife/PE",False
FC-00493,SAN MARTIN,28,16/07/2021 16:10:12,-8.038741,-34.880662,TIRO,PRETA,HOMEM CIS,"Rua 210, SAN MARTIN - Recife/PE",False
FC-00494,TOTOS,24,25/04/2024 05:11:59,-8.035833,-34.866118,DISPARO,NAO IDENTIFICADO,HOMEM CIS,"Rua 225, TOTOS - Recife/PE",False
FC-00495,CURADO,50,25/07/2020 01:47:52,-8.071199,-34.909326,DISPARO,NAO IDENTIFICADO,HOMEM CIS,"Rua 161, CURADO - Recife/PE",False
FC-00496,CORDOARIA,45,26/12/2023 01:06:28,-8.062255,-34.878282,DISPARO,PRETA,MULHER CIS,"Rua 450, CORDOARIA - Recife/PE",False
FC-00497,IBURA,15,13/09/2024 17:40:03,-8.078212,-34.893656,DISPARO,NAO IDENTIFICADO,NAO IDENTIFICADO,"Rua 226, IBURA - Recife/PE",False
FC-00498,CORDOARIA,60,02/10/2021 20:57:09,-8.059693,-34.872446,DISPARO,PARDA,HOMEM CIS,"Rua 331, CORDOARIA - Recife/PE",False
FC-00499,SAN MARTIN,48,18/12/2025 03:26:20,-8.033982,-34.871815,AMEACA,NAO IDENTIFICADO,HOMEM CIS,"Rua 92, SAN MARTIN - Recife/PE",False
FC-00500,SAN MARTIN,48,23/06/2019 19:45:50,-8.036928,-34.876222,ROUBO,PARDA,MULHER CIS,"Rua 376, SAN MARTIN - Recife/PE",False
FC-00501,COHAB,39,24/07/2022 21:32:39,-8.066654,-34.907455,DISPARO,NAO IDENTIFICADO,HOMEM CIS,"Rua 194, COHAB - Recife/PE",False
FC-00502,MANGABEIRA,29,06/03/2025 21:11:49,-8.010511,-34.87136,HOMICIDIO/TENTATIVA,NAO IDENTIFICADO,HOMEM CIS,"Rua 215, MANGABEIRA - Recife/PE",False
FC-00503,IPUTINGA,38,07/03/2020 00:48:16,-8.025134,-34.892735,HOMICIDIO/TENTATIVA,BRANCA,HOMEM CIS,"Rua 255, IPUTINGA - Recife/PE",True
FC-00504,CAXANGA,47,22/10/2020 16:26:28,-8.028425,-34.920581,ROUBO,NAO IDENTIFICADO,HOMEM CIS,"Rua 308, CAXANGA - Recife/PE",False
FC-00505,IBURA,21,02/04/2024 04:03:41,-8.0876,-34.892248,TIRO,NAO IDENTIFICADO,MULHER CIS,"Rua 75, IBURA - Recife/PE",False
FC-00506,CAXANGA,28,04/01/2025 15:11:10,-8.02046,-34.918108,HOMICIDIO/TENTATIVA,PARDA,HOMEM CIS,"Rua 313, CAXANGA - Recife/PE",False
FC-00507,SANTO AMARO,17,19/12/2025 14:02:05,-8.052438,-34.866337,DISPARO,PRETA,HOMEM CIS,"Rua 166, SANTO AMARO - Recife/PE",False
FC-00508,CORDOARIA,36,16/05/2022 03:44:55,-8.058679,-34.875878,DISPARO,NAO IDENTIFICADO,HOMEM CIS,"Rua 270, CORDOARIA - Recife/PE",False
FC-00509,ESTACAO,25,17/11/2023 23:30:46,-8.049734,-34.865346,HOMICIDIO/TENTATIVA,NAO IDENTIFICADO,HOMEM CIS,"Rua 479, ESTACAO - Recife/PE",False
FC-00510,POCO DA PANELA,48,20/10/2020 13:08:39,-8.036467,-34.865359,AMEACA,NAO IDENTIFICADO,HOMEM CIS,"Rua 267, POCO DA PANELA - Recife/PE",False
FC-00511,AFLITOS,31,07/05/2020 00:01:29,-8.050305,-34.87103,ROUBO,PARDA,HOMEM CIS,"Rua 61, AFLITOS - Recife/PE",False
FC-00512,ESPINHEIRO,28,18/06/2018 21:13:00,-8.043398,-34.872784,DISPARO,PRETA,HOMEM CIS,"Rua 354, ESPINHEIRO - Recife/PE",False
FC-00513,NOVA DESCOBERTA,36,04/01/2021 20:21:25,-8.016598,-34.86851,DISPARO,NAO IDENTIFICADO,HOMEM CIS,"Rua 316, NOVA DESCOBERTA - Recife/PE",False
FC-00514,JAQUEIRA,8,16/08/2025 21:41:08,-8.038083,-34.862683,AMEACA,NAO IDENTIFICADO,MULHER CIS,"Rua 322, JAQUEIRA - Recife/PE",False
FC-00515,SAN MARTIN,55,02/12/2024 21:19:36,-8.041371,-34.879807,DISPARO,PARDA,MULHER CIS,"Rua 162, SAN MARTIN - Recife/PE",False
FC-00516,MANGABEIRA,35,03/06/2025 23:17:53,-8.012995,-34.869095,HOMICIDIO/TENTATIVA,PRETA,HOMEM CIS,"Rua 193, MANGABEIRA - Recife/PE",True
FC-00517,VASCO DA GAMA,42,23/05/2023 21:45:02,-8.051319,-34.8803,DISPARO,PRETA,MULHER CIS,"Rua 45, VASCO DA GAMA - Recife/PE",False
FC-00518,ALTO JOSE DO PINHO,27,06/05/2020 02:50:02,-8.022634,-34.887481,BRIGA,NAO IDENTIFICADO,HOMEM CIS,"Rua 468, ALTO JOSE DO PINHO - Recife/PE",False
FC-00519,COHAB,27,16/06/2019 21:33:19,-8.063898,-34.902259,ROUBO,PARDA,HOMEM CIS,"Rua 74, COHAB - Recife/PE",False
FC-00520,TOTOS,20,24/04/2025 01:24:45,-8.033522,-34.865813,DISPARO,AMARELA,HOMEM CIS,"Rua 60, TOTOS - Recife/PE",False
FC-00521,IBURA,31,02/08/2019 02:49:42,-8.084242,-34.899273,DISPARO,PRETA,MULHER CIS,"Rua 12, IBURA - Recife/PE",False
FC-00522,MANGABEIRA,40,18/05/2020 12:28:42,-8.007789,-34.870844,HOMICIDIO/TENTATIVA,PARDA,HOMEM CIS,"Rua 77, MANGABEIRA - Recife/PE",False
FC-00523,VARZEA,30,12/09/2019 18:17:09,-8.033452,-34.919688,DISPARO,BRANCA,HOMEM CIS,"Rua 412, VARZEA - Recife/PE",False
FC-00524,IPUTINGA,23,02/08/2021 03:30:57,-8.025617,-34.896763,TIRO,NAO IDENTIFICADO,HOMEM CIS,"Rua 55, IPUTINGA - Recife/PE",False
FC-00525,CORDOARIA,33,27/11/2025 20:28:39,-8.06207,-34.871601,TIRO,NAO IDENTIFICADO,HOMEM CIS,"Rua 171, CORDOARIA - Recife/PE",False
FC-00526,CASA AMARELA,29,19/08/2025 03:52:51,-8.036845,-34.856506,DISPARO,PRETA,HOMEM CIS,"Rua 240, CASA AMARELA - Recife/PE",False
FC-00527,COHAB,21,05/04/2022 21:39:16,-8.067431,-34.904398,AMEACA,PRETA,HOMEM CIS,"Rua 201, COHAB - Recife/PE",False
FC-00528,VARZEA,48,01/08/2021 01:07:22,-8.038047,-34.914815,ROUBO,NAO IDENTIFICADO,MULHER CIS,"Rua 434, VARZEA - Recife/PE",False
FC-00529,VARZEA,35,26/12/2019 02:35:41,-8.032921,-34.914471,HOMICIDIO/TENTATIVA,PRETA,HOMEM CIS,"Rua 155, VARZEA - Recife/PE",False
FC-00530,ALTO JOSE DO PINHO,25,13/08/2022 01:13:52,-8.022483,-34.884742,TIRO,NAO IDENTIFICADO,HOMEM CIS,"Rua 221, ALTO JOSE DO PINHO - Recife/PE",False
FC-00531,POCO DA PANELA,17,22/11/2020 02:59:45,-8.043764,-34.86069,DISPARO,PARDA,HOMEM CIS,"Rua 250, POCO DA PANELA - Recife/PE",False
FC-00532,COHAB,40,13/05/2022 01:06:43,-8.072089,-34.908029,HOMICIDIO/TENTATIVA,NAO IDENTIFICADO,HOMEM CIS,"Rua 395, COHAB - Recife/PE",False
FC-00533,CASA AMARELA,37,19/03/2020 22:40:51,-8.025828,-34.859938,HOMICIDIO/TENTATIVA,PRETA,HOMEM CIS,"Rua 76, CASA AMARELA - Recife/PE",True
FC-00534,SANTO AMARO,21,22/04/2022 21:19:36,-8.058549,-34.865875,TIRO,NAO IDENTIFICADO,HOMEM CIS,"Rua 348, SANTO AMARO - Recife/PE",False
FC-00535,IPUTINGA,22,19/02/2021 00:32:25,-8.030398,-34.894448,OUTRO,NAO IDENTIFICADO,MULHER CIS,"Rua 437, IPUTINGA - Recife/PE",False
FC-00536,IPUTINGA,18,04/06/2023 21:55:01,-8.027632,-34.888126,HOMICIDIO/TENTATIVA,NAO IDENTIFICADO,HOMEM CIS,"Rua 360, IPUTINGA - Recife/PE",False
FC-00537,BREJO DA GUARDEIRA,33,22/04/2022 04:08:12,-8.070757,-34.900875,DISPARO,PRETA,HOMEM CIS,"Rua 432, BREJO DA GUARDEIRA - Recife/PE",False
FC-00538,JARDIM SAO PAULO,10,01/03/2023 02:01:09,-8.002351,-34.855234,OUTRO,NAO IDENTIFICADO,MULHER CIS,"Rua 250, JARDIM SAO PAULO - Recife/PE",False
FC-00539,SANTO AMARO,26,26/08/2024 20:59:27,-8.048421,-34.869104,HOMICIDIO/TENTATIVA,NAO IDENTIFICADO,NAO IDENTIFICADO,"Rua 233, SANTO AMARO - Recife/PE",False
FC-00540,ALTO JOSE DO PINHO,20,01/10/2020 18:54:46,-8.021279,-34.881555,DISPARO,NAO IDENTIFICADO,HOMEM CIS,"Rua 257, ALTO JOSE DO PINHO - Recife/PE",False
FC-00541,NOVA DESCOBERTA,33,23/08/2018 14:37:30,-8.019315,-34.862242,HOMICIDIO/TENTATIVA,PRETA,MULHER CIS,"Rua 41, NOVA DESCOBERTA - Recife/PE",False
FC-00542,VARZEA,21,17/08/2024 02:56:39,-8.02938,-34.91176,OUTRO,AMARELA,HOMEM CIS,"Rua 242, VARZEA - Recife/PE",False
FC-00543,VASCO DA GAMA,24,10/10/2022 19:57:21,-8.051157,-34.879796,TIRO,PRETA,HOMEM CIS,"Rua 6, VASCO DA GAMA - Recife/PE",False
FC-00544,SAN MARTIN,40,10/05/2021 04:44:59,-8.038546,-34.880539,TIRO,NAO IDENTIFICADO,HOMEM CIS,"Rua 156, SAN MARTIN - Recife/PE",False
FC-00545,AFLITOS,22,22/01/2019 23:51:47,-8.04191,-34.873004,DISPARO,NAO IDENTIFICADO,HOMEM CIS,"Rua 147, AFLITOS - Recife/PE",False
FC-00546,ALTO JOSE DO PINHO,25,09/10/2020 10:16:00,-8.022865,-34.883729,AMEACA,NAO IDENTIFICADO,HOMEM CIS,"Rua 310, ALTO JOSE DO PINHO - Recife/PE",False
FC-00547,VARZEA,54,26/05/2024 20:31:11,-8.038203,-34.914927,DISPARO,NAO IDENTIFICADO,HOMEM CIS,"Rua 442, VARZEA - Recife/PE",False
FC-00548,IBURA,42,25/08/2024 23:49:24,-8.082239,-34.890643,DISPARO,BRANCA,NAO IDENTIFICADO,"Rua 226, IBURA - Recife/PE",False
FC-00549,AFLITOS,17,25/05/2018 21:03:10,-8.043715,-34.872561,AMEACA,PRETA,HOMEM CIS,"Rua 244, AFLITOS - Recife/PE",False
FC-00550,IPUTINGA,41,13/12/2021 16:09:33,-8.024438,-34.885231,DISPARO,PARDA,HOMEM CIS,"Rua 7, IPUTINGA - Recife/PE",False
FC-00551,IPUTINGA,36,04/01/2022 22:40:22,-8.027023,-34.892417,HOMICIDIO/TENTATIVA,NAO IDENTIFICADO,HOMEM CIS,"Rua 222, IPUTINGA - Recife/PE",False
FC-00552,BREJO DA GUARDEIRA,25,21/05/2024 18:29:49,-8.068985,-34.900886,HOMICIDIO/TENTATIVA,NAO IDENTIFICADO,HOMEM CIS,"Rua 124, BREJO DA GUARDEIRA - Recife/PE",False
FC-00553,AFLITOS,32,11/03/2023 18:43:00,-8.041047,-34.87502,HOMICIDIO/TENTATIVA,NAO IDENTIFICADO,HOMEM CIS,"Rua 7, AFLITOS - Recife/PE",False
FC-00554,ESTACAO,43,07/05/2024 01:39:05,-8.049049,-34.871354,DISPARO,PRETA,HOMEM CIS,"Rua 305, ESTACAO - Recife/PE",True
FC-00555,SANTO AMARO,8,03/02/2023 21:08:24,-8.059823,-34.866109,TIRO,BRANCA,MULHER CIS,"Rua 461, SANTO AMARO - Recife/PE",False
FC-00556,SANTO AMARO,29,15/05/2020 20:04:40,-8.060998,-34.871514,HOMICIDIO/TENTATIVA,NAO IDENTIFICADO,HOMEM CIS,"Rua 142, SANTO AMARO - Recife/PE",False
FC-00557,TOTOS,40,09/02/2020 21:24:24,-8.03636,-34.865717,AMEACA,PRETA,HOMEM CIS,"Rua 31, TOTOS - Recife/PE",False
FC-00558,NOVA DESCOBERTA,25,20/04/2025 14:41:31,-8.016175,-34.867767,HOMICIDIO/TENTATIVA,NAO IDENTIFICADO,HOMEM CIS,"Rua 277, NOVA DESCOBERTA - Recife/PE",False
FC-00559,TOTOS,49,02/02/2023 02:36:46,-8.038967,-34.861349,ROUBO,PRETA,HOMEM CIS,"Rua 229, TOTOS - Recife/PE",False
FC-00560,IBURA,48,09/07/2018 03:21:57,-8.079005,-34.893295,HOMICIDIO/TENTATIVA,PRETA,HOMEM CIS,"Rua 2, IBURA - Recife/PE",False
FC-00561,ALTO JOSE DO PINHO,37,18/02/2024 06:24:44,-8.020073,-34.887711,DISPARO,NAO IDENTIFICADO,MULHER CIS,"Rua 247, ALTO JOSE DO PINHO - Recife/PE",False
FC-00562,COHAB,33,21/01/2021 23:41:05,-8.068537,-34.901437,HOMICIDIO/TENTATIVA,AMARELA,HOMEM CIS,"Rua 437, COHAB - Recife/PE",False
FC-00563,JAQUEIRA,24,18/03/2023 01:24:42,-8.037397,-34.86715,AMEACA,NAO IDENTIFICADO,HOMEM CIS,"Rua 357, JAQUEIRA - Recife/PE",False
FC-00564,CORDOARIA,26,24/08/2025 04:02:12,-8.05624,-34.874425,DISPARO,PRETA,HOMEM CIS,"Rua 304, CORDOARIA - Recife/PE",True
FC-00565,NOVA DESCOBERTA,40,01/08/2022 01:03:21,-8.019038,-34.864621,TIRO,PARDA,HOMEM CIS,"Rua 22, NOVA DESCOBERTA - Recife/PE",False
FC-00566,ESTACAO,53,05/09/2025 21:14:59,-8.056001,-34.873033,DISPARO,PRETA,HOMEM CIS,"Rua 377, ESTACAO - Recife/PE",False
FC-00567,VARZEA,36,21/12/2018 03:11:40,-8.034461,-34.913948,ROUBO,NAO IDENTIFICADO,HOMEM CIS,"Rua 158, VARZEA - Recife/PE",True
FC-00568,CASA AMARELA,35,04/02/2018 17:51:39,-8.030096,-34.856671,AMEACA,PRETA,HOMEM CIS,"Rua 412, CASA AMARELA - Recife/PE",False
FC-00569,VARZEA,34,22/02/2021 18:08:20,-8.035724,-34.912982,TIRO,PARDA,HOMEM CIS,"Rua 407, VARZEA - Recife/PE",False
FC-00570,VARZEA,52,06/07/2020 20:35:10,-8.035398,-34.917924,HOMICIDIO/TENTATIVA,NAO IDENTIFICADO,HOMEM CIS,"Rua 474, VARZEA - Recife/PE",False
FC-00571,BREJO DA GUARDEIRA,43,01/03/2021 21:05:00,-8.070361,-34.906518,TIRO,PARDA,HOMEM CIS,"Rua 475, BREJO DA GUARDEIRA - Recife/PE",True
FC-00572,COHAB,40,23/08/2024 03:09:40,-8.066606,-34.905272,DISPARO,PARDA,HOMEM CIS,"Rua 231, COHAB - Recife/PE",False
FC-00573,ESTACAO,36,20/08/2020 23:40:52,-8.052429,-34.868872,HOMICIDIO/TENTATIVA,PRETA,MULHER CIS,"Rua 179, ESTACAO - Recife/PE",False
FC-00574,ESTACAO,24,12/10/2025 21:34:32,-8.051461,-34.871779,OUTRO,NAO IDENTIFICADO,HOMEM CIS,"Rua 395, ESTACAO - Recife/PE",False
FC-00575,VASCO DA GAMA,38,16/08/2019 04:42:59,-8.053154,-34.882806,HOMICIDIO/TENTATIVA,NAO IDENTIFICADO,HOMEM CIS,"Rua 331, VASCO DA GAMA - Recife/PE",True
FC-00576,CORDOARIA,43,02/08/2025 02:03:59,-8.059608,-34.870576,TIRO,NAO IDENTIFICADO,HOMEM CIS,"Rua 81, CORDOARIA - Recife/PE",False
FC-00577,POCO DA PANELA,34,19/10/2024 12:12:47,-8.029485,-34.86267,ROUBO,NAO IDENTIFICADO,HOMEM CIS,"Rua 167, POCO DA PANELA - Recife/PE",False
FC-00578,NOVA DESCOBERTA,25,13/04/2021 22:04:30,-8.015058,-34.86591,HOMICIDIO/TENTATIVA,NAO IDENTIFICADO,HOMEM CIS,"Rua 28, NOVA DESCOBERTA - Recife/PE",False
FC-00579,CURADO,39,15/03/2021 20:40:22,-8.074849,-34.913161,DISPARO,BRANCA,HOMEM CIS,"Rua 104, CURADO - Recife/PE",False
FC-00580,IPUTINGA,17,15/08/2019 15:48:21,-8.025149,-34.887868,HOMICIDIO/TENTATIVA,PRETA,HOMEM CIS,"Rua 152, IPUTINGA - Recife/PE",False
FC-00581,BREJO DA GUARDEIRA,28,28/09/2019 06:26:54,-8.070506,-34.89979,TIRO,PRETA,HOMEM CIS,"Rua 442, BREJO DA GUARDEIRA - Recife/PE",False
FC-00582,ROSARINHO,43,28/12/2024 08:20:27,-8.042782,-34.864285,HOMICIDIO/TENTATIVA,PARDA,HOMEM CIS,"Rua 457, ROSARINHO - Recife/PE",False
FC-00583,JARDIM SAO PAULO,45,02/01/2021 23:46:49,-8.003497,-34.854431,ROUBO,BRANCA,MULHER CIS,"Rua 218, JARDIM SAO PAULO - Recife/PE",False
FC-00584,ALTO JOSE DO PINHO,42,03/04/2022 18:00:44,-8.02811,-34.882966,AMEACA,PARDA,HOMEM CIS,"Rua 487, ALTO JOSE DO PINHO - Recife/PE",False
FC-00585,VARZEA,22,10/11/2018 04:29:54,-8.040492,-34.913466,OUTRO,NAO IDENTIFICADO,HOMEM CIS,"Rua 299, VARZEA - Recife/PE",False
FC-00586,IBURA,46,21/06/2021 16:40:00,-8.082412,-34.889141,ROUBO,PARDA,HOMEM CIS,"Rua 37, IBURA - Recife/PE",False
FC-00587,CORDOARIA,49,20/12/2024 18:50:13,-8.054055,-34.86808,HOMICIDIO/TENTATIVA,NAO IDENTIFICADO,HOMEM CIS,"Rua 42, CORDOARIA - Recife/PE",False
FC-00588,VASCO DA GAMA,38,02/06/2025 02:23:29,-8.054774,-34.884806,DISPARO,BRANCA,HOMEM CIS,"Rua 188, VASCO DA GAMA - Recife/PE",False
FC-00589,CORDOARIA,27,11/03/2024 07:07:41,-8.06053,-34.866487,DISPARO,PRETA,HOMEM CIS,"Rua 481, CORDOARIA - Recife/PE",False
FC-00590,ESPINHEIRO,29,12/06/2024 22:32:43,-8.04163,-34.866346,AMEACA,PRETA,MULHER CIS,"Rua 28, ESPINHEIRO - Recife/PE",False
FC-00591,IBURA,30,18/12/2019 20:34:57,-8.076915,-34.893868,DISPARO,NAO IDENTIFICADO,HOMEM CIS,"Rua 318, IBURA - Recife/PE",False
FC-00592,CORDOARIA,32,15/04/2025 02:25:57,-8.060227,-34.87696,BRIGA,PRETA,HOMEM CIS,"Rua 491, CORDOARIA - Recife/PE",False
FC-00593,JAQUEIRA,22,17/04/2022 23:01:18,-8.038111,-34.869288,TIRO,NAO IDENTIFICADO,HOMEM CIS,"Rua 350, JAQUEIRA - Recife/PE",False
FC-00594,MANGABEIRA,21,07/05/2023 01:55:51,-8.014219,-34.870249,DISPARO,NAO IDENTIFICADO,HOMEM CIS,"Rua 486, MANGABEIRA - Recife/PE",False
FC-00595,ALTO JOSE DO PINHO,11,19/08/2024 20:33:53,-8.01772,-34.884753,TIRO,PRETA,HOMEM CIS,"Rua 235, ALTO JOSE DO PINHO - Recife/PE",False
FC-00596,IPUTINGA,12,12/08/2020 23:49:54,-8.028928,-34.895256,HOMICIDIO/TENTATIVA,PARDA,HOMEM CIS,"Rua 181, IPUTINGA - Recife/PE",True
FC-00597,IPUTINGA,36,06/03/2022 21:44:57,-8.023979,-34.898626,HOMICIDIO/TENTATIVA,PRETA,MULHER CIS,"Rua 79, IPUTINGA - Recife/PE",False
FC-00598,VARZEA,31,06/06/2022 05:45:02,-8.03548,-34.912986,DISPARO,AMARELA,HOMEM CIS,"Rua 177, VARZEA - Recife/PE",False
FC-00599,VARZEA,32,13/01/2019 22:49:09,-8.037256,-34.915957,DISPARO,BRANCA,HOMEM CIS,"Rua 476, VARZEA - Recife/PE",False
FC-00600,IPUTINGA,20,10/12/2021 16:18:48,-8.024772,-34.892936,BRIGA,PRETA,HOMEM CIS,"Rua 294, IPUTINGA - Recife/PE",False
FC-00601,SANTO AMARO,52,24/02/2021 16:02:08,-8.058182,-34.872125,ROUBO,PRETA,HOMEM CIS,"Rua 60, SANTO AMARO - Recife/PE",False
FC-00602,IPUTINGA,11,20/01/2019 19:37:33,-8.033409,-34.897752,DISPARO,PARDA,HOMEM CIS,"Rua 480, IPUTINGA - Recife/PE",False
FC-00603,TOTOS,33,17/02/2023 14:31:20,-8.036474,-34.869744,AMEACA,NAO IDENTIFICADO,HOMEM CIS,"Rua 262, TOTOS - Recife/PE",False
FC-00604,JARDIM SAO PAULO,44,13/06/2024 14:18:22,-8.006449,-34.85456,HOMICIDIO/TENTATIVA,NAO IDENTIFICADO,MULHER CIS,"Rua 229, JARDIM SAO PAULO - Recife/PE",False
FC-00605,CURADO,49,10/08/2025 04:46:57,-8.067309,-34.910806,DISPARO,PRETA,HOMEM CIS,"Rua 459, CURADO - Recife/PE",False
FC-00606,ESTACAO,19,11/09/2021 01:37:48,-8.059455,-34.873157,HOMICIDIO/TENTATIVA,PRETA,MULHER CIS,"Rua 4, ESTACAO - Recife/PE",False
FC-00607,ESTACAO,29,07/03/2023 04:24:18,-8.055962,-34.871394,DISPARO,NAO IDENTIFICADO,MULHER CIS,"Rua 22, ESTACAO - Recife/PE",False
FC-00608,CASA AMARELA,30,01/04/2024 21:09:16,-8.032675,-34.86195,DISPARO,PRETA,HOMEM CIS,"Rua 328, CASA AMARELA - Recife/PE",False
FC-00609,CAXANGA,32,23/08/2021 19:01:07,-8.023674,-34.923271,ROUBO,PRETA,HOMEM CIS,"Rua 253, CAXANGA - Recife/PE",False
FC-00610,ROSARINHO,46,21/05/2022 20:44:52,-8.040296,-34.864943,DISPARO,PRETA,HOMEM CIS,"Rua 263, ROSARINHO - Recife/PE",False
FC-00611,AFLITOS,38,23/08/2019 03:10:03,-8.0443,-34.869141,DISPARO,NAO IDENTIFICADO,HOMEM CIS,"Rua 215, AFLITOS - Recife/PE",False
FC-00612,VASCO DA GAMA,36,17/02/2023 05:40:11,-8.056837,-34.878915,HOMICIDIO/TENTATIVA,NAO IDENTIFICADO,MULHER CIS,"Rua 307, VASCO DA GAMA - Recife/PE",False
FC-00613,ESPINHEIRO,16,09/05/2023 20:44:23,-8.041674,-34.8681,AMEACA,PARDA,HOMEM CIS,"Rua 297, ESPINHEIRO - Recife/PE",False
FC-00614,IPUTINGA,27,11/07/2024 22:10:06,-8.028386,-34.898646,HOMICIDIO/TENTATIVA,NAO IDENTIFICADO,HOMEM CIS,"Rua 258, IPUTINGA - Recife/PE",False
FC-00615,NOVA DESCOBERTA,23,28/09/2024 18:35:44,-8.014721,-34.86452,TIRO,PARDA,HOMEM CIS,"Rua 59, NOVA DESCOBERTA - Recife/PE",False
FC-00616,ESTACAO,17,10/06/2018 20:08:52,-8.049203,-34.873599,HOMICIDIO/TENTATIVA,NAO IDENTIFICADO,MULHER CIS,"Rua 306, ESTACAO - Recife/PE",False
FC-00617,ALTO JOSE DO PINHO,37,08/02/2024 03:44:09,-8.018718,-34.886939,HOMICIDIO/TENTATIVA,NAO IDENTIFICADO,NAO IDENTIFICADO,"Rua 158, ALTO JOSE DO PINHO - Recife/PE",False
FC-00618,COHAB,51,01/02/2024 21:48:27,-8.068581,-34.902243,TIRO,NAO IDENTIFICADO,HOMEM CIS,"Rua 56, COHAB - Recife/PE",True
FC-00619,IBURA,42,03/01/2025 12:00:48,-8.084012,-34.887823,DISPARO,PRETA,HOMEM CIS,"Rua 64, IBURA - Recife/PE",False
FC-00620,JARDIM SAO PAULO,26,05/02/2021 21:17:37,-8.004134,-34.854219,HOMICIDIO/TENTATIVA,BRANCA,HOMEM CIS,"Rua 83, JARDIM SAO PAULO - Recife/PE",False
FC-00621,CAXANGA,28,25/10/2018 00:13:45,-8.022568,-34.91762,DISPARO,PRETA,HOMEM CIS,"Rua 145, CAXANGA - Recife/PE",False
FC-00622,VARZEA,10,28/09/2025 20:23:44,-8.031087,-34.919987,TIRO,NAO IDENTIFICADO,HOMEM CIS,"Rua 226, VARZEA - Recife/PE",False
FC-00623,SANTO AMARO,42,08/09/2021 15:48:20,-8.05462,-34.873273,OUTRO,PARDA,HOMEM CIS,"Rua 57, SANTO AMARO - Recife/PE",False
FC-00624,ALTO JOSE DO PINHO,25,11/02/2024 17:24:18,-8.023317,-34.885645,HOMICIDIO/TENTATIVA,NAO IDENTIFICADO,HOMEM CIS,"Rua 377, ALTO JOSE DO PINHO - Recife/PE",False
FC-00625,IPUTINGA,24,07/07/2020 21:57:53,-8.025661,-34.889069,DISPARO,NAO IDENTIFICADO,NAO IDENTIFICADO,"Rua 481, IPUTINGA - Recife/PE",False
FC-00626,SANTO AMARO,46,17/08/2019 19:05:07,-8.059687,-34.870628,DISPARO,AMARELA,HOMEM CIS,"Rua 206, SANTO AMARO - Recife/PE",False
FC-00627,BOA VISTA,15,07/06/2019 13:38:54,-8.052418,-34.872105,ROUBO,PRETA,NAO IDENTIFICADO,"Rua 63, BOA VISTA - Recife/PE",False
FC-00628,NOVA DESCOBERTA,49,09/10/2024 21:51:41,-8.018703,-34.866777,AMEACA,NAO IDENTIFICADO,HOMEM CIS,"Rua 183, NOVA DESCOBERTA - Recife/PE",False
FC-00629,SAN MARTIN,29,04/08/2020 03:31:31,-8.03916,-34.880429,DISPARO,NAO IDENTIFICADO,HOMEM CIS,"Rua 483, SAN MARTIN - Recife/PE",False
FC-00630,COHAB,35,13/03/2023 19:20:09,-8.066422,-34.905043,HOMICIDIO/TENTATIVA,NAO IDENTIFICADO,HOMEM CIS,"Rua 320, COHAB - Recife/PE",False
FC-00631,COHAB,36,10/04/2024 20:31:32,-8.064981,-34.906309,AMEACA,PARDA,HOMEM CIS,"Rua 176, COHAB - Recife/PE",False
FC-00632,CASA AMARELA,28,13/02/2025 16:54:24,-8.032265,-34.86111,AMEACA,NAO IDENTIFICADO,HOMEM CIS,"Rua 19, CASA AMARELA - Recife/PE",False
FC-00633,IBURA,26,14/08/2023 03:45:24,-8.077204,-34.890317,HOMICIDIO/TENTATIVA,PARDA,HOMEM CIS,"Rua 57, IBURA - Recife/PE",False
FC-00634,MANGABEIRA,26,28/09/2022 03:03:25,-8.007909,-34.871001,DISPARO,PRETA,HOMEM CIS,"Rua 303, MANGABEIRA - Recife/PE",False
FC-00635,GRACO,44,19/01/2021 01:53:23,-8.041891,-34.870322,BRIGA,NAO IDENTIFICADO,HOMEM CIS,"Rua 380, GRACO - Recife/PE",False
FC-00636,BREJO DA GUARDEIRA,35,14/06/2021 13:42:15,-8.074713,-34.90338,DISPARO,PRETA,HOMEM CIS,"Rua 332, BREJO DA GUARDEIRA - Recife/PE",False
FC-00637,IPUTINGA,15,01/03/2019 18:02:29,-8.027571,-34.887802,ROUBO,PRETA,HOMEM CIS,"Rua 217, IPUTINGA - Recife/PE",False
FC-00638,MANGABEIRA,63,13/06/2023 18:20:36,-8.008086,-34.868497,TIRO,NAO IDENTIFICADO,MULHER CIS,"Rua 251, MANGABEIRA - Recife/PE",False
FC-00639,COHAB,10,06/06/2024 19:23:27,-8.066628,-34.907363,DISPARO,NAO IDENTIFICADO,HOMEM CIS,"Rua 326, COHAB - Recife/PE",False
FC-00640,CAXANGA,22,10/01/2020 23:25:51,-8.025504,-34.921416,DISPARO,PARDA,HOMEM CIS,"Rua 381, CAXANGA - Recife/PE",False
FC-00641,JAQUEIRA,10,26/10/2020 18:27:13,-8.035756,-34.871218,DISPARO,PRETA,HOMEM CIS,"Rua 40, JAQUEIRA - Recife/PE",False
FC-00642,SANTO AMARO,32,14/04/2022 15:39:32,-8.051778,-34.872758,DISPARO,PARDA,HOMEM CIS,"Rua 391, SANTO AMARO - Recife/PE",False
FC-00643,MANGABEIRA,8,07/08/2020 20:52:47,-8.010858,-34.866697,DISPARO,PRETA,MULHER CIS,"Rua 138, MANGABEIRA - Recife/PE",False
FC-00644,JARDIM SAO PAULO,53,24/10/2022 19:33:12,-8.008689,-34.85351,AMEACA,PRETA,HOMEM CIS,"Rua 76, JARDIM SAO PAULO - Recife/PE",False
FC-00645,NOVA DESCOBERTA,24,21/02/2021 05:26:17,-8.015318,-34.857067,AMEACA,PARDA,HOMEM CIS,"Rua 331, NOVA DESCOBERTA - Recife/PE",False
FC-00646,VARZEA,11,08/01/2019 21:19:29,-8.034239,-34.913597,HOMICIDIO/TENTATIVA,NAO IDENTIFICADO,HOMEM CIS,"Rua 224, VARZEA - Recife/PE",False
FC-00647,ESTACAO,47,22/05/2018 18:41:54,-8.052706,-34.870076,HOMICIDIO/TENTATIVA,NAO IDENTIFICADO,MULHER CIS,"Rua 370, ESTACAO - Recife/PE",True
FC-00648,ALTO JOSE DO PINHO,25,14/02/2023 22:42:42,-8.019193,-34.88603,HOMICIDIO/TENTATIVA,PARDA,HOMEM CIS,"Rua 204, ALTO JOSE DO PINHO - Recife/PE",False
FC-00649,JARDIM SAO PAULO,37,17/02/2024 20:37:49,-8.006109,-34.853869,HOMICIDIO/TENTATIVA,NAO IDENTIFICADO,HOMEM CIS,"Rua 129, JARDIM SAO PAULO - Recife/PE",False
FC-00650,ALTO JOSE DO PINHO,29,24/10/2021 14:47:47,-8.016622,-34.885154,AMEACA,PRETA,HOMEM CIS,"Rua 217, ALTO JOSE DO PINHO - Recife/PE",False
FC-00651,VARZEA,10,02/10/2021 17:23:44,-8.031214,-34.917717,HOMICIDIO/TENTATIVA,NAO IDENTIFICADO,HOMEM CIS,"Rua 163, VARZEA - Recife/PE",False
FC-00652,MANGABEIRA,22,12/03/2024 16:23:52,-8.011787,-34.865877,HOMICIDIO/TENTATIVA,NAO IDENTIFICADO,HOMEM CIS,"Rua 331, MANGABEIRA - Recife/PE",False
FC-00653,GRACO,10,26/12/2025 20:16:35,-8.033587,-34.866832,TIRO,PARDA,HOMEM CIS,"Rua 328, GRACO - Recife/PE",False
FC-00654,JAQUEIRA,32,13/08/2025 00:25:59,-8.038165,-34.867143,HOMICIDIO/TENTATIVA,PARDA,HOMEM CIS,"Rua 131, JAQUEIRA - Recife/PE",False
FC-00655,IPUTINGA,39,15/03/2024 19:56:51,-8.026064,-34.891333,HOMICIDIO/TENTATIVA,PARDA,MULHER CIS,"Rua 209, IPUTINGA - Recife/PE",False
FC-00656,POCO DA PANELA,31,14/12/2022 22:21:45,-8.035592,-34.862454,AMEACA,NAO IDENTIFICADO,HOMEM CIS,"Rua 471, POCO DA PANELA - Recife/PE",False
FC-00657,CASA AMARELA,29,24/10/2021 21:47:20,-8.028599,-34.858219,DISPARO,PRETA,MULHER CIS,"Rua 15, CASA AMARELA - Recife/PE",False
FC-00658,ESPINHEIRO,10,13/01/2023 05:19:20,-8.040032,-34.867416,DISPARO,NAO IDENTIFICADO,HOMEM CIS,"Rua 57, ESPINHEIRO - Recife/PE",False
FC-00659,VARZEA,29,22/10/2024 15:20:28,-8.036166,-34.911628,AMEACA,BRANCA,HOMEM CIS,"Rua 377, VARZEA - Recife/PE",False
FC-00660,COHAB,41,14/02/2020 14:25:56,-8.067319,-34.903779,HOMICIDIO/TENTATIVA,PRETA,HOMEM CIS,"Rua 428, COHAB - Recife/PE",False
FC-00661,CURADO,18,08/11/2023 22:29:12,-8.074139,-34.91188,ROUBO,BRANCA,HOMEM CIS,"Rua 437, CURADO - Recife/PE",False
FC-00662,VARZEA,40,06/06/2019 22:07:00,-8.032141,-34.913461,HOMICIDIO/TENTATIVA,NAO IDENTIFICADO,HOMEM CIS,"Rua 223, VARZEA - Recife/PE",False
FC-00663,TOTOS,42,07/04/2020 22:52:50,-8.036451,-34.866924,DISPARO,PARDA,MULHER CIS,"Rua 383, TOTOS - Recife/PE",False
FC-00664,ALTO JOSE DO PINHO,35,24/05/2025 20:26:11,-8.017599,-34.882737,TIRO,PARDA,HOMEM CIS,"Rua 75, ALTO JOSE DO PINHO - Recife/PE",False
FC-00665,IBURA,39,22/10/2020 19:05:00,-8.079875,-34.890946,DISPARO,NAO IDENTIFICADO,NAO IDENTIFICADO,"Rua 447, IBURA - Recife/PE",False
FC-00666,IPUTINGA,42,20/12/2023 09:06:35,-8.02808,-34.895646,TIRO,PRETA,HOMEM CIS,"Rua 171, IPUTINGA - Recife/PE",True
FC-00667,JARDIM SAO PAULO,28,23/10/2023 21:02:00,-8.007235,-34.857026,TIRO,NAO IDENTIFICADO,HOMEM CIS,"Rua 318, JARDIM SAO PAULO - Recife/PE",False
FC-00668,CORDOARIA,26,19/01/2025 04:10:32,-8.060377,-34.873924,HOMICIDIO/TENTATIVA,PRETA,NAO IDENTIFICADO,"Rua 174, CORDOARIA - Recife/PE",False
FC-00669,CURADO,10,11/02/2019 01:08:31,-8.06936,-34.909996,DISPARO,NAO IDENTIFICADO,HOMEM CIS,"Rua 428, CURADO - Recife/PE",False
FC-00670,NOVA DESCOBERTA,20,17/05/2020 12:57:10,-8.013022,-34.862187,ROUBO,NAO IDENTIFICADO,HOMEM CIS,"Rua 252, NOVA DESCOBERTA - Recife/PE",False
FC-00671,TOTOS,10,07/01/2024 03:14:11,-8.040288,-34.867307,TIRO,PARDA,HOMEM CIS,"Rua 134, TOTOS - Recife/PE",True
FC-00672,VARZEA,18,12/08/2022 23:35:31,-8.032512,-34.915581,ROUBO,NAO IDENTIFICADO,HOMEM CIS,"Rua 58, VARZEA - Recife/PE",False
FC-00673,CAXANGA,28,27/03/2025 04:32:52,-8.031012,-34.918094,HOMICIDIO/TENTATIVA,NAO IDENTIFICADO,MULHER CIS,"Rua 457, CAXANGA - Recife/PE",False
FC-00674,SANTO AMARO,15,14/03/2024 22:15:49,-8.05782,-34.869168,HOMICIDIO/TENTATIVA,AMARELA,HOMEM CIS,"Rua 49, SANTO AMARO - Recife/PE",False
FC-00675,CURADO,46,04/10/2021 21:09:01,-8.073926,-34.919059,TIRO,PRETA,HOMEM CIS,"Rua 426, CURADO - Recife/PE",False
FC-00676,BOA VISTA,32,02/06/2023 19:28:20,-8.044598,-34.871283,HOMICIDIO/TENTATIVA,PRETA,HOMEM CIS,"Rua 376, BOA VISTA - Recife/PE",False
FC-00677,CURADO,32,11/05/2024 21:47:04,-8.071475,-34.907579,ROUBO,NAO IDENTIFICADO,HOMEM CIS,"Rua 309, CURADO - Recife/PE",False
FC-00678,CORDOARIA,18,01/02/2025 21:10:24,-8.056571,-34.871484,BRIGA,NAO IDENTIFICADO,HOMEM CIS,"Rua 146, CORDOARIA - Recife/PE",False
FC-00679,SANTO AMARO,46,26/12/2024 22:57:43,-8.049721,-34.868823,HOMICIDIO/TENTATIVA,NAO IDENTIFICADO,MULHER CIS,"Rua 184, SANTO AMARO - Recife/PE",False
FC-00680,SANTO AMARO,24,09/08/2025 18:27:05,-8.058077,-34.875307,DISPARO,NAO IDENTIFICADO,MULHER CIS,"Rua 416, SANTO AMARO - Recife/PE",False
FC-00681,CORDOARIA,21,22/08/2022 06:43:45,-8.059228,-34.874572,HOMICIDIO/TENTATIVA,PRETA,HOMEM CIS,"Rua 254, CORDOARIA - Recife/PE",False
FC-00682,ALTO JOSE DO PINHO,31,10/08/2018 03:08:43,-8.022467,-34.881637,DISPARO,NAO IDENTIFICADO,HOMEM CIS,"Rua 431, ALTO JOSE DO PINHO - Recife/PE",False
FC-00683,NOVA DESCOBERTA,30,04/09/2025 17:26:06,-8.015028,-34.865984,DISPARO,PRETA,HOMEM CIS,"Rua 369, NOVA DESCOBERTA - Recife/PE",False
FC-00684,MANGABEIRA,31,24/02/2022 20:11:50,-8.007525,-34.872601,HOMICIDIO/TENTATIVA,NAO IDENTIFICADO,HOMEM CIS,"Rua 202, MANGABEIRA - Recife/PE",False
FC-00685,IBURA,22,15/11/2024 19:16:21,-8.082911,-34.896038,HOMICIDIO/TENTATIVA,PRETA,HOMEM CIS,"Rua 447, IBURA - Recife/PE",False
FC-00686,CASA AMARELA,20,04/11/2020 15:01:00,-8.033429,-34.857377,OUTRO,NAO IDENTIFICADO,HOMEM CIS,"Rua 7, CASA AMARELA - Recife/PE",False
FC-00687,VARZEA,33,24/10/2025 17:39:52,-8.034419,-34.912447,ROUBO,PRETA,HOMEM CIS,"Rua 185, VARZEA - Recife/PE",False
FC-00688,BOA VISTA,30,01/03/2019 05:52:01,-8.048829,-34.87531,AMEACA,PRETA,MULHER CIS,"Rua 97, BOA VISTA - Recife/PE",False
FC-00689,CAXANGA,33,28/11/2022 21:12:05,-8.026748,-34.927316,TIRO,PRETA,HOMEM CIS,"Rua 238, CAXANGA - Recife/PE",False
FC-00690,VARZEA,28,16/08/2024 16:55:28,-8.030732,-34.912221,ROUBO,NAO IDENTIFICADO,HOMEM CIS,"Rua 104, VARZEA - Recife/PE",False
FC-00691,IPUTINGA,45,14/12/2019 23:54:31,-8.024292,-34.892734,HOMICIDIO/TENTATIVA,NAO IDENTIFICADO,MULHER CIS,"Rua 306, IPUTINGA - Recife/PE",False
FC-00692,AFLITOS,29,20/12/2022 22:57:52,-8.046853,-34.872948,DISPARO,NAO IDENTIFICADO,NAO IDENTIFICADO,"Rua 119, AFLITOS - Recife/PE",False
FC-00693,AFLITOS,37,14/11/2018 22:07:31,-8.041388,-34.872418,HOMICIDIO/TENTATIVA,NAO IDENTIFICADO,HOMEM CIS,"Rua 331, AFLITOS - Recife/PE",False
FC-00694,IPUTINGA,24,15/06/2020 07:14:37,-8.027998,-34.891196,HOMICIDIO/TENTATIVA,NAO IDENTIFICADO,HOMEM CIS,"Rua 174, IPUTINGA - Recife/PE",False
FC-00695,JARDIM SAO PAULO,11,23/12/2025 14:26:53,-8.011889,-34.856652,DISPARO,PRETA,MULHER CIS,"Rua 335, JARDIM SAO PAULO - Recife/PE",False
FC-00696,AFLITOS,15,23/05/2023 21:42:30,-8.046524,-34.872443,AMEACA,PARDA,HOMEM CIS,"Rua 103, AFLITOS - Recife/PE",False
FC-00697,VARZEA,24,07/04/2022 18:01:22,-8.030643,-34.91402,BRIGA,PARDA,HOMEM CIS,"Rua 183, VARZEA - Recife/PE",False
FC-00698,SANTO AMARO,33,14/06/2024 02:14:07,-8.056133,-34.873416,DISPARO,PARDA,HOMEM CIS,"Rua 250, SANTO AMARO - Recife/PE",False
FC-00699,NOVA DESCOBERTA,42,05/05/2025 21:55:32,-8.015227,-34.862989,HOMICIDIO/TENTATIVA,NAO IDENTIFICADO,HOMEM CIS,"Rua 54, NOVA DESCOBERTA - Recife/PE",False
FC-00700,BOA VISTA,16,04/02/2024 21:39:50,-8.054661,-34.872546,DISPARO,NAO IDENTIFICADO,MULHER CIS,"Rua 53, BOA VISTA - Recife/PE",False
FC-00701,CASA AMARELA,34,06/06/2025 20:45:28,-8.034706,-34.862609,TIRO,NAO IDENTIFICADO,HOMEM CIS,"Rua 256, CASA AMARELA - Recife/PE",False
FC-00702,AFLITOS,43,15/04/2019 23:49:49,-8.048568,-34.867072,HOMICIDIO/TENTATIVA,PRETA,HOMEM CIS,"Rua 428, AFLITOS - Recife/PE",True
FC-00703,CASA AMARELA,19,12/07/2021 19:15:09,-8.030085,-34.860986,HOMICIDIO/TENTATIVA,NAO IDENTIFICADO,HOMEM CIS,"Rua 272, CASA AMARELA - Recife/PE",False
FC-00704,ESTACAO,37,28/08/2021 17:43:23,-8.054632,-34.871488,DISPARO,PARDA,HOMEM CIS,"Rua 227, ESTACAO - Recife/PE",False
FC-00705,VARZEA,30,13/06/2019 23:10:27,-8.038007,-34.912778,BRIGA,PARDA,HOMEM CIS,"Rua 389, VARZEA - Recife/PE",False
FC-00706,IBURA,24,26/12/2025 20:33:18,-8.082686,-34.894983,DISPARO,NAO IDENTIFICADO,MULHER CIS,"Rua 454, IBURA - Recife/PE",False
FC-00707,SANTO AMARO,10,27/01/2025 10:33:39,-8.058573,-34.862762,TIRO,NAO IDENTIFICADO,HOMEM CIS,"Rua 359, SANTO AMARO - Recife/PE",False
FC-00708,ESTACAO,39,23/08/2023 13:51:50,-8.053058,-34.871789,TIRO,PARDA,HOMEM CIS,"Rua 398, ESTACAO - Recife/PE",False
FC-00709,VARZEA,30,05/12/2024 17:34:18,-8.033359,-34.918542,HOMICIDIO/TENTATIVA,NAO IDENTIFICADO,HOMEM CIS,"Rua 262, VARZEA - Recife/PE",False
FC-00710,MANGABEIRA,43,19/09/2018 09:53:49,-8.007854,-34.867845,HOMICIDIO/TENTATIVA,PARDA,HOMEM CIS,"Rua 217, MANGABEIRA - Recife/PE",False
FC-00711,ROSARINHO,35,04/06/2023 01:41:07,-8.039941,-34.862981,DISPARO,NAO IDENTIFICADO,HOMEM CIS,"Rua 294, ROSARINHO - Recife/PE",False
FC-00712,ESPINHEIRO,37,23/10/2025 22:40:42,-8.043062,-34.869721,AMEACA,AMARELA,HOMEM CIS,"Rua 305, ESPINHEIRO - Recife/PE",False
FC-00713,NOVA DESCOBERTA,31,23/03/2023 14:47:15,-8.010353,-34.868717,AMEACA,PRETA,HOMEM CIS,"Rua 265, NOVA DESCOBERTA - Recife/PE",False
FC-00714,BREJO DA GUARDEIRA,11,03/07/2023 02:27:56,-8.069506,-34.899847,HOMICIDIO/TENTATIVA,NAO IDENTIFICADO,MULHER CIS,"Rua 110, BREJO DA GUARDEIRA - Recife/PE",False
FC-00715,SAN MARTIN,32,28/07/2022 10:31:40,-8.039268,-34.87867,DISPARO,NAO IDENTIFICADO,HOMEM CIS,"Rua 226, SAN MARTIN - Recife/PE",False
FC-00716,BOA VISTA,52,05/09/2019 17:29:08,-8.054803,-34.877485,DISPARO,PRETA,MULHER CIS,"Rua 263, BOA VISTA - Recife/PE",False
FC-00717,CAXANGA,28,12/09/2024 22:07:38,-8.02993,-34.920528,DISPARO,NAO IDENTIFICADO,HOMEM CIS,"Rua 57, CAXANGA - Recife/PE",False
FC-00718,COHAB,49,10/06/2021 11:01:50,-8.064937,-34.904308,HOMICIDIO/TENTATIVA,NAO IDENTIFICADO,HOMEM CIS,"Rua 402, COHAB - Recife/PE",False
FC-00719,BREJO DA GUARDEIRA,14,16/12/2020 00:35:22,-8.071849,-34.901126,ROUBO,PARDA,HOMEM CIS,"Rua 23, BREJO DA GUARDEIRA - Recife/PE",False
FC-00720,ESTACAO,26,27/08/2024 20:38:08,-8.049155,-34.869327,ROUBO,PRETA,HOMEM CIS,"Rua 259, ESTACAO - Recife/PE",False
FC-00721,VASCO DA GAMA,16,26/02/2024 19:39:26,-8.05426,-34.878505,HOMICIDIO/TENTATIVA,PRETA,HOMEM CIS,"Rua 461, VASCO DA GAMA - Recife/PE",False
FC-00722,CORDOARIA,43,03/11/2024 21:45:01,-8.053258,-34.876045,ROUBO,BRANCA,HOMEM CIS,"Rua 408, CORDOARIA - Recife/PE",False
FC-00723,TOTOS,20,18/10/2019 18:03:36,-8.041773,-34.865702,TIRO,PRETA,HOMEM CIS,"Rua 385, TOTOS - Recife/PE",False
FC-00724,SAN MARTIN,38,09/01/2019 21:15:53,-8.037038,-34.878228,BRIGA,NAO IDENTIFICADO,MULHER CIS,"Rua 455, SAN MARTIN - Recife/PE",False
FC-00725,MANGABEIRA,26,28/08/2023 22:21:27,-8.009545,-34.872505,HOMICIDIO/TENTATIVA,NAO IDENTIFICADO,HOMEM CIS,"Rua 13, MANGABEIRA - Recife/PE",False
FC-00726,CAXANGA,55,10/03/2019 03:16:49,-8.029823,-34.919446,HOMICIDIO/TENTATIVA,NAO IDENTIFICADO,HOMEM CIS,"Rua 158, CAXANGA - Recife/PE",False
FC-00727,JAQUEIRA,54,02/12/2020 11:06:20,-8.03798,-34.86857,BRIGA,NAO IDENTIFICADO,HOMEM CIS,"Rua 458, JAQUEIRA - Recife/PE",False
FC-00728,IPUTINGA,25,19/10/2020 07:32:48,-8.028541,-34.888881,HOMICIDIO/TENTATIVA,PARDA,HOMEM CIS,"Rua 487, IPUTINGA - Recife/PE",False
FC-00729,COHAB,10,21/07/2022 07:56:01,-8.0604,-34.909272,DISPARO,NAO IDENTIFICADO,HOMEM CIS,"Rua 494, COHAB - Recife/PE",False
FC-00730,BREJO DA GUARDEIRA,26,14/10/2019 16:54:40,-8.071288,-34.898234,TIRO,PARDA,HOMEM CIS,"Rua 401, BREJO DA GUARDEIRA - Recife/PE",False
FC-00731,GRACO,10,18/07/2022 16:00:52,-8.041613,-34.863927,AMEACA,AMARELA,HOMEM CIS,"Rua 425, GRACO - Recife/PE",False
FC-00732,VASCO DA GAMA,13,20/05/2025 09:43:24,-8.054431,-34.881986,HOMICIDIO/TENTATIVA,NAO IDENTIFICADO,HOMEM CIS,"Rua 432, VASCO DA GAMA - Recife/PE",False
FC-00733,VASCO DA GAMA,35,03/10/2024 12:25:44,-8.054943,-34.881924,HOMICIDIO/TENTATIVA,NAO IDENTIFICADO,HOMEM CIS,"Rua 72, VASCO DA GAMA - Recife/PE",False
FC-00734,AFLITOS,32,22/06/2022 22:40:16,-8.039587,-34.872573,HOMICIDIO/TENTATIVA,PARDA,NAO IDENTIFICADO,"Rua 363, AFLITOS - Recife/PE",False
FC-00735,SAN MARTIN,38,11/10/2022 00:44:08,-8.04388,-34.880869,HOMICIDIO/TENTATIVA,AMARELA,HOMEM CIS,"Rua 2, SAN MARTIN - Recife/PE",False
FC-00736,BREJO DA GUARDEIRA,35,23/12/2022 17:25:34,-8.065548,-34.898933,HOMICIDIO/TENTATIVA,NAO IDENTIFICADO,HOMEM CIS,"Rua 449, BREJO DA GUARDEIRA - Recife/PE",False
FC-00737,SANTO AMARO,26,04/11/2023 13:52:24,-8.058002,-34.873751,AMEACA,NAO IDENTIFICADO,HOMEM CIS,"Rua 184, SANTO AMARO - Recife/PE",False
FC-00738,CORDOARIA,40,07/06/2019 16:14:47,-8.055353,-34.874356,OUTRO,PARDA,MULHER CIS,"Rua 144, CORDOARIA - Recife/PE",True
FC-00739,SANTO AMARO,24,08/12/2023 07:31:23,-8.057202,-34.87131,AMEACA,NAO IDENTIFICADO,HOMEM CIS,"Rua 253, SANTO AMARO - Recife/PE",True
FC-00740,CURADO,29,04/07/2024 21:36:32,-8.063701,-34.910741,HOMICIDIO/TENTATIVA,NAO IDENTIFICADO,HOMEM CIS,"Rua 283, CURADO - Recife/PE",False
FC-00741,VARZEA,25,05/10/2019 21:08:16,-8.036943,-34.912767,TIRO,PRETA,HOMEM CIS,"Rua 439, VARZEA - Recife/PE",False
FC-00742,NOVA DESCOBERTA,27,22/12/2023 18:16:43,-8.016948,-34.861036,HOMICIDIO/TENTATIVA,PARDA,HOMEM CIS,"Rua 233, NOVA DESCOBERTA - Recife/PE",False
FC-00743,IBURA,47,14/06/2024 21:26:17,-8.083801,-34.8976,TIRO,PRETA,HOMEM CIS,"Rua 266, IBURA - Recife/PE",False
FC-00744,SAN MARTIN,42,14/05/2020 18:20:00,-8.042054,-34.875628,ROUBO,PARDA,HOMEM CIS,"Rua 172, SAN MARTIN - Recife/PE",False
FC-00745,COHAB,10,03/07/2025 22:12:10,-8.062322,-34.908634,TIRO,NAO IDENTIFICADO,HOMEM CIS,"Rua 33, COHAB - Recife/PE",False
FC-00746,VASCO DA GAMA,38,11/11/2023 21:15:06,-8.054957,-34.882862,AMEACA,NAO IDENTIFICADO,HOMEM CIS,"Rua 491, VASCO DA GAMA - Recife/PE",False
FC-00747,IPUTINGA,25,20/10/2025 15:06:40,-8.025941,-34.892682,AMEACA,NAO IDENTIFICADO,HOMEM CIS,"Rua 64, IPUTINGA - Recife/PE",False
FC-00748,COHAB,37,26/02/2024 03:58:51,-8.059071,-34.909693,HOMICIDIO/TENTATIVA,NAO IDENTIFICADO,HOMEM CIS,"Rua 155, COHAB - Recife/PE",False
FC-00749,BREJO DA GUARDEIRA,49,13/07/2018 02:48:26,-8.069687,-34.902696,HOMICIDIO/TENTATIVA,NAO IDENTIFICADO,HOMEM CIS,"Rua 307, BREJO DA GUARDEIRA - Recife/PE",False
FC-00750,POCO DA PANELA,14,20/10/2021 02:41:43,-8.035567,-34.859235,DISPARO,NAO IDENTIFICADO,HOMEM CIS,"Rua 233, POCO DA PANELA - Recife/PE",False
FC-00751,ALTO JOSE DO PINHO,28,26/10/2023 21:57:36,-8.015467,-34.889354,HOMICIDIO/TENTATIVA,NAO IDENTIFICADO,HOMEM CIS,"Rua 261, ALTO JOSE DO PINHO - Recife/PE",False
FC-00752,NOVA DESCOBERTA,29,02/01/2020 03:37:27,-8.018757,-34.863909,DISPARO,PRETA,HOMEM CIS,"Rua 334, NOVA DESCOBERTA - Recife/PE",False
FC-00753,ESPINHEIRO,40,20/05/2019 13:23:00,-8.043262,-34.875813,AMEACA,PARDA,HOMEM CIS,"Rua 337, ESPINHEIRO - Recife/PE",False
FC-00754,SANTO AMARO,32,12/07/2024 05:12:40,-8.05669,-34.868787,AMEACA,NAO IDENTIFICADO,HOMEM CIS,"Rua 403, SANTO AMARO - Recife/PE",False
FC-00755,IBURA,44,11/12/2022 21:36:21,-8.085213,-34.889959,TIRO,NAO IDENTIFICADO,HOMEM CIS,"Rua 215, IBURA - Recife/PE",False
FC-00756,IPUTINGA,44,21/01/2022 06:14:29,-8.033336,-34.892041,ROUBO,PARDA,HOMEM CIS,"Rua 123, IPUTINGA - Recife/PE",False
FC-00757,SAN MARTIN,23,06/07/2021 21:00:23,-8.040245,-34.876957,AMEACA,PARDA,HOMEM CIS,"Rua 184, SAN MARTIN - Recife/PE",True
FC-00758,IBURA,24,02/06/2023 23:12:12,-8.084027,-34.891898,HOMICIDIO/TENTATIVA,NAO IDENTIFICADO,HOMEM CIS,"Rua 113, IBURA - Recife/PE",False
FC-00759,CURADO,16,06/01/2019 21:58:06,-8.073257,-34.907962,DISPARO,NAO IDENTIFICADO,HOMEM CIS,"Rua 347, CURADO - Recife/PE",True
FC-00760,VARZEA,16,08/08/2020 14:23:42,-8.033001,-34.913612,HOMICIDIO/TENTATIVA,PARDA,HOMEM CIS,"Rua 270, VARZEA - Recife/PE",False
FC-00761,GRACO,15,05/03/2018 21:12:34,-8.045033,-34.866418,ROUBO,PARDA,NAO IDENTIFICADO,"Rua 192, GRACO - Recife/PE",False
FC-00762,IPUTINGA,18,07/10/2024 21:18:50,-8.029393,-34.891614,ROUBO,PRETA,HOMEM CIS,"Rua 127, IPUTINGA - Recife/PE",False
FC-00763,IBURA,39,07/08/2025 20:50:30,-8.082755,-34.893793,ROUBO,PARDA,HOMEM CIS,"Rua 315, IBURA - Recife/PE",False
FC-00764,IBURA,47,17/08/2022 16:20:45,-8.076783,-34.889063,TIRO,PARDA,HOMEM CIS,"Rua 356, IBURA - Recife/PE",False
FC-00765,ALTO JOSE DO PINHO,33,21/10/2023 01:14:57,-8.022425,-34.887491,DISPARO,NAO IDENTIFICADO,MULHER CIS,"Rua 442, ALTO JOSE DO PINHO - Recife/PE",False
FC-00766,NOVA DESCOBERTA,36,09/06/2019 18:08:48,-8.013745,-34.860795,DISPARO,NAO IDENTIFICADO,HOMEM CIS,"Rua 228, NOVA DESCOBERTA - Recife/PE",False
FC-00767,ALTO JOSE DO PINHO,37,15/08/2021 15:23:51,-8.024509,-34.881844,DISPARO,NAO IDENTIFICADO,HOMEM CIS,"Rua 140, ALTO JOSE DO PINHO - Recife/PE",False
FC-00768,CORDOARIA,18,10/02/2021 21:32:34,-8.059152,-34.872249,TIRO,NAO IDENTIFICADO,HOMEM CIS,"Rua 403, CORDOARIA - Recife/PE",False
FC-00769,NOVA DESCOBERTA,53,07/06/2022 20:16:19,-8.00567,-34.86318,DISPARO,NAO IDENTIFICADO,HOMEM CIS,"Rua 394, NOVA DESCOBERTA - Recife/PE",False
FC-00770,BOA VISTA,27,24/12/2025 18:16:00,-8.048396,-34.872337,OUTRO,PRETA,HOMEM CIS,"Rua 145, BOA VISTA - Recife/PE",False
FC-00771,CASA AMARELA,26,01/11/2023 16:32:48,-8.026614,-34.85931,DISPARO,NAO IDENTIFICADO,HOMEM CIS,"Rua 444, CASA AMARELA - Recife/PE",False
FC-00772,CORDOARIA,35,25/09/2022 16:52:29,-8.056002,-34.871735,DISPARO,PRETA,HOMEM CIS,"Rua 44, CORDOARIA - Recife/PE",False
FC-00773,IPUTINGA,40,28/08/2020 18:23:08,-8.029852,-34.894675,TIRO,PARDA,HOMEM CIS,"Rua 66, IPUTINGA - Recife/PE",False
FC-00774,IPUTINGA,16,14/04/2021 15:48:25,-8.026681,-34.890663,TIRO,NAO IDENTIFICADO,HOMEM CIS,"Rua 354, IPUTINGA - Recife/PE",False
FC-00775,MANGABEIRA,35,11/03/2025 18:51:38,-8.004977,-34.870017,AMEACA,NAO IDENTIFICADO,HOMEM CIS,"Rua 294, MANGABEIRA - Recife/PE",False
FC-00776,CURADO,34,16/04/2022 02:36:28,-8.073275,-34.911161,DISPARO,NAO IDENTIFICADO,NAO IDENTIFICADO,"Rua 156, CURADO - Recife/PE",False
FC-00777,COHAB,38,01/08/2023 04:04:58,-8.062453,-34.905882,HOMICIDIO/TENTATIVA,PRETA,HOMEM CIS,"Rua 146, COHAB - Recife/PE",False
FC-00778,VARZEA,29,06/01/2021 12:58:26,-8.039554,-34.916071,DISPARO,NAO IDENTIFICADO,HOMEM CIS,"Rua 57, VARZEA - Recife/PE",False
FC-00779,COHAB,40,05/04/2025 21:19:27,-8.063274,-34.903498,DISPARO,PRETA,HOMEM CIS,"Rua 341, COHAB - Recife/PE",False
FC-00780,SAN MARTIN,30,15/11/2022 10:00:09,-8.039979,-34.879981,DISPARO,BRANCA,HOMEM CIS,"Rua 423, SAN MARTIN - Recife/PE",False
FC-00781,CORDOARIA,38,15/08/2025 18:47:05,-8.056737,-34.871524,ROUBO,NAO IDENTIFICADO,HOMEM CIS,"Rua 452, CORDOARIA - Recife/PE",False
FC-00782,JARDIM SAO PAULO,23,14/03/2021 08:57:39,-8.01146,-34.851709,AMEACA,PARDA,HOMEM CIS,"Rua 235, JARDIM SAO PAULO - Recife/PE",False
FC-00783,CORDOARIA,24,08/01/2023 22:10:17,-8.060588,-34.87092,HOMICIDIO/TENTATIVA,PRETA,HOMEM CIS,"Rua 276, CORDOARIA - Recife/PE",False
FC-00784,IPUTINGA,26,14/08/2020 23:35:07,-8.02482,-34.891149,TIRO,PRETA,MULHER CIS,"Rua 40, IPUTINGA - Recife/PE",False
FC-00785,ESPINHEIRO,38,17/04/2019 01:01:04,-8.046098,-34.864364,DISPARO,PARDA,HOMEM CIS,"Rua 346, ESPINHEIRO - Recife/PE",False
FC-00786,ESPINHEIRO,33,09/01/2021 02:58:08,-8.043108,-34.86757,ROUBO,PRETA,HOMEM CIS,"Rua 384, ESPINHEIRO - Recife/PE",False
FC-00787,SAN MARTIN,10,05/08/2023 16:17:53,-8.038774,-34.881088,TIRO,NAO IDENTIFICADO,HOMEM CIS,"Rua 430, SAN MARTIN - Recife/PE",False
FC-00788,IBURA,13,22/02/2021 21:43:17,-8.086567,-34.888662,DISPARO,NAO IDENTIFICADO,HOMEM CIS,"Rua 184, IBURA - Recife/PE",False
FC-00789,VARZEA,22,27/01/2022 19:33:41,-8.030399,-34.916607,DISPARO,PARDA,HOMEM CIS,"Rua 338, VARZEA - Recife/PE",False
FC-00790,CURADO,10,25/07/2018 05:15:23,-8.07335,-34.906293,HOMICIDIO/TENTATIVA,NAO IDENTIFICADO,HOMEM CIS,"Rua 103, CURADO - Recife/PE",False
FC-00791,COHAB,28,03/11/2020 06:56:06,-8.066645,-34.90452,HOMICIDIO/TENTATIVA,AMARELA,HOMEM CIS,"Rua 426, COHAB - Recife/PE",False
FC-00792,SANTO AMARO,36,18/06/2024 19:39:13,-8.054648,-34.865655,DISPARO,NAO IDENTIFICADO,HOMEM CIS,"Rua 203, SANTO AMARO - Recife/PE",False
FC-00793,JARDIM SAO PAULO,25,21/07/2019 12:24:13,-8.008978,-34.85624,DISPARO,NAO IDENTIFICADO,HOMEM CIS,"Rua 34, JARDIM SAO PAULO - Recife/PE",False
FC-00794,SANTO AMARO,33,10/07/2025 21:31:06,-8.060891,-34.872871,HOMICIDIO/TENTATIVA,PRETA,HOMEM CIS,"Rua 406, SANTO AMARO - Recife/PE",False
FC-00795,ROSARINHO,36,23/11/2023 14:59:49,-8.040146,-34.864902,BRIGA,NAO IDENTIFICADO,MULHER CIS,"Rua 171, ROSARINHO - Recife/PE",False
FC-00796,VARZEA,20,11/02/2023 00:58:37,-8.035691,-34.917773,BRIGA,PRETA,HOMEM CIS,"Rua 262, VARZEA - Recife/PE",False
FC-00797,VASCO DA GAMA,40,25/10/2020 22:19:15,-8.051894,-34.885539,OUTRO,PRETA,HOMEM CIS,"Rua 388, VASCO DA GAMA - Recife/PE",False
FC-00798,NOVA DESCOBERTA,18,07/07/2020 19:15:59,-8.01949,-34.86695,DISPARO,NAO IDENTIFICADO,HOMEM CIS,"Rua 485, NOVA DESCOBERTA - Recife/PE",False
FC-00799,SAN MARTIN,30,17/01/2024 21:26:41,-8.044349,-34.880766,HOMICIDIO/TENTATIVA,NAO IDENTIFICADO,MULHER CIS,"Rua 385, SAN MARTIN - Recife/PE",False
FC-00800,IBURA,17,08/11/2022 21:44:46,-8.081378,-34.891792,HOMICIDIO/TENTATIVA,NAO IDENTIFICADO,MULHER CIS,"Rua 447, IBURA - Recife/PE",False
FC-00801,CORDOARIA,21,07/02/2025 01:09:13,-8.05747,-34.87464,HOMICIDIO/TENTATIVA,NAO IDENTIFICADO,HOMEM CIS,"Rua 89, CORDOARIA - Recife/PE",False
FC-00802,BREJO DA GUARDEIRA,28,15/12/2018 12:46:12,-8.06498,-34.895979,HOMICIDIO/TENTATIVA,BRANCA,MULHER CIS,"Rua 91, BREJO DA GUARDEIRA - Recife/PE",False
FC-00803,BREJO DA GUARDEIRA,14,03/08/2020 23:23:25,-8.067511,-34.897566,BRIGA,PRETA,HOMEM CIS,"Rua 242, BREJO DA GUARDEIRA - Recife/PE",False
FC-00804,SAN MARTIN,16,01/08/2024 21:27:54,-8.037544,-34.873386,AMEACA,PRETA,HOMEM CIS,"Rua 465, SAN MARTIN - Recife/PE",False
FC-00805,JARDIM SAO PAULO,16,10/08/2020 16:24:35,-8.007753,-34.851947,TIRO,NAO IDENTIFICADO,HOMEM CIS,"Rua 37, JARDIM SAO PAULO - Recife/PE",False
FC-00806,IPUTINGA,33,24/09/2018 20:31:25,-8.026346,-34.891978,ROUBO,NAO IDENTIFICADO,HOMEM CIS,"Rua 482, IPUTINGA - Recife/PE",False
FC-00807,CORDOARIA,34,14/02/2025 22:58:07,-8.061979,-34.869858,HOMICIDIO/TENTATIVA,NAO IDENTIFICADO,HOMEM CIS,"Rua 290, CORDOARIA - Recife/PE",False
FC-00808,VARZEA,44,17/06/2024 20:40:44,-8.035688,-34.91513,AMEACA,BRANCA,HOMEM CIS,"Rua 30, VARZEA - Recife/PE",False
FC-00809,SANTO AMARO,10,21/06/2018 20:01:44,-8.056457,-34.868284,HOMICIDIO/TENTATIVA,PRETA,MULHER CIS,"Rua 76, SANTO AMARO - Recife/PE",False
FC-00810,NOVA DESCOBERTA,29,27/11/2023 04:07:49,-8.011627,-34.866002,HOMICIDIO/TENTATIVA,PRETA,HOMEM CIS,"Rua 365, NOVA DESCOBERTA - Recife/PE",False
FC-00811,JARDIM SAO PAULO,36,14/04/2022 04:27:16,-8.008059,-34.855071,ROUBO,PRETA,HOMEM CIS,"Rua 257, JARDIM SAO PAULO - Recife/PE",False
FC-00812,GRACO,27,28/12/2021 02:40:36,-8.042324,-34.871109,HOMICIDIO/TENTATIVA,NAO IDENTIFICADO,HOMEM CIS,"Rua 177, GRACO - Recife/PE",False
FC-00813,CASA AMARELA,28,06/01/2023 21:00:06,-8.029522,-34.86131,TIRO,NAO IDENTIFICADO,HOMEM CIS,"Rua 357, CASA AMARELA - Recife/PE",False
FC-00814,ESTACAO,10,23/03/2019 03:31:11,-8.047751,-34.866856,DISPARO,NAO IDENTIFICADO,HOMEM CIS,"Rua 57, ESTACAO - Recife/PE",False
FC-00815,SAN MARTIN,14,09/04/2020 23:55:26,-8.037931,-34.879509,HOMICIDIO/TENTATIVA,NAO IDENTIFICADO,HOMEM CIS,"Rua 468, SAN MARTIN - Recife/PE",False
FC-00816,VASCO DA GAMA,35,03/05/2021 13:37:15,-8.054117,-34.880703,HOMICIDIO/TENTATIVA,NAO IDENTIFICADO,MULHER CIS,"Rua 345, VASCO DA GAMA - Recife/PE",False
FC-00817,ESPINHEIRO,20,04/01/2023 06:50:00,-8.044072,-34.870749,BRIGA,NAO IDENTIFICADO,HOMEM CIS,"Rua 267, ESPINHEIRO - Recife/PE",False
FC-00818,ROSARINHO,20,11/07/2021 14:56:21,-8.040202,-34.867147,DISPARO,BRANCA,HOMEM CIS,"Rua 419, ROSARINHO - Recife/PE",False
FC-00819,NOVA DESCOBERTA,38,26/06/2025 02:29:55,-8.010538,-34.86674,TIRO,NAO IDENTIFICADO,HOMEM CIS,"Rua 372, NOVA DESCOBERTA - Recife/PE",False
FC-00820,CAXANGA,35,25/12/2022 21:23:28,-8.023501,-34.918584,HOMICIDIO/TENTATIVA,NAO IDENTIFICADO,MULHER CIS,"Rua 338, CAXANGA - Recife/PE",False
FC-00821,CURADO,30,01/06/2023 19:55:02,-8.067772,-34.908553,HOMICIDIO/TENTATIVA,PRETA,HOMEM CIS,"Rua 377, CURADO - Recife/PE",False
FC-00822,IPUTINGA,15,12/02/2023 15:59:59,-8.025393,-34.890338,DISPARO,PRETA,HOMEM CIS,"Rua 338, IPUTINGA - Recife/PE",False
FC-00823,CAXANGA,21,28/03/2020 17:36:50,-8.024886,-34.91795,HOMICIDIO/TENTATIVA,PRETA,MULHER CIS,"Rua 259, CAXANGA - Recife/PE",False
FC-00824,IBURA,27,06/08/2025 22:07:30,-8.078781,-34.884908,AMEACA,NAO IDENTIFICADO,HOMEM CIS,"Rua 124, IBURA - Recife/PE",False
FC-00825,NOVA DESCOBERTA,20,01/12/2019 04:59:20,-8.019143,-34.864089,TIRO,BRANCA,HOMEM CIS,"Rua 393, NOVA DESCOBERTA - Recife/PE",False
FC-00826,NOVA DESCOBERTA,38,05/11/2023 22:40:46,-8.015693,-34.86064,BRIGA,PRETA,HOMEM CIS,"Rua 408, NOVA DESCOBERTA - Recife/PE",False
FC-00827,BOA VISTA,13,11/11/2023 14:45:47,-8.047921,-34.876818,AMEACA,BRANCA,MULHER CIS,"Rua 196, BOA VISTA - Recife/PE",False
FC-00828,SANTO AMARO,50,04/05/2020 11:07:05,-8.052022,-34.8723,DISPARO,BRANCA,HOMEM CIS,"Rua 304, SANTO AMARO - Recife/PE",False
FC-00829,JARDIM SAO PAULO,23,19/07/2024 21:19:03,-8.002421,-34.856161,DISPARO,NAO IDENTIFICADO,HOMEM CIS,"Rua 98, JARDIM SAO PAULO - Recife/PE",False
FC-00830,CAXANGA,27,17/03/2023 20:37:14,-8.024924,-34.925759,DISPARO,NAO IDENTIFICADO,NAO IDENTIFICADO,"Rua 5, CAXANGA - Recife/PE",False
FC-00831,MANGABEIRA,29,22/08/2024 16:38:18,-8.012069,-34.871479,BRIGA,NAO IDENTIFICADO,HOMEM CIS,"Rua 341, MANGABEIRA - Recife/PE",False
FC-00832,CAXANGA,52,04/12/2022 10:54:45,-8.02877,-34.91756,HOMICIDIO/TENTATIVA,NAO IDENTIFICADO,MULHER CIS,"Rua 324, CAXANGA - Recife/PE",False
FC-00833,CAXANGA,26,05/06/2025 21:13:54,-8.025839,-34.917629,DISPARO,PRETA,HOMEM CIS,"Rua 415, CAXANGA - Recife/PE",False
FC-00834,NOVA DESCOBERTA,34,13/12/2024 11:52:42,-8.013288,-34.862095,AMEACA,BRANCA,HOMEM CIS,"Rua 82, NOVA DESCOBERTA - Recife/PE",False
FC-00835,ROSARINHO,26,13/07/2025 02:46:18,-8.041837,-34.868255,TIRO,NAO IDENTIFICADO,HOMEM CIS,"Rua 473, ROSARINHO - Recife/PE",False
FC-00836,VARZEA,20,28/10/2024 21:54:59,-8.026153,-34.911266,HOMICIDIO/TENTATIVA,NAO IDENTIFICADO,MULHER CIS,"Rua 235, VARZEA - Recife/PE",False
FC-00837,SANTO AMARO,13,07/04/2025 21:12:47,-8.061967,-34.868554,DISPARO,NAO IDENTIFICADO,HOMEM CIS,"Rua 186, SANTO AMARO - Recife/PE",False
FC-00838,AFLITOS,36,22/07/2019 21:59:03,-8.043353,-34.872765,OUTRO,PRETA,HOMEM CIS,"Rua 499, AFLITOS - Recife/PE",False
FC-00839,SAN MARTIN,30,05/07/2021 19:25:15,-8.039016,-34.877742,DISPARO,NAO IDENTIFICADO,MULHER CIS,"Rua 124, SAN MARTIN - Recife/PE",True
FC-00840,CORDOARIA,10,26/12/2024 20:05:49,-8.058689,-34.875554,HOMICIDIO/TENTATIVA,PRETA,HOMEM CIS,"Rua 419, CORDOARIA - Recife/PE",False
FC-00841,SANTO AMARO,32,04/02/2019 17:42:58,-8.049044,-34.868898,DISPARO,PRETA,HOMEM CIS,"Rua 12, SANTO AMARO - Recife/PE",False
FC-00842,BREJO DA GUARDEIRA,24,06/10/2019 14:41:44,-8.067235,-34.898552,TIRO,NAO IDENTIFICADO,NAO IDENTIFICADO,"Rua 293, BREJO DA GUARDEIRA - Recife/PE",False
FC-00843,COHAB,35,27/07/2022 20:25:35,-8.063179,-34.89883,ROUBO,PRETA,HOMEM CIS,"Rua 402, COHAB - Recife/PE",False
FC-00844,CASA AMARELA,16,04/11/2023 21:13:42,-8.030579,-34.862779,DISPARO,NAO IDENTIFICADO,HOMEM CIS,"Rua 93, CASA AMARELA - Recife/PE",False
FC-00845,CAXANGA,36,05/01/2021 18:41:10,-8.027756,-34.921252,DISPARO,NAO IDENTIFICADO,HOMEM CIS,"Rua 132, CAXANGA - Recife/PE",False
FC-00846,CAXANGA,26,06/09/2021 15:42:00,-8.022073,-34.917245,DISPARO,BRANCA,HOMEM CIS,"Rua 24, CAXANGA - Recife/PE",False
FC-00847,JAQUEIRA,15,16/10/2022 20:33:58,-8.037835,-34.870129,TIRO,PARDA,HOMEM CIS,"Rua 181, JAQUEIRA - Recife/PE",False
FC-00848,BREJO DA GUARDEIRA,14,07/01/2018 03:54:53,-8.070651,-34.900925,TIRO,PRETA,HOMEM CIS,"Rua 69, BREJO DA GUARDEIRA - Recife/PE",False
FC-00849,BREJO DA GUARDEIRA,59,18/02/2023 09:24:41,-8.068701,-34.904133,HOMICIDIO/TENTATIVA,NAO IDENTIFICADO,HOMEM CIS,"Rua 205, BREJO DA GUARDEIRA - Recife/PE",False
FC-00850,SAN MARTIN,24,03/04/2019 19:17:40,-8.036936,-34.871735,BRIGA,PRETA,MULHER CIS,"Rua 99, SAN MARTIN - Recife/PE",False
FC-00851,AFLITOS,10,11/03/2019 23:27:24,-8.05064,-34.866387,DISPARO,PRETA,HOMEM CIS,"Rua 310, AFLITOS - Recife/PE",True
FC-00852,NOVA DESCOBERTA,34,21/06/2021 02:58:21,-8.017605,-34.863396,TIRO,NAO IDENTIFICADO,HOMEM CIS,"Rua 75, NOVA DESCOBERTA - Recife/PE",False
FC-00853,CURADO,10,04/07/2025 21:07:11,-8.06999,-34.909017,DISPARO,NAO IDENTIFICADO,HOMEM CIS,"Rua 449, CURADO - Recife/PE",False
FC-00854,IPUTINGA,44,18/05/2023 10:06:57,-8.031042,-34.892743,DISPARO,NAO IDENTIFICADO,MULHER CIS,"Rua 163, IPUTINGA - Recife/PE",True
FC-00855,JAQUEIRA,18,18/09/2025 19:54:25,-8.037234,-34.870686,TIRO,NAO IDENTIFICADO,HOMEM CIS,"Rua 66, JAQUEIRA - Recife/PE",False
FC-00856,NOVA DESCOBERTA,25,24/10/2019 10:58:46,-8.017987,-34.863047,TIRO,PRETA,HOMEM CIS,"Rua 190, NOVA DESCOBERTA - Recife/PE",False
FC-00857,BOA VISTA,40,26/06/2020 16:18:17,-8.050704,-34.874885,TIRO,PRETA,HOMEM CIS,"Rua 267, BOA VISTA - Recife/PE",False
FC-00858,JARDIM SAO PAULO,11,14/05/2024 21:54:05,-8.005899,-34.855151,HOMICIDIO/TENTATIVA,PARDA,MULHER CIS,"Rua 40, JARDIM SAO PAULO - Recife/PE",False
FC-00859,AFLITOS,68,16/09/2024 21:00:27,-8.048336,-34.867607,HOMICIDIO/TENTATIVA,NAO IDENTIFICADO,MULHER CIS,"Rua 478, AFLITOS - Recife/PE",False
FC-00860,AFLITOS,41,04/12/2025 15:39:12,-8.044158,-34.866724,OUTRO,NAO IDENTIFICADO,HOMEM CIS,"Rua 382, AFLITOS - Recife/PE",False
FC-00861,IBURA,34,27/11/2025 23:33:43,-8.080833,-34.892159,HOMICIDIO/TENTATIVA,NAO IDENTIFICADO,HOMEM CIS,"Rua 311, IBURA - Recife/PE",False
FC-00862,SAN MARTIN,44,03/03/2025 14:08:32,-8.036711,-34.879877,AMEACA,BRANCA,HOMEM CIS,"Rua 27, SAN MARTIN - Recife/PE",False
FC-00863,ESTACAO,14,27/04/2025 18:49:54,-8.053609,-34.8734,HOMICIDIO/TENTATIVA,NAO IDENTIFICADO,HOMEM CIS,"Rua 154, ESTACAO - Recife/PE",False
FC-00864,ALTO JOSE DO PINHO,29,21/05/2021 17:57:02,-8.016288,-34.886372,TIRO,NAO IDENTIFICADO,HOMEM CIS,"Rua 457, ALTO JOSE DO PINHO - Recife/PE",False
FC-00865,BREJO DA GUARDEIRA,29,04/06/2021 00:56:46,-8.069826,-34.897455,TIRO,NAO IDENTIFICADO,HOMEM CIS,"Rua 182, BREJO DA GUARDEIRA - Recife/PE",False
FC-00866,IBURA,10,04/07/2025 22:00:09,-8.08382,-34.891366,DISPARO,NAO IDENTIFICADO,HOMEM CIS,"Rua 129, IBURA - Recife/PE",False
FC-00867,NOVA DESCOBERTA,44,04/05/2020 23:42:53,-8.016476,-34.87063,DISPARO,NAO IDENTIFICADO,HOMEM CIS,"Rua 72, NOVA DESCOBERTA - Recife/PE",False
FC-00868,IPUTINGA,37,10/04/2020 01:25:26,-8.029906,-34.896569,ROUBO,NAO IDENTIFICADO,HOMEM CIS,"Rua 462, IPUTINGA - Recife/PE",False
FC-00869,IBURA,22,14/02/2025 17:31:51,-8.082554,-34.893814,BRIGA,BRANCA,HOMEM CIS,"Rua 66, IBURA - Recife/PE",False
FC-00870,IPUTINGA,10,05/07/2025 02:06:50,-8.025309,-34.889175,DISPARO,PARDA,HOMEM CIS,"Rua 80, IPUTINGA - Recife/PE",True
FC-00871,IPUTINGA,37,20/07/2024 21:27:30,-8.031413,-34.893604,HOMICIDIO/TENTATIVA,PRETA,HOMEM CIS,"Rua 249, IPUTINGA - Recife/PE",False
FC-00872,COHAB,29,25/05/2020 02:16:44,-8.063204,-34.902995,TIRO,PRETA,HOMEM CIS,"Rua 421, COHAB - Recife/PE",False
FC-00873,ESTACAO,21,06/10/2024 04:54:37,-8.052754,-34.869628,HOMICIDIO/TENTATIVA,PARDA,HOMEM CIS,"Rua 77, ESTACAO - Recife/PE",False
FC-00874,NOVA DESCOBERTA,47,01/07/2025 19:05:55,-8.012886,-34.862633,OUTRO,NAO IDENTIFICADO,HOMEM CIS,"Rua 209, NOVA DESCOBERTA - Recife/PE",True
FC-00875,ALTO JOSE DO PINHO,31,17/01/2021 15:03:19,-8.015769,-34.883771,HOMICIDIO/TENTATIVA,AMARELA,HOMEM CIS,"Rua 187, ALTO JOSE DO PINHO - Recife/PE",False
FC-00876,NOVA DESCOBERTA,19,01/01/2018 01:47:20,-8.01079,-34.862906,HOMICIDIO/TENTATIVA,NAO IDENTIFICADO,HOMEM CIS,"Rua 242, NOVA DESCOBERTA - Recife/PE",False
FC-00877,NOVA DESCOBERTA,24,10/06/2022 02:42:00,-8.016438,-34.86411,HOMICIDIO/TENTATIVA,NAO IDENTIFICADO,HOMEM CIS,"Rua 395, NOVA DESCOBERTA - Recife/PE",False
FC-00878,CAXANGA,35,20/09/2024 14:41:17,-8.024408,-34.919066,DISPARO,PRETA,HOMEM CIS,"Rua 197, CAXANGA - Recife/PE",False
FC-00879,COHAB,50,27/11/2018 05:45:28,-8.061785,-34.904428,TIRO,PRETA,HOMEM CIS,"Rua 39, COHAB - Recife/PE",False
FC-00880,JARDIM SAO PAULO,41,24/09/2024 03:08:12,-8.008098,-34.853806,DISPARO,NAO IDENTIFICADO,HOMEM CIS,"Rua 365, JARDIM SAO PAULO - Recife/PE",False
FC-00881,NOVA DESCOBERTA,57,15/06/2025 19:07:58,-8.015654,-34.867543,ROUBO,PARDA,MULHER CIS,"Rua 248, NOVA DESCOBERTA - Recife/PE",False
FC-00882,ESTACAO,22,05/12/2023 11:36:03,-8.056269,-34.873354,HOMICIDIO/TENTATIVA,NAO IDENTIFICADO,MULHER CIS,"Rua 356, ESTACAO - Recife/PE",False
FC-00883,VARZEA,25,06/02/2022 15:32:24,-8.039217,-34.914953,DISPARO,NAO IDENTIFICADO,HOMEM CIS,"Rua 200, VARZEA - Recife/PE",False
FC-00884,ESTACAO,40,01/12/2020 21:50:32,-8.055723,-34.866442,HOMICIDIO/TENTATIVA,NAO IDENTIFICADO,HOMEM CIS,"Rua 363, ESTACAO - Recife/PE",False
FC-00885,AFLITOS,36,06/02/2020 06:34:15,-8.041908,-34.873974,HOMICIDIO/TENTATIVA,PARDA,HOMEM CIS,"Rua 328, AFLITOS - Recife/PE",False
FC-00886,VARZEA,43,08/11/2024 23:13:34,-8.038276,-34.912329,HOMICIDIO/TENTATIVA,BRANCA,MULHER CIS,"Rua 333, VARZEA - Recife/PE",False
FC-00887,IPUTINGA,32,09/09/2023 20:26:57,-8.02634,-34.896527,HOMICIDIO/TENTATIVA,NAO IDENTIFICADO,HOMEM CIS,"Rua 167, IPUTINGA - Recife/PE",False
FC-00888,ROSARINHO,19,06/05/2024 09:01:34,-8.038208,-34.867845,DISPARO,NAO IDENTIFICADO,HOMEM CIS,"Rua 445, ROSARINHO - Recife/PE",False
FC-00889,TOTOS,35,09/11/2021 21:40:38,-8.042101,-34.862455,TIRO,NAO IDENTIFICADO,HOMEM CIS,"Rua 419, TOTOS - Recife/PE",False
FC-00890,SAN MARTIN,15,05/07/2024 16:46:46,-8.038343,-34.876123,TIRO,NAO IDENTIFICADO,HOMEM CIS,"Rua 76, SAN MARTIN - Recife/PE",False
FC-00891,CURADO,21,19/04/2025 17:46:11,-8.068254,-34.909219,HOMICIDIO/TENTATIVA,NAO IDENTIFICADO,HOMEM CIS,"Rua 11, CURADO - Recife/PE",False
FC-00892,IPUTINGA,24,03/03/2020 15:29:58,-8.031026,-34.898888,TIRO,PARDA,MULHER CIS,"Rua 207, IPUTINGA - Recife/PE",False
FC-00893,COHAB,34,13/07/2023 00:52:00,-8.069694,-34.904714,AMEACA,PRETA,HOMEM CIS,"Rua 330, COHAB - Recife/PE",False
FC-00894,JARDIM SAO PAULO,26,01/10/2025 21:00:50,-8.002963,-34.855906,HOMICIDIO/TENTATIVA,PARDA,HOMEM CIS,"Rua 377, JARDIM SAO PAULO - Recife/PE",False
FC-00895,CASA AMARELA,27,27/08/2024 04:21:30,-8.029804,-34.858995,HOMICIDIO/TENTATIVA,NAO IDENTIFICADO,MULHER CIS,"Rua 29, CASA AMARELA - Recife/PE",False
FC-00896,MANGABEIRA,33,10/09/2018 02:56:53,-8.008592,-34.874607,HOMICIDIO/TENTATIVA,NAO IDENTIFICADO,HOMEM CIS,"Rua 1, MANGABEIRA - Recife/PE",False
FC-00897,JARDIM SAO PAULO,39,22/04/2023 14:56:45,-8.003163,-34.85805,HOMICIDIO/TENTATIVA,NAO IDENTIFICADO,HOMEM CIS,"Rua 58, JARDIM SAO PAULO - Recife/PE",False
FC-00898,ALTO JOSE DO PINHO,25,20/02/2020 13:23:59,-8.020118,-34.885403,BRIGA,NAO IDENTIFICADO,NAO IDENTIFICADO,"Rua 44, ALTO JOSE DO PINHO - Recife/PE",False
FC-00899,CURADO,34,14/11/2023 03:42:43,-8.065706,-34.906755,DISPARO,NAO IDENTIFICADO,HOMEM CIS,"Rua 419, CURADO - Recife/PE",False
FC-00900,IPUTINGA,13,26/05/2021 22:51:04,-8.026134,-34.889013,DISPARO,NAO IDENTIFICADO,MULHER CIS,"Rua 442, IPUTINGA - Recife/PE",False
FC-00901,JARDIM SAO PAULO,34,26/12/2021 21:30:52,-8.001727,-34.848963,HOMICIDIO/TENTATIVA,PRETA,HOMEM CIS,"Rua 296, JARDIM SAO PAULO - Recife/PE",False
FC-00902,ESTACAO,42,12/07/2019 12:27:30,-8.052252,-34.867865,HOMICIDIO/TENTATIVA,NAO IDENTIFICADO,HOMEM CIS,"Rua 212, ESTACAO - Recife/PE",False
FC-00903,BREJO DA GUARDEIRA,31,14/07/2025 18:34:34,-8.069928,-34.901054,BRIGA,NAO IDENTIFICADO,HOMEM CIS,"Rua 275, BREJO DA GUARDEIRA - Recife/PE",False
FC-00904,CASA AMARELA,48,26/12/2023 21:44:05,-8.034455,-34.855403,DISPARO,PRETA,HOMEM CIS,"Rua 2, CASA AMARELA - Recife/PE",False
FC-00905,VARZEA,38,02/02/2019 22:23:54,-8.039198,-34.913897,DISPARO,NAO IDENTIFICADO,MULHER CIS,"Rua 399, VARZEA - Recife/PE",False
FC-00906,CASA AMARELA,10,08/07/2025 06:14:03,-8.030123,-34.857344,ROUBO,NAO IDENTIFICADO,HOMEM CIS,"Rua 61, CASA AMARELA - Recife/PE",False
FC-00907,JAQUEIRA,22,02/06/2025 20:42:37,-8.037629,-34.862138,HOMICIDIO/TENTATIVA,NAO IDENTIFICADO,HOMEM CIS,"Rua 429, JAQUEIRA - Recife/PE",False
FC-00908,BREJO DA GUARDEIRA,23,19/01/2020 21:26:09,-8.073177,-34.895555,HOMICIDIO/TENTATIVA,NAO IDENTIFICADO,HOMEM CIS,"Rua 241, BREJO DA GUARDEIRA - Recife/PE",False
FC-00909,ESPINHEIRO,53,15/06/2021 21:44:00,-8.041989,-34.864966,HOMICIDIO/TENTATIVA,PRETA,HOMEM CIS,"Rua 80, ESPINHEIRO - Recife/PE",False
FC-00910,IBURA,46,27/07/2019 15:56:29,-8.084227,-34.893456,HOMICIDIO/TENTATIVA,PRETA,HOMEM CIS,"Rua 425, IBURA - Recife/PE",False
FC-00911,NOVA DESCOBERTA,44,03/05/2025 17:08:47,-8.009945,-34.863311,HOMICIDIO/TENTATIVA,NAO IDENTIFICADO,HOMEM CIS,"Rua 317, NOVA DESCOBERTA - Recife/PE",False
FC-00912,IBURA,19,27/02/2023 20:30:20,-8.076039,-34.893593,BRIGA,PARDA,HOMEM CIS,"Rua 208, IBURA - Recife/PE",False
FC-00913,CASA AMARELA,25,04/02/2020 02:38:49,-8.030973,-34.855338,TIRO,PARDA,HOMEM CIS,"Rua 15, CASA AMARELA - Recife/PE",False
FC-00914,NOVA DESCOBERTA,40,07/05/2018 18:40:59,-8.013755,-34.86361,HOMICIDIO/TENTATIVA,NAO IDENTIFICADO,HOMEM CIS,"Rua 138, NOVA DESCOBERTA - Recife/PE",True
FC-00915,COHAB,30,11/01/2022 02:19:00,-8.063326,-34.912589,OUTRO,NAO IDENTIFICADO,HOMEM CIS,"Rua 385, COHAB - Recife/PE",False
FC-00916,IPUTINGA,26,23/03/2024 20:21:26,-8.027276,-34.896453,AMEACA,NAO IDENTIFICADO,HOMEM CIS,"Rua 258, IPUTINGA - Recife/PE",False
FC-00917,COHAB,34,28/10/2021 21:18:10,-8.065613,-34.899734,DISPARO,NAO IDENTIFICADO,HOMEM CIS,"Rua 238, COHAB - Recife/PE",False
FC-00918,COHAB,48,21/11/2020 03:45:10,-8.066397,-34.905453,HOMICIDIO/TENTATIVA,BRANCA,HOMEM CIS,"Rua 257, COHAB - Recife/PE",False
FC-00919,ALTO JOSE DO PINHO,29,11/03/2021 11:39:54,-8.021355,-34.884415,BRIGA,PRETA,HOMEM CIS,"Rua 21, ALTO JOSE DO PINHO - Recife/PE",False
FC-00920,CURADO,20,05/02/2023 18:31:06,-8.073392,-34.908132,HOMICIDIO/TENTATIVA,NAO IDENTIFICADO,HOMEM CIS,"Rua 74, CURADO - Recife/PE",False
FC-00921,TOTOS,37,04/08/2025 16:10:59,-8.040413,-34.862314,AMEACA,PARDA,HOMEM CIS,"Rua 35, TOTOS - Recife/PE",False
FC-00922,NOVA DESCOBERTA,22,16/05/2024 23:48:56,-8.014241,-34.862539,HOMICIDIO/TENTATIVA,NAO IDENTIFICADO,HOMEM CIS,"Rua 474, NOVA DESCOBERTA - Recife/PE",False
FC-00923,VARZEA,29,14/07/2024 21:58:43,-8.033636,-34.916549,HOMICIDIO/TENTATIVA,PRETA,HOMEM CIS,"Rua 188, VARZEA - Recife/PE",False
FC-00924,ALTO JOSE DO PINHO,27,09/08/2021 21:43:02,-8.020618,-34.88724,HOMICIDIO/TENTATIVA,NAO IDENTIFICADO,HOMEM CIS,"Rua 330, ALTO JOSE DO PINHO - Recife/PE",False
FC-00925,IBURA,27,10/02/2019 14:36:25,-8.086646,-34.893473,DISPARO,PRETA,HOMEM CIS,"Rua 115, IBURA - Recife/PE",False
FC-00926,CORDOARIA,26,04/08/2023 02:46:06,-8.058769,-34.873724,DISPARO,NAO IDENTIFICADO,HOMEM CIS,"Rua 473, CORDOARIA - Recife/PE",False
FC-00927,CORDOARIA,29,16/10/2021 06:47:30,-8.056562,-34.870376,HOMICIDIO/TENTATIVA,NAO IDENTIFICADO,HOMEM CIS,"Rua 233, CORDOARIA - Recife/PE",False
FC-00928,IBURA,22,20/01/2021 21:03:59,-8.08561,-34.895126,TIRO,NAO IDENTIFICADO,HOMEM CIS,"Rua 405, IBURA - Recife/PE",False
FC-00929,ESTACAO,24,14/11/2025 10:40:11,-8.054056,-34.87331,ROUBO,NAO IDENTIFICADO,HOMEM CIS,"Rua 36, ESTACAO - Recife/PE",False
FC-00930,NOVA DESCOBERTA,14,22/04/2021 22:11:53,-8.016368,-34.864456,DISPARO,PARDA,HOMEM CIS,"Rua 459, NOVA DESCOBERTA - Recife/PE",True
FC-00931,CURADO,37,16/07/2021 16:44:50,-8.071672,-34.911239,HOMICIDIO/TENTATIVA,PARDA,HOMEM CIS,"Rua 357, CURADO - Recife/PE",False
FC-00932,SAN MARTIN,19,07/10/2022 02:42:37,-8.040094,-34.880545,AMEACA,PRETA,MULHER CIS,"Rua 166, SAN MARTIN - Recife/PE",False
FC-00933,SANTO AMARO,40,05/01/2024 22:59:09,-8.063358,-34.871079,AMEACA,PRETA,MULHER CIS,"Rua 163, SANTO AMARO - Recife/PE",False
FC-00934,COHAB,36,27/08/2018 21:40:28,-8.064448,-34.896921,DISPARO,NAO IDENTIFICADO,MULHER CIS,"Rua 297, COHAB - Recife/PE",False
FC-00935,COHAB,34,20/03/2022 14:22:13,-8.068012,-34.905286,DISPARO,BRANCA,HOMEM CIS,"Rua 498, COHAB - Recife/PE",False
FC-00936,SANTO AMARO,8,17/05/2021 21:07:44,-8.058242,-34.872499,DISPARO,NAO IDENTIFICADO,MULHER CIS,"Rua 234, SANTO AMARO - Recife/PE",False
FC-00937,ESTACAO,40,04/06/2025 22:29:27,-8.054649,-34.87135,DISPARO,PARDA,HOMEM CIS,"Rua 284, ESTACAO - Recife/PE",False
FC-00938,BREJO DA GUARDEIRA,22,21/07/2023 11:39:59,-8.064783,-34.900964,AMEACA,NAO IDENTIFICADO,HOMEM CIS,"Rua 51, BREJO DA GUARDEIRA - Recife/PE",False
FC-00939,ROSARINHO,51,04/07/2023 17:48:39,-8.037558,-34.863554,TIRO,NAO IDENTIFICADO,HOMEM CIS,"Rua 52, ROSARINHO - Recife/PE",False
FC-00940,VASCO DA GAMA,34,08/04/2024 21:35:24,-8.053819,-34.885783,TIRO,PARDA,HOMEM CIS,"Rua 439, VASCO DA GAMA - Recife/PE",False
FC-00941,SAN MARTIN,26,23/11/2021 21:25:00,-8.037465,-34.878147,ROUBO,BRANCA,HOMEM CIS,"Rua 401, SAN MARTIN - Recife/PE",False
FC-00942,NOVA DESCOBERTA,13,22/07/2024 08:57:58,-8.015157,-34.859888,HOMICIDIO/TENTATIVA,PARDA,HOMEM CIS,"Rua 8, NOVA DESCOBERTA - Recife/PE",False
FC-00943,IBURA,44,11/06/2024 04:36:27,-8.082186,-34.889146,DISPARO,PARDA,HOMEM CIS,"Rua 499, IBURA - Recife/PE",False
FC-00944,CORDOARIA,25,05/07/2025 22:24:46,-8.063112,-34.875773,HOMICIDIO/TENTATIVA,NAO IDENTIFICADO,HOMEM CIS,"Rua 463, CORDOARIA - Recife/PE",False
FC-00945,IPUTINGA,48,21/02/2019 18:25:53,-8.028822,-34.89373,TIRO,NAO IDENTIFICADO,HOMEM CIS,"Rua 470, IPUTINGA - Recife/PE",False
FC-00946,NOVA DESCOBERTA,26,01/07/2019 19:37:09,-8.009288,-34.860122,HOMICIDIO/TENTATIVA,BRANCA,HOMEM CIS,"Rua 363, NOVA DESCOBERTA - Recife/PE",True
FC-00947,MANGABEIRA,50,21/08/2024 19:22:11,-8.010477,-34.869113,HOMICIDIO/TENTATIVA,PRETA,NAO IDENTIFICADO,"Rua 460, MANGABEIRA - Recife/PE",False
FC-00948,NOVA DESCOBERTA,11,25/07/2024 10:03:17,-8.010569,-34.868503,TIRO,PARDA,HOMEM CIS,"Rua 74, NOVA DESCOBERTA - Recife/PE",False
FC-00949,VASCO DA GAMA,32,04/10/2022 02:18:16,-8.058292,-34.881767,HOMICIDIO/TENTATIVA,PRETA,HOMEM CIS,"Rua 48, VASCO DA GAMA - Recife/PE",False
FC-00950,COHAB,20,14/01/2019 02:40:04,-8.066824,-34.906617,HOMICIDIO/TENTATIVA,BRANCA,MULHER CIS,"Rua 215, COHAB - Recife/PE",False
FC-00951,CORDOARIA,23,06/01/2019 19:40:38,-8.0555,-34.876315,AMEACA,BRANCA,HOMEM CIS,"Rua 61, CORDOARIA - Recife/PE",False
FC-00952,GRACO,30,17/03/2022 21:59:07,-8.039346,-34.87154,TIRO,NAO IDENTIFICADO,NAO IDENTIFICADO,"Rua 16, GRACO - Recife/PE",False
FC-00953,ALTO JOSE DO PINHO,21,01/04/2021 12:14:05,-8.020692,-34.881461,HOMICIDIO/TENTATIVA,PARDA,HOMEM CIS,"Rua 482, ALTO JOSE DO PINHO - Recife/PE",False
FC-00954,COHAB,32,10/11/2023 16:51:31,-8.066594,-34.903548,HOMICIDIO/TENTATIVA,NAO IDENTIFICADO,HOMEM CIS,"Rua 485, COHAB - Recife/PE",False
FC-00955,CORDOARIA,16,13/05/2025 02:50:49,-8.055956,-34.871774,TIRO,NAO IDENTIFICADO,HOMEM CIS,"Rua 85, CORDOARIA - Recife/PE",False
FC-00956,POCO DA PANELA,27,09/12/2021 21:39:06,-8.037516,-34.86466,ROUBO,NAO IDENTIFICADO,MULHER CIS,"Rua 220, POCO DA PANELA - Recife/PE",False
FC-00957,VARZEA,36,17/01/2022 09:26:18,-8.031313,-34.916912,AMEACA,PARDA,HOMEM CIS,"Rua 450, VARZEA - Recife/PE",False
FC-00958,VASCO DA GAMA,38,14/06/2019 21:22:15,-8.061261,-34.881754,HOMICIDIO/TENTATIVA,NAO IDENTIFICADO,MULHER CIS,"Rua 337, VASCO DA GAMA - Recife/PE",False
FC-00959,CORDOARIA,29,11/12/2023 06:36:50,-8.060729,-34.87581,HOMICIDIO/TENTATIVA,NAO IDENTIFICADO,HOMEM CIS,"Rua 120, CORDOARIA - Recife/PE",False
FC-00960,MANGABEIRA,21,23/05/2019 19:56:51,-8.009123,-34.870562,DISPARO,PRETA,HOMEM CIS,"Rua 39, MANGABEIRA - Recife/PE",False
FC-00961,MANGABEIRA,10,07/04/2024 01:31:31,-8.016362,-34.871821,DISPARO,PRETA,HOMEM CIS,"Rua 141, MANGABEIRA - Recife/PE",True
FC-00962,ESTACAO,35,01/10/2021 11:41:50,-8.061243,-34.872499,HOMICIDIO/TENTATIVA,NAO IDENTIFICADO,HOMEM CIS,"Rua 3, ESTACAO - Recife/PE",False
FC-00963,JARDIM SAO PAULO,23,02/09/2025 13:01:04,-8.000835,-34.856155,DISPARO,PARDA,HOMEM CIS,"Rua 425, JARDIM SAO PAULO - Recife/PE",False
FC-00964,CASA AMARELA,34,25/09/2021 12:39:03,-8.031576,-34.866392,AMEACA,NAO IDENTIFICADO,HOMEM CIS,"Rua 357, CASA AMARELA - Recife/PE",False
FC-00965,ROSARINHO,39,04/10/2024 00:03:52,-8.039354,-34.863475,ROUBO,PRETA,HOMEM CIS,"Rua 54, ROSARINHO - Recife/PE",True
FC-00966,ROSARINHO,86,26/12/2019 14:57:34,-8.046252,-34.859826,HOMICIDIO/TENTATIVA,PRETA,MULHER CIS,"Rua 479, ROSARINHO - Recife/PE",False
FC-00967,BOA VISTA,26,03/05/2018 10:44:39,-8.049138,-34.875137,HOMICIDIO/TENTATIVA,PARDA,HOMEM CIS,"Rua 195, BOA VISTA - Recife/PE",False
FC-00968,NOVA DESCOBERTA,24,25/03/2019 18:54:57,-8.016709,-34.864011,DISPARO,NAO IDENTIFICADO,HOMEM CIS,"Rua 229, NOVA DESCOBERTA - Recife/PE",False
FC-00969,SANTO AMARO,11,11/05/2022 21:30:14,-8.055748,-34.871249,DISPARO,NAO IDENTIFICADO,HOMEM CIS,"Rua 393, SANTO AMARO - Recife/PE",False
FC-00970,IPUTINGA,16,28/12/2023 05:04:04,-8.02935,-34.889229,ROUBO,PRETA,HOMEM CIS,"Rua 31, IPUTINGA - Recife/PE",False
FC-00971,VARZEA,23,07/06/2022 21:48:33,-8.033925,-34.917193,DISPARO,NAO IDENTIFICADO,HOMEM CIS,"Rua 161, VARZEA - Recife/PE",False
FC-00972,ESPINHEIRO,39,08/03/2022 22:24:28,-8.039943,-34.862454,HOMICIDIO/TENTATIVA,NAO IDENTIFICADO,HOMEM CIS,"Rua 263, ESPINHEIRO - Recife/PE",False
FC-00973,VARZEA,27,21/10/2023 02:29:56,-8.032994,-34.914706,DISPARO,NAO IDENTIFICADO,HOMEM CIS,"Rua 57, VARZEA - Recife/PE",False
FC-00974,NOVA DESCOBERTA,50,12/08/2023 10:59:35,-8.017156,-34.862765,HOMICIDIO/TENTATIVA,NAO IDENTIFICADO,MULHER CIS,"Rua 221, NOVA DESCOBERTA - Recife/PE",False
FC-00975,VARZEA,27,04/06/2022 01:24:46,-8.035193,-34.914725,HOMICIDIO/TENTATIVA,NAO IDENTIFICADO,HOMEM CIS,"Rua 100, VARZEA - Recife/PE",False
FC-00976,IPUTINGA,33,04/07/2022 20:41:15,-8.028349,-34.892356,DISPARO,PRETA,HOMEM CIS,"Rua 113, IPUTINGA - Recife/PE",False
FC-00977,COHAB,54,08/05/2022 22:44:45,-8.062044,-34.902393,HOMICIDIO/TENTATIVA,PRETA,MULHER CIS,"Rua 202, COHAB - Recife/PE",False
FC-00978,COHAB,24,12/04/2020 19:45:38,-8.067668,-34.902134,HOMICIDIO/TENTATIVA,PARDA,HOMEM CIS,"Rua 2, COHAB - Recife/PE",False
FC-00979,COHAB,40,08/12/2021 04:43:04,-8.060582,-34.906812,DISPARO,PRETA,HOMEM CIS,"Rua 171, COHAB - Recife/PE",False
FC-00980,CURADO,27,09/03/2021 22:10:43,-8.074918,-34.911177,DISPARO,NAO IDENTIFICADO,HOMEM CIS,"Rua 5, CURADO - Recife/PE",False
FC-00981,BREJO DA GUARDEIRA,45,02/02/2020 21:36:43,-8.071399,-34.898079,DISPARO,PRETA,MULHER CIS,"Rua 428, BREJO DA GUARDEIRA - Recife/PE",False
FC-00982,NOVA DESCOBERTA,27,11/12/2019 16:47:22,-8.014028,-34.868443,AMEACA,PARDA,HOMEM CIS,"Rua 132, NOVA DESCOBERTA - Recife/PE",False
FC-00983,SANTO AMARO,31,17/06/2021 21:54:55,-8.066973,-34.870561,AMEACA,NAO IDENTIFICADO,HOMEM CIS,"Rua 306, SANTO AMARO - Recife/PE",False
FC-00984,ALTO JOSE DO PINHO,10,28/07/2019 06:09:22,-8.016382,-34.882668,TIRO,NAO IDENTIFICADO,HOMEM CIS,"Rua 126, ALTO JOSE DO PINHO - Recife/PE",False
FC-00985,MANGABEIRA,35,21/07/2019 02:17:56,-8.005437,-34.872847,HOMICIDIO/TENTATIVA,NAO IDENTIFICADO,HOMEM CIS,"Rua 279, MANGABEIRA - Recife/PE",False
FC-00986,CURADO,50,12/11/2020 22:25:37,-8.067203,-34.91071,DISPARO,BRANCA,HOMEM CIS,"Rua 142, CURADO - Recife/PE",False
FC-00987,IPUTINGA,43,26/07/2023 16:50:50,-8.031319,-34.895474,HOMICIDIO/TENTATIVA,NAO IDENTIFICADO,HOMEM CIS,"Rua 57, IPUTINGA - Recife/PE",False
FC-00988,GRACO,22,20/05/2019 18:10:19,-8.044587,-34.87317,DISPARO,PRETA,HOMEM CIS,"Rua 34, GRACO - Recife/PE",False
FC-00989,POCO DA PANELA,44,16/01/2023 12:27:22,-8.035777,-34.860942,HOMICIDIO/TENTATIVA,NAO IDENTIFICADO,HOMEM CIS,"Rua 1, POCO DA PANELA - Recife/PE",False
FC-00990,IBURA,23,05/09/2022 23:45:17,-8.087462,-34.89119,AMEACA,PARDA,HOMEM CIS,"Rua 376, IBURA - Recife/PE",False
FC-00991,VARZEA,10,08/06/2022 21:40:24,-8.035206,-34.919105,HOMICIDIO/TENTATIVA,NAO IDENTIFICADO,HOMEM CIS,"Rua 496, VARZEA - Recife/PE",False
FC-00992,CURADO,59,22/07/2019 21:51:37,-8.067266,-34.909683,DISPARO,BRANCA,MULHER CIS,"Rua 394, CURADO - Recife/PE",False
FC-00993,VARZEA,45,21/10/2019 16:11:24,-8.037539,-34.91337,HOMICIDIO/TENTATIVA,PRETA,HOMEM CIS,"Rua 427, VARZEA - Recife/PE",False
FC-00994,SAN MARTIN,32,12/12/2025 16:27:29,-8.039208,-34.874183,HOMICIDIO/TENTATIVA,NAO IDENTIFICADO,HOMEM CIS,"Rua 211, SAN MARTIN - Recife/PE",False
FC-00995,SAN MARTIN,42,20/03/2019 22:50:15,-8.039134,-34.882965,AMEACA,NAO IDENTIFICADO,MULHER CIS,"Rua 192, SAN MARTIN - Recife/PE",False
FC-00996,COHAB,18,05/07/2024 15:00:29,-8.065368,-34.90472,HOMICIDIO/TENTATIVA,PRETA,HOMEM CIS,"Rua 448, COHAB - Recife/PE",False
FC-00997,ALTO JOSE DO PINHO,16,11/02/2025 19:52:18,-8.012765,-34.880451,HOMICIDIO/TENTATIVA,NAO IDENTIFICADO,MULHER CIS,"Rua 354, ALTO JOSE DO PINHO - Recife/PE",False
FC-00998,IPUTINGA,37,23/01/2024 05:09:35,-8.027784,-34.893637,TIRO,PRETA,HOMEM CIS,"Rua 254, IPUTINGA - Recife/PE",False
FC-00999,VARZEA,18,01/12/2023 21:39:44,-8.034768,-34.914227,HOMICIDIO/TENTATIVA,PRETA,MULHER CIS,"Rua 35, VARZEA - Recife/PE",False
FC-01000,IBURA,15,01/08/2020 21:28:25,-8.080997,-34.892466,HOMICIDIO/TENTATIVA,NAO IDENTIFICADO,HOMEM CIS,"Rua 63, IBURA - Recife/PE",True
FC-01001,IPUTINGA,10,27/05/2024 19:28:54,-8.030581,-34.894241,HOMICIDIO/TENTATIVA,NAO IDENTIFICADO,HOMEM CIS,"Rua 64, IPUTINGA - Recife/PE",False
FC-01002,ESTACAO,52,17/03/2023 21:34:12,-8.05133,-34.875006,AMEACA,NAO IDENTIFICADO,HOMEM CIS,"Rua 149, ESTACAO - Recife/PE",False
FC-01003,IPUTINGA,35,23/07/2020 21:29:26,-8.032642,-34.889752,DISPARO,PRETA,HOMEM CIS,"Rua 76, IPUTINGA - Recife/PE",False
FC-01004,IBURA,24,21/11/2021 22:39:28,-8.082281,-34.888023,HOMICIDIO/TENTATIVA,PRETA,HOMEM CIS,"Rua 465, IBURA - Recife/PE",True
FC-01005,CORDOARIA,14,12/03/2018 17:55:32,-8.062191,-34.874751,DISPARO,PARDA,HOMEM CIS,"Rua 463, CORDOARIA - Recife/PE",False
FC-01006,BOA VISTA,42,19/12/2021 13:45:54,-8.054558,-34.883496,TIRO,NAO IDENTIFICADO,HOMEM CIS,"Rua 143, BOA VISTA - Recife/PE",False
FC-01007,POCO DA PANELA,24,13/08/2024 23:38:42,-8.033345,-34.858399,HOMICIDIO/TENTATIVA,BRANCA,HOMEM CIS,"Rua 363, POCO DA PANELA - Recife/PE",False
FC-01008,JARDIM SAO PAULO,24,12/10/2021 18:53:25,-8.006234,-34.851538,HOMICIDIO/TENTATIVA,NAO IDENTIFICADO,HOMEM CIS,"Rua 16, JARDIM SAO PAULO - Recife/PE",False
FC-01009,CAXANGA,10,11/08/2025 21:49:51,-8.026166,-34.919429,HOMICIDIO/TENTATIVA,NAO IDENTIFICADO,HOMEM CIS,"Rua 408, CAXANGA - Recife/PE",False
FC-01010,NOVA DESCOBERTA,38,03/07/2024 01:16:07,-8.016529,-34.864897,ROUBO,NAO IDENTIFICADO,MULHER CIS,"Rua 384, NOVA DESCOBERTA - Recife/PE",True
FC-01011,COHAB,10,04/06/2025 20:24:08,-8.066975,-34.903639,AMEACA,PRETA,HOMEM CIS,"Rua 294, COHAB - Recife/PE",False
FC-01012,MANGABEIRA,18,06/12/2020 15:33:51,-8.009823,-34.868659,TIRO,NAO IDENTIFICADO,HOMEM CIS,"Rua 45, MANGABEIRA - Recife/PE",False
FC-01013,BREJO DA GUARDEIRA,25,12/01/2024 21:36:34,-8.069489,-34.902888,HOMICIDIO/TENTATIVA,PRETA,HOMEM CIS,"Rua 175, BREJO DA GUARDEIRA - Recife/PE",False
FC-01014,VARZEA,27,19/04/2022 21:32:22,-8.033169,-34.914529,TIRO,BRANCA,HOMEM CIS,"Rua 461, VARZEA - Recife/PE",False
FC-01015,MANGABEIRA,22,19/02/2021 02:50:33,-8.009327,-34.867856,DISPARO,NAO IDENTIFICADO,HOMEM CIS,"Rua 61, MANGABEIRA - Recife/PE",False
FC-01016,ALTO JOSE DO PINHO,10,27/05/2024 09:45:22,-8.016523,-34.886009,HOMICIDIO/TENTATIVA,NAO IDENTIFICADO,HOMEM CIS,"Rua 447, ALTO JOSE DO PINHO - Recife/PE",False
FC-01017,VARZEA,35,17/10/2022 12:39:03,-8.031408,-34.919115,HOMICIDIO/TENTATIVA,NAO IDENTIFICADO,HOMEM CIS,"Rua 457, VARZEA - Recife/PE",False
FC-01018,COHAB,21,14/06/2018 10:21:56,-8.065866,-34.907351,HOMICIDIO/TENTATIVA,BRANCA,HOMEM CIS,"Rua 72, COHAB - Recife/PE",False
FC-01019,VARZEA,50,08/01/2025 17:51:36,-8.03757,-34.916667,AMEACA,NAO IDENTIFICADO,HOMEM CIS,"Rua 360, VARZEA - Recife/PE",False
FC-01020,CAXANGA,32,20/12/2021 22:56:35,-8.028606,-34.921187,HOMICIDIO/TENTATIVA,NAO IDENTIFICADO,HOMEM CIS,"Rua 67, CAXANGA - Recife/PE",False
FC-01021,NOVA DESCOBERTA,33,16/07/2023 12:54:56,-8.015999,-34.86528,DISPARO,NAO IDENTIFICADO,HOMEM CIS,"Rua 11, NOVA DESCOBERTA - Recife/PE",False
FC-01022,JARDIM SAO PAULO,23,22/07/2023 20:01:35,-8.009543,-34.854035,HOMICIDIO/TENTATIVA,PARDA,HOMEM CIS,"Rua 199, JARDIM SAO PAULO - Recife/PE",False
FC-01023,TOTOS,51,04/08/2019 22:57:23,-8.037945,-34.864324,DISPARO,NAO IDENTIFICADO,HOMEM CIS,"Rua 176, TOTOS - Recife/PE",False
FC-01024,SAN MARTIN,38,25/12/2020 22:50:34,-8.043808,-34.872892,DISPARO,NAO IDENTIFICADO,HOMEM CIS,"Rua 411, SAN MARTIN - Recife/PE",False
FC-01025,IBURA,32,10/03/2019 01:22:38,-8.077104,-34.894199,HOMICIDIO/TENTATIVA,PARDA,HOMEM CIS,"Rua 126, IBURA - Recife/PE",False
FC-01026,ROSARINHO,51,09/02/2023 22:13:31,-8.037675,-34.863341,TIRO,NAO IDENTIFICADO,HOMEM CIS,"Rua 417, ROSARINHO - Recife/PE",False
FC-01027,CORDOARIA,35,10/09/2025 21:15:33,-8.058746,-34.869398,TIRO,NAO IDENTIFICADO,MULHER CIS,"Rua 164, CORDOARIA - Recife/PE",False
FC-01028,BOA VISTA,31,16/10/2023 10:13:58,-8.055901,-34.878352,ROUBO,NAO IDENTIFICADO,HOMEM CIS,"Rua 500, BOA VISTA - Recife/PE",False
FC-01029,ALTO JOSE DO PINHO,27,02/03/2024 23:44:28,-8.01907,-34.88517,HOMICIDIO/TENTATIVA,PRETA,HOMEM CIS,"Rua 233, ALTO JOSE DO PINHO - Recife/PE",False
FC-01030,JAQUEIRA,44,27/05/2023 23:03:17,-8.043853,-34.867569,HOMICIDIO/TENTATIVA,PARDA,HOMEM CIS,"Rua 197, JAQUEIRA - Recife/PE",False
FC-01031,ALTO JOSE DO PINHO,8,22/03/2020 15:03:42,-8.017721,-34.885283,HOMICIDIO/TENTATIVA,NAO IDENTIFICADO,MULHER CIS,"Rua 278, ALTO JOSE DO PINHO - Recife/PE",False
FC-01032,ESPINHEIRO,37,26/05/2021 21:13:48,-8.044592,-34.864162,AMEACA,BRANCA,MULHER CIS,"Rua 372, ESPINHEIRO - Recife/PE",True
FC-01033,CAXANGA,42,26/01/2024 02:24:46,-8.023249,-34.920389,TIRO,NAO IDENTIFICADO,HOMEM CIS,"Rua 148, CAXANGA - Recife/PE",False
FC-01034,CAXANGA,40,09/09/2022 04:24:29,-8.027121,-34.917433,DISPARO,NAO IDENTIFICADO,MULHER CIS,"Rua 474, CAXANGA - Recife/PE",False
FC-01035,NOVA DESCOBERTA,55,25/04/2020 18:21:36,-8.011788,-34.867189,TIRO,NAO IDENTIFICADO,MULHER CIS,"Rua 316, NOVA DESCOBERTA - Recife/PE",False
FC-01036,NOVA DESCOBERTA,34,04/01/2024 12:42:20,-8.018879,-34.863283,TIRO,NAO IDENTIFICADO,HOMEM CIS,"Rua 434, NOVA DESCOBERTA - Recife/PE",False
FC-01037,VARZEA,35,21/08/2025 21:13:26,-8.040609,-34.918485,DISPARO,NAO IDENTIFICADO,HOMEM CIS,"Rua 481, VARZEA - Recife/PE",True
FC-01038,COHAB,28,25/05/2022 21:16:55,-8.065903,-34.908628,BRIGA,PRETA,MULHER CIS,"Rua 117, COHAB - Recife/PE",False
FC-01039,VASCO DA GAMA,34,06/01/2019 20:55:28,-8.054246,-34.880583,HOMICIDIO/TENTATIVA,PRETA,HOMEM CIS,"Rua 22, VASCO DA GAMA - Recife/PE",False
FC-01040,MANGABEIRA,20,22/01/2025 21:54:22,-8.006854,-34.865034,OUTRO,BRANCA,HOMEM CIS,"Rua 23, MANGABEIRA - Recife/PE",False
FC-01041,BREJO DA GUARDEIRA,24,07/04/2022 12:23:53,-8.071837,-34.898526,DISPARO,NAO IDENTIFICADO,HOMEM CIS,"Rua 213, BREJO DA GUARDEIRA - Recife/PE",False
FC-01042,IBURA,25,11/06/2023 23:57:41,-8.082418,-34.889781,HOMICIDIO/TENTATIVA,NAO IDENTIFICADO,HOMEM CIS,"Rua 483, IBURA - Recife/PE",False
FC-01043,GRACO,10,01/10/2025 02:13:51,-8.039045,-34.869782,HOMICIDIO/TENTATIVA,NAO IDENTIFICADO,HOMEM CIS,"Rua 367, GRACO - Recife/PE",False
FC-01044,TOTOS,25,02/10/2020 19:09:24,-8.038268,-34.865113,HOMICIDIO/TENTATIVA,PRETA,HOMEM CIS,"Rua 333, TOTOS - Recife/PE",False
FC-01045,COHAB,10,21/10/2022 18:26:34,-8.060515,-34.904876,HOMICIDIO/TENTATIVA,BRANCA,HOMEM CIS,"Rua 434, COHAB - Recife/PE",False
FC-01046,CURADO,35,09/06/2022 05:36:18,-8.067145,-34.913063,TIRO,PRETA,HOMEM CIS,"Rua 169, CURADO - Recife/PE",False
FC-01047,NOVA DESCOBERTA,35,23/02/2024 08:46:56,-8.015803,-34.86246,DISPARO,NAO IDENTIFICADO,HOMEM CIS,"Rua 41, NOVA DESCOBERTA - Recife/PE",False
FC-01048,IPUTINGA,10,26/08/2023 15:36:52,-8.028297,-34.894808,TIRO,BRANCA,HOMEM CIS,"Rua 65, IPUTINGA - Recife/PE",False
FC-01049,JARDIM SAO PAULO,35,09/10/2023 21:21:20,-8.00359,-34.857123,TIRO,BRANCA,HOMEM CIS,"Rua 210, JARDIM SAO PAULO - Recife/PE",False
FC-01050,ESTACAO,20,15/03/2024 00:07:26,-8.053332,-34.87369,TIRO,PRETA,NAO IDENTIFICADO,"Rua 284, ESTACAO - Recife/PE",False
FC-01051,AFLITOS,40,23/01/2024 04:04:08,-8.046108,-34.880721,ROUBO,NAO IDENTIFICADO,HOMEM CIS,"Rua 272, AFLITOS - Recife/PE",False
FC-01052,JARDIM SAO PAULO,26,10/12/2022 02:57:52,-8.008116,-34.859894,DISPARO,NAO IDENTIFICADO,MULHER CIS,"Rua 303, JARDIM SAO PAULO - Recife/PE",False
FC-01053,BREJO DA GUARDEIRA,15,14/08/2025 19:47:53,-8.069672,-34.896014,HOMICIDIO/TENTATIVA,PRETA,HOMEM CIS,"Rua 388, BREJO DA GUARDEIRA - Recife/PE",False
FC-01054,SAN MARTIN,33,03/09/2025 03:00:37,-8.04182,-34.876632,AMEACA,NAO IDENTIFICADO,HOMEM CIS,"Rua 346, SAN MARTIN - Recife/PE",False
FC-01055,SANTO AMARO,24,08/02/2023 11:21:03,-8.060084,-34.873463,DISPARO,NAO IDENTIFICADO,HOMEM CIS,"Rua 460, SANTO AMARO - Recife/PE",False
FC-01056,ALTO JOSE DO PINHO,10,05/03/2021 01:47:56,-8.02117,-34.884526,HOMICIDIO/TENTATIVA,BRANCA,HOMEM CIS,"Rua 108, ALTO JOSE DO PINHO - Recife/PE",False
FC-01057,ESTACAO,28,04/03/2021 11:31:28,-8.054248,-34.873837,HOMICIDIO/TENTATIVA,PARDA,HOMEM CIS,"Rua 87, ESTACAO - Recife/PE",False
FC-01058,IPUTINGA,40,09/11/2025 03:13:35,-8.031951,-34.890672,AMEACA,AMARELA,MULHER CIS,"Rua 387, IPUTINGA - Recife/PE",False
FC-01059,VARZEA,17,01/04/2022 17:52:01,-8.037257,-34.9194,ROUBO,NAO IDENTIFICADO,HOMEM CIS,"Rua 145, VARZEA - Recife/PE",False
FC-01060,JARDIM SAO PAULO,23,04/05/2024 20:58:54,-8.002074,-34.853453,DISPARO,PRETA,HOMEM CIS,"Rua 456, JARDIM SAO PAULO - Recife/PE",False
FC-01061,ESTACAO,41,12/02/2024 21:47:50,-8.051434,-34.874311,OUTRO,PARDA,HOMEM CIS,"Rua 39, ESTACAO - Recife/PE",False
FC-01062,IPUTINGA,26,23/02/2022 20:57:59,-8.030341,-34.889008,TIRO,NAO IDENTIFICADO,HOMEM CIS,"Rua 52, IPUTINGA - Recife/PE",True
FC-01063,JARDIM SAO PAULO,15,02/11/2023 22:40:00,-8.002319,-34.852321,AMEACA,NAO IDENTIFICADO,HOMEM CIS,"Rua 301, JARDIM SAO PAULO - Recife/PE",False
FC-01064,CORDOARIA,57,24/03/2019 17:08:12,-8.059229,-34.870863,HOMICIDIO/TENTATIVA,PRETA,MULHER CIS,"Rua 46, CORDOARIA - Recife/PE",False
FC-01065,JAQUEIRA,63,20/09/2018 05:11:02,-8.039853,-34.872605,HOMICIDIO/TENTATIVA,PRETA,MULHER CIS,"Rua 135, JAQUEIRA - Recife/PE",False
FC-01066,BREJO DA GUARDEIRA,10,10/03/2022 21:56:18,-8.067862,-34.905649,HOMICIDIO/TENTATIVA,NAO IDENTIFICADO,HOMEM CIS,"Rua 251, BREJO DA GUARDEIRA - Recife/PE",False
FC-01067,POCO DA PANELA,25,25/02/2019 21:26:28,-8.033688,-34.861444,DISPARO,NAO IDENTIFICADO,HOMEM CIS,"Rua 340, POCO DA PANELA - Recife/PE",False
FC-01068,ESTACAO,35,23/07/2021 03:56:30,-8.052333,-34.867163,TIRO,BRANCA,HOMEM CIS,"Rua 443, ESTACAO - Recife/PE",False
FC-01069,ALTO JOSE DO PINHO,18,02/07/2022 18:20:16,-8.022031,-34.887318,HOMICIDIO/TENTATIVA,NAO IDENTIFICADO,HOMEM CIS,"Rua 211, ALTO JOSE DO PINHO - Recife/PE",False
FC-01070,CORDOARIA,39,08/12/2020 13:52:02,-8.055299,-34.871646,ROUBO,NAO IDENTIFICADO,HOMEM CIS,"Rua 210, CORDOARIA - Recife/PE",False
FC-01071,NOVA DESCOBERTA,48,20/10/2019 12:38:34,-8.018534,-34.859998,AMEACA,NAO IDENTIFICADO,MULHER CIS,"Rua 370, NOVA DESCOBERTA - Recife/PE",True
FC-01072,IBURA,48,03/09/2021 19:33:13,-8.079793,-34.886655,HOMICIDIO/TENTATIVA,PARDA,HOMEM CIS,"Rua 102, IBURA - Recife/PE",False
FC-01073,ROSARINHO,8,12/03/2020 13:13:35,-8.041573,-34.867206,TIRO,NAO IDENTIFICADO,MULHER CIS,"Rua 482, ROSARINHO - Recife/PE",False
FC-01074,IBURA,42,02/08/2022 03:19:01,-8.08515,-34.889728,DISPARO,PARDA,MULHER CIS,"Rua 396, IBURA - Recife/PE",False
FC-01075,BOA VISTA,46,05/07/2021 21:56:17,-8.047914,-34.874149,AMEACA,PRETA,HOMEM CIS,"Rua 40, BOA VISTA - Recife/PE",False
FC-01076,COHAB,18,20/09/2018 22:06:47,-8.067541,-34.901251,DISPARO,PARDA,HOMEM CIS,"Rua 201, COHAB - Recife/PE",False
FC-01077,VARZEA,39,10/01/2022 10:12:06,-8.035117,-34.916254,HOMICIDIO/TENTATIVA,NAO IDENTIFICADO,HOMEM CIS,"Rua 336, VARZEA - Recife/PE",False
FC-01078,MANGABEIRA,10,16/05/2021 11:44:34,-8.013213,-34.864266,HOMICIDIO/TENTATIVA,NAO IDENTIFICADO,HOMEM CIS,"Rua 196, MANGABEIRA - Recife/PE",False
FC-01079,IBURA,14,15/02/2022 06:01:25,-8.081432,-34.888978,DISPARO,NAO IDENTIFICADO,HOMEM CIS,"Rua 229, IBURA - Recife/PE",False
FC-01080,CORDOARIA,14,04/02/2024 18:13:55,-8.057446,-34.870186,HOMICIDIO/TENTATIVA,PRETA,HOMEM CIS,"Rua 304, CORDOARIA - Recife/PE",False
FC-01081,NOVA DESCOBERTA,30,25/10/2024 07:49:31,-8.006395,-34.870006,DISPARO,PRETA,HOMEM CIS,"Rua 160, NOVA DESCOBERTA - Recife/PE",False
FC-01082,ESPINHEIRO,46,09/01/2023 20:48:35,-8.042518,-34.865684,TIRO,NAO IDENTIFICADO,MULHER CIS,"Rua 280, ESPINHEIRO - Recife/PE",False
FC-01083,ALTO JOSE DO PINHO,38,28/09/2022 21:46:05,-8.022199,-34.884313,DISPARO,NAO IDENTIFICADO,MULHER CIS,"Rua 218, ALTO JOSE DO PINHO - Recife/PE",False
FC-01084,BOA VISTA,10,07/03/2024 15:07:02,-8.04819,-34.874106,HOMICIDIO/TENTATIVA,PARDA,HOMEM CIS,"Rua 254, BOA VISTA - Recife/PE",False
FC-01085,VARZEA,37,01/07/2022 11:27:18,-8.031826,-34.913897,TIRO,NAO IDENTIFICADO,HOMEM CIS,"Rua 451, VARZEA - Recife/PE",False
FC-01086,SANTO AMARO,31,10/03/2023 17:13:51,-8.060643,-34.872137,DISPARO,PRETA,HOMEM CIS,"Rua 366, SANTO AMARO - Recife/PE",False
FC-01087,CORDOARIA,44,24/12/2021 23:59:08,-8.053691,-34.873714,HOMICIDIO/TENTATIVA,NAO IDENTIFICADO,HOMEM CIS,"Rua 367, CORDOARIA - Recife/PE",False
FC-01088,CAXANGA,30,10/01/2018 20:12:44,-8.027714,-34.916482,HOMICIDIO/TENTATIVA,NAO IDENTIFICADO,HOMEM CIS,"Rua 235, CAXANGA - Recife/PE",False
FC-01089,IPUTINGA,37,08/09/2021 13:00:59,-8.022176,-34.895635,HOMICIDIO/TENTATIVA,NAO IDENTIFICADO,HOMEM CIS,"Rua 146, IPUTINGA - Recife/PE",False
FC-01090,CASA AMARELA,26,09/07/2023 18:41:42,-8.031306,-34.858061,HOMICIDIO/TENTATIVA,PRETA,MULHER CIS,"Rua 304, CASA AMARELA - Recife/PE",False
FC-01091,VARZEA,27,19/09/2019 19:24:21,-8.037619,-34.912356,HOMICIDIO/TENTATIVA,NAO IDENTIFICADO,HOMEM CIS,"Rua 437, VARZEA - Recife/PE",False
FC-01092,BREJO DA GUARDEIRA,38,07/08/2023 04:50:14,-8.072749,-34.895934,ROUBO,PARDA,HOMEM CIS,"Rua 47, BREJO DA GUARDEIRA - Recife/PE",False
FC-01093,JARDIM SAO PAULO,44,02/02/2018 03:51:28,-8.004597,-34.854761,DISPARO,NAO IDENTIFICADO,HOMEM CIS,"Rua 242, JARDIM SAO PAULO - Recife/PE",False
FC-01094,IPUTINGA,36,23/07/2021 16:19:53,-8.030585,-34.89291,DISPARO,NAO IDENTIFICADO,HOMEM CIS,"Rua 272, IPUTINGA - Recife/PE",False
FC-01095,COHAB,10,23/05/2023 03:27:35,-8.062371,-34.909684,HOMICIDIO/TENTATIVA,NAO IDENTIFICADO,HOMEM CIS,"Rua 356, COHAB - Recife/PE",False
FC-01096,POCO DA PANELA,48,28/01/2021 14:29:49,-8.03599,-34.862635,DISPARO,PRETA,HOMEM CIS,"Rua 373, POCO DA PANELA - Recife/PE",False
FC-01097,ESTACAO,22,06/06/2020 22:00:12,-8.053864,-34.866744,ROUBO,PARDA,HOMEM CIS,"Rua 270, ESTACAO - Recife/PE",False
FC-01098,VARZEA,10,01/09/2025 19:02:41,-8.031169,-34.913986,ROUBO,NAO IDENTIFICADO,HOMEM CIS,"Rua 246, VARZEA - Recife/PE",False
FC-01099,CORDOARIA,15,27/10/2018 01:45:59,-8.061226,-34.867971,HOMICIDIO/TENTATIVA,PRETA,NAO IDENTIFICADO,"Rua 312, CORDOARIA - Recife/PE",False
FC-01100,VASCO DA GAMA,18,02/02/2024 14:39:57,-8.05846,-34.876588,ROUBO,NAO IDENTIFICADO,HOMEM CIS,"Rua 362, VASCO DA GAMA - Recife/PE",False
FC-01101,AFLITOS,36,15/01/2024 19:03:20,-8.047814,-34.87135,DISPARO,NAO IDENTIFICADO,MULHER CIS,"Rua 279, AFLITOS - Recife/PE",False
FC-01102,NOVA DESCOBERTA,17,28/11/2021 22:57:45,-8.011698,-34.861816,TIRO,PRETA,MULHER CIS,"Rua 301, NOVA DESCOBERTA - Recife/PE",False
FC-01103,AFLITOS,36,22/11/2021 01:12:52,-8.043915,-34.866716,TIRO,NAO IDENTIFICADO,HOMEM CIS,"Rua 76, AFLITOS - Recife/PE",False
FC-01104,AFLITOS,29,14/09/2020 04:47:53,-8.048546,-34.870652,HOMICIDIO/TENTATIVA,NAO IDENTIFICADO,HOMEM CIS,"Rua 2, AFLITOS - Recife/PE",False
FC-01105,IPUTINGA,55,19/02/2024 22:05:07,-8.031044,-34.894084,DISPARO,NAO IDENTIFICADO,HOMEM CIS,"Rua 94, IPUTINGA - Recife/PE",False
FC-01106,AFLITOS,34,07/01/2024 19:29:05,-8.045162,-34.874947,BRIGA,PRETA,HOMEM CIS,"Rua 483, AFLITOS - Recife/PE",False
FC-01107,NOVA DESCOBERTA,47,05/12/2020 12:24:45,-8.00804,-34.864412,ROUBO,PRETA,MULHER CIS,"Rua 143, NOVA DESCOBERTA - Recife/PE",False
FC-01108,VARZEA,19,10/03/2025 09:28:16,-8.039647,-34.914226,HOMICIDIO/TENTATIVA,NAO IDENTIFICADO,HOMEM CIS,"Rua 182, VARZEA - Recife/PE",False
FC-01109,MANGABEIRA,43,02/03/2023 22:37:24,-8.008574,-34.870007,DISPARO,PRETA,HOMEM CIS,"Rua 292, MANGABEIRA - Recife/PE",False
FC-01110,VARZEA,22,11/04/2024 20:32:35,-8.038276,-34.912496,AMEACA,NAO IDENTIFICADO,HOMEM CIS,"Rua 407, VARZEA - Recife/PE",False
FC-01111,NOVA DESCOBERTA,40,17/02/2020 19:11:30,-8.019637,-34.86023,HOMICIDIO/TENTATIVA,NAO IDENTIFICADO,HOMEM CIS,"Rua 301, NOVA DESCOBERTA - Recife/PE",False
FC-01112,IPUTINGA,36,21/02/2021 13:57:00,-8.023801,-34.897026,ROUBO,PRETA,HOMEM CIS,"Rua 244, IPUTINGA - Recife/PE",False
FC-01113,IPUTINGA,13,18/08/2021 04:01:28,-8.028447,-34.891492,ROUBO,NAO IDENTIFICADO,HOMEM CIS,"Rua 234, IPUTINGA - Recife/PE",False
FC-01114,BREJO DA GUARDEIRA,51,12/12/2020 19:30:43,-8.067882,-34.900728,DISPARO,PRETA,HOMEM CIS,"Rua 21, BREJO DA GUARDEIRA - Recife/PE",False
FC-01115,GRACO,17,14/07/2022 21:36:25,-8.03931,-34.872894,ROUBO,PARDA,MULHER CIS,"Rua 84, GRACO - Recife/PE",False
FC-01116,ALTO JOSE DO PINHO,54,19/04/2025 21:08:42,-8.020853,-34.880228,BRIGA,PARDA,MULHER CIS,"Rua 492, ALTO JOSE DO PINHO - Recife/PE",False
FC-01117,IBURA,38,06/07/2021 16:42:09,-8.082411,-34.893558,HOMICIDIO/TENTATIVA,PARDA,HOMEM CIS,"Rua 89, IBURA - Recife/PE",False
FC-01118,IPUTINGA,25,05/04/2019 20:54:49,-8.026715,-34.892769,HOMICIDIO/TENTATIVA,NAO IDENTIFICADO,HOMEM CIS,"Rua 245, IPUTINGA - Recife/PE",False
FC-01119,VARZEA,22,22/08/2020 14:29:45,-8.035497,-34.914764,DISPARO,NAO IDENTIFICADO,HOMEM CIS,"Rua 470, VARZEA - Recife/PE",False
FC-01120,COHAB,10,27/05/2024 20:55:27,-8.063625,-34.907939,HOMICIDIO/TENTATIVA,PARDA,HOMEM CIS,"Rua 274, COHAB - Recife/PE",False
FC-01121,IBURA,16,06/10/2020 21:23:23,-8.087062,-34.897382,DISPARO,PRETA,HOMEM CIS,"Rua 422, IBURA - Recife/PE",False
FC-01122,IBURA,13,07/08/2020 01:19:27,-8.084127,-34.88614,HOMICIDIO/TENTATIVA,NAO IDENTIFICADO,HOMEM CIS,"Rua 197, IBURA - Recife/PE",False
FC-01123,SANTO AMARO,23,09/01/2024 23:26:11,-8.057467,-34.868799,DISPARO,NAO IDENTIFICADO,HOMEM CIS,"Rua 350, SANTO AMARO - Recife/PE",False
FC-01124,ALTO JOSE DO PINHO,31,28/11/2024 15:51:00,-8.020232,-34.888586,HOMICIDIO/TENTATIVA,PARDA,HOMEM CIS,"Rua 66, ALTO JOSE DO PINHO - Recife/PE",False
FC-01125,MANGABEIRA,47,14/07/2025 21:19:27,-8.004578,-34.875048,DISPARO,NAO IDENTIFICADO,HOMEM CIS,"Rua 325, MANGABEIRA - Recife/PE",False
FC-01126,COHAB,17,11/12/2024 21:23:07,-8.065839,-34.907894,DISPARO,BRANCA,HOMEM CIS,"Rua 218, COHAB - Recife/PE",False
FC-01127,ALTO JOSE DO PINHO,36,19/12/2021 09:32:52,-8.022185,-34.878505,HOMICIDIO/TENTATIVA,PRETA,HOMEM CIS,"Rua 447, ALTO JOSE DO PINHO - Recife/PE",False
FC-01128,SAN MARTIN,44,02/06/2022 22:43:23,-8.039362,-34.874919,HOMICIDIO/TENTATIVA,NAO IDENTIFICADO,HOMEM CIS,"Rua 173, SAN MARTIN - Recife/PE",False
FC-01129,SANTO AMARO,43,01/07/2020 16:19:40,-8.059692,-34.872449,HOMICIDIO/TENTATIVA,NAO IDENTIFICADO,HOMEM CIS,"Rua 58, SANTO AMARO - Recife/PE",True
FC-01130,CORDOARIA,30,05/02/2019 20:40:31,-8.055415,-34.872583,HOMICIDIO/TENTATIVA,PRETA,HOMEM CIS,"Rua 141, CORDOARIA - Recife/PE",False
FC-01131,IPUTINGA,11,27/12/2025 17:29:02,-8.030408,-34.893222,ROUBO,PRETA,HOMEM CIS,"Rua 191, IPUTINGA - Recife/PE",False
FC-01132,IBURA,29,24/09/2019 02:59:40,-8.076082,-34.896158,AMEACA,PRETA,HOMEM CIS,"Rua 217, IBURA - Recife/PE",False
FC-01133,ESTACAO,36,27/02/2024 22:07:50,-8.048533,-34.864186,TIRO,PRETA,HOMEM CIS,"Rua 134, ESTACAO - Recife/PE",False
FC-01134,ROSARINHO,25,12/01/2023 18:13:48,-8.038526,-34.863291,AMEACA,NAO IDENTIFICADO,HOMEM CIS,"Rua 141, ROSARINHO - Recife/PE",False
FC-01135,ESPINHEIRO,32,22/03/2023 11:00:26,-8.042297,-34.866692,TIRO,NAO IDENTIFICADO,HOMEM CIS,"Rua 401, ESPINHEIRO - Recife/PE",False
FC-01136,ESTACAO,10,04/06/2025 06:01:45,-8.050954,-34.870621,DISPARO,NAO IDENTIFICADO,HOMEM CIS,"Rua 33, ESTACAO - Recife/PE",False
FC-01137,BREJO DA GUARDEIRA,27,11/10/2021 18:30:59,-8.063859,-34.902025,DISPARO,PRETA,HOMEM CIS,"Rua 176, BREJO DA GUARDEIRA - Recife/PE",False
FC-01138,IPUTINGA,25,18/04/2024 20:43:24,-8.022025,-34.895496,DISPARO,NAO IDENTIFICADO,HOMEM CIS,"Rua 17, IPUTINGA - Recife/PE",False
FC-01139,SANTO AMARO,23,07/02/2025 21:33:23,-8.058441,-34.867478,DISPARO,NAO IDENTIFICADO,HOMEM CIS,"Rua 385, SANTO AMARO - Recife/PE",False
FC-01140,IPUTINGA,32,19/06/2019 15:48:01,-8.031878,-34.894597,TIRO,NAO IDENTIFICADO,HOMEM CIS,"Rua 146, IPUTINGA - Recife/PE",False
FC-01141,MANGABEIRA,22,28/10/2019 03:25:13,-8.010232,-34.868722,ROUBO,NAO IDENTIFICADO,HOMEM CIS,"Rua 57, MANGABEIRA - Recife/PE",False
FC-01142,MANGABEIRA,35,18/07/2024 15:48:13,-8.015328,-34.866808,AMEACA,NAO IDENTIFICADO,HOMEM CIS,"Rua 307, MANGABEIRA - Recife/PE",False
FC-01143,NOVA DESCOBERTA,33,25/11/2023 19:32:34,-8.010846,-34.863667,TIRO,PRETA,HOMEM CIS,"Rua 116, NOVA DESCOBERTA - Recife/PE",False
FC-01144,CAXANGA,43,13/03/2022 11:34:53,-8.0236,-34.915961,AMEACA,NAO IDENTIFICADO,HOMEM CIS,"Rua 238, CAXANGA - Recife/PE",False
FC-01145,SANTO AMARO,36,14/07/2021 04:01:39,-8.058294,-34.863183,DISPARO,NAO IDENTIFICADO,HOMEM CIS,"Rua 313, SANTO AMARO - Recife/PE",False
FC-01146,VASCO DA GAMA,36,20/06/2025 08:36:40,-8.053279,-34.883829,TIRO,PRETA,NAO IDENTIFICADO,"Rua 47, VASCO DA GAMA - Recife/PE",False
FC-01147,JAQUEIRA,14,28/09/2021 05:58:10,-8.037122,-34.867563,AMEACA,PRETA,HOMEM CIS,"Rua 371, JAQUEIRA - Recife/PE",False
FC-01148,CURADO,22,03/05/2021 22:13:36,-8.069577,-34.905234,ROUBO,BRANCA,HOMEM CIS,"Rua 126, CURADO - Recife/PE",False
FC-01149,BOA VISTA,38,04/11/2022 21:53:21,-8.053423,-34.875335,HOMICIDIO/TENTATIVA,NAO IDENTIFICADO,HOMEM CIS,"Rua 466, BOA VISTA - Recife/PE",False
FC-01150,VARZEA,20,14/11/2018 21:30:55,-8.036163,-34.916241,HOMICIDIO/TENTATIVA,BRANCA,HOMEM CIS,"Rua 401, VARZEA - Recife/PE",False
FC-01151,ESTACAO,24,18/11/2024 20:28:30,-8.056765,-34.871383,HOMICIDIO/TENTATIVA,PRETA,HOMEM CIS,"Rua 31, ESTACAO - Recife/PE",False
FC-01152,IPUTINGA,23,17/12/2021 19:28:27,-8.036788,-34.886841,AMEACA,PARDA,HOMEM CIS,"Rua 54, IPUTINGA - Recife/PE",False
FC-01153,VARZEA,43,12/03/2019 15:21:09,-8.036129,-34.914944,AMEACA,PARDA,HOMEM CIS,"Rua 408, VARZEA - Recife/PE",False
FC-01154,ALTO JOSE DO PINHO,15,16/12/2022 21:48:16,-8.014913,-34.879308,TIRO,NAO IDENTIFICADO,HOMEM CIS,"Rua 353, ALTO JOSE DO PINHO - Recife/PE",False
FC-01155,SAN MARTIN,31,05/03/2023 17:01:14,-8.036929,-34.877474,DISPARO,PRETA,HOMEM CIS,"Rua 289, SAN MARTIN - Recife/PE",False
FC-01156,CORDOARIA,13,23/08/2023 15:18:09,-8.059235,-34.872604,HOMICIDIO/TENTATIVA,BRANCA,HOMEM CIS,"Rua 356, CORDOARIA - Recife/PE",False
FC-01157,COHAB,24,19/04/2020 12:37:00,-8.065656,-34.905274,HOMICIDIO/TENTATIVA,PARDA,HOMEM CIS,"Rua 370, COHAB - Recife/PE",False
FC-01158,ALTO JOSE DO PINHO,30,21/06/2025 03:54:32,-8.019843,-34.888182,DISPARO,NAO IDENTIFICADO,MULHER CIS,"Rua 192, ALTO JOSE DO PINHO - Recife/PE",False
FC-01159,CORDOARIA,21,13/08/2022 00:04:21,-8.061854,-34.870067,ROUBO,PRETA,MULHER CIS,"Rua 106, CORDOARIA - Recife/PE",False
FC-01160,NOVA DESCOBERTA,10,16/06/2023 16:58:40,-8.011539,-34.860841,AMEACA,PARDA,HOMEM CIS,"Rua 431, NOVA DESCOBERTA - Recife/PE",False
FC-01161,ESPINHEIRO,26,22/06/2024 01:40:06,-8.049809,-34.869084,ROUBO,PARDA,HOMEM CIS,"Rua 260, ESPINHEIRO - Recife/PE",False
FC-01162,IBURA,29,15/01/2025 18:15:15,-8.085032,-34.893546,TIRO,NAO IDENTIFICADO,HOMEM CIS,"Rua 379, IBURA - Recife/PE",False
FC-01163,VARZEA,53,02/03/2023 23:17:35,-8.033005,-34.917774,HOMICIDIO/TENTATIVA,PARDA,MULHER CIS,"Rua 381, VARZEA - Recife/PE",False
FC-01164,VARZEA,9,07/01/2022 06:37:48,-8.035981,-34.91564,ROUBO,NAO IDENTIFICADO,MULHER CIS,"Rua 238, VARZEA - Recife/PE",False
FC-01165,COHAB,38,04/08/2018 16:30:12,-8.066606,-34.903466,AMEACA,NAO IDENTIFICADO,MULHER CIS,"Rua 302, COHAB - Recife/PE",False
FC-01166,VARZEA,53,24/02/2025 22:49:41,-8.032553,-34.915144,DISPARO,PRETA,HOMEM CIS,"Rua 413, VARZEA - Recife/PE",False
FC-01167,VASCO DA GAMA,27,16/05/2021 19:21:32,-8.05607,-34.876458,HOMICIDIO/TENTATIVA,AMARELA,HOMEM CIS,"Rua 146, VASCO DA GAMA - Recife/PE",False
FC-01168,JAQUEIRA,22,17/09/2020 12:28:07,-8.037864,-34.867846,HOMICIDIO/TENTATIVA,PARDA,HOMEM CIS,"Rua 485, JAQUEIRA - Recife/PE",False
FC-01169,VARZEA,23,03/03/2022 21:43:19,-8.039117,-34.914031,DISPARO,PARDA,HOMEM CIS,"Rua 442, VARZEA - Recife/PE",False
FC-01170,SAN MARTIN,29,07/04/2024 12:19:20,-8.038499,-34.879601,HOMICIDIO/TENTATIVA,NAO IDENTIFICADO,HOMEM CIS,"Rua 242, SAN MARTIN - Recife/PE",False
FC-01171,COHAB,44,07/03/2019 21:50:10,-8.06763,-34.899864,DISPARO,PRETA,HOMEM CIS,"Rua 313, COHAB - Recife/PE",False
FC-01172,SANTO AMARO,10,25/07/2023 20:14:59,-8.056696,-34.868574,DISPARO,NAO IDENTIFICADO,HOMEM CIS,"Rua 479, SANTO AMARO - Recife/PE",False
FC-01173,CAXANGA,20,11/12/2021 16:27:36,-8.023727,-34.916161,HOMICIDIO/TENTATIVA,NAO IDENTIFICADO,HOMEM CIS,"Rua 214, CAXANGA - Recife/PE",False
FC-01174,IBURA,8,15/03/2023 21:01:52,-8.080492,-34.89948,DISPARO,NAO IDENTIFICADO,MULHER CIS,"Rua 107, IBURA - Recife/PE",False
FC-01175,SANTO AMARO,18,11/07/2021 18:47:12,-8.053113,-34.871745,HOMICIDIO/TENTATIVA,PARDA,HOMEM CIS,"Rua 317, SANTO AMARO - Recife/PE",False
FC-01176,ALTO JOSE DO PINHO,15,24/08/2021 19:02:49,-8.020594,-34.878796,HOMICIDIO/TENTATIVA,NAO IDENTIFICADO,MULHER CIS,"Rua 353, ALTO JOSE DO PINHO - Recife/PE",False
FC-01177,JAQUEIRA,10,04/01/2023 01:21:17,-8.041154,-34.863508,OUTRO,NAO IDENTIFICADO,HOMEM CIS,"Rua 225, JAQUEIRA - Recife/PE",False
FC-01178,JARDIM SAO PAULO,52,14/12/2021 21:55:09,-8.00531,-34.858717,TIRO,NAO IDENTIFICADO,HOMEM CIS,"Rua 294, JARDIM SAO PAULO - Recife/PE",False
FC-01179,VARZEA,55,18/05/2024 18:18:44,-8.030217,-34.912963,DISPARO,NAO IDENTIFICADO,HOMEM CIS,"Rua 396, VARZEA - Recife/PE",True
FC-01180,TOTOS,20,25/06/2025 16:56:13,-8.038147,-34.865481,TIRO,PRETA,MULHER CIS,"Rua 240, TOTOS - Recife/PE",False
FC-01181,NOVA DESCOBERTA,33,24/10/2020 22:08:07,-8.010647,-34.862362,BRIGA,NAO IDENTIFICADO,HOMEM CIS,"Rua 219, NOVA DESCOBERTA - Recife/PE",False
FC-01182,CORDOARIA,17,12/09/2025 00:27:02,-8.053871,-34.872061,DISPARO,NAO IDENTIFICADO,HOMEM CIS,"Rua 448, CORDOARIA - Recife/PE",False
FC-01183,POCO DA PANELA,38,03/12/2023 18:35:49,-8.0306,-34.865335,DISPARO,NAO IDENTIFICADO,HOMEM CIS,"Rua 82, POCO DA PANELA - Recife/PE",False
FC-01184,POCO DA PANELA,31,25/04/2023 02:43:27,-8.036594,-34.866704,ROUBO,NAO IDENTIFICADO,MULHER CIS,"Rua 239, POCO DA PANELA - Recife/PE",False
FC-01185,SAN MARTIN,36,19/11/2018 13:33:49,-8.032465,-34.88352,TIRO,PRETA,MULHER CIS,"Rua 420, SAN MARTIN - Recife/PE",False
FC-01186,JAQUEIRA,31,01/07/2023 00:20:27,-8.036078,-34.867631,HOMICIDIO/TENTATIVA,NAO IDENTIFICADO,MULHER CIS,"Rua 439, JAQUEIRA - Recife/PE",False
FC-01187,NOVA DESCOBERTA,28,12/10/2023 22:45:55,-8.018898,-34.864302,DISPARO,NAO IDENTIFICADO,HOMEM CIS,"Rua 97, NOVA DESCOBERTA - Recife/PE",False
FC-01188,TOTOS,20,25/01/2023 03:22:04,-8.04457,-34.861416,HOMICIDIO/TENTATIVA,NAO IDENTIFICADO,HOMEM CIS,"Rua 162, TOTOS - Recife/PE",False
FC-01189,JARDIM SAO PAULO,41,07/04/2025 21:01:08,-8.004845,-34.854313,HOMICIDIO/TENTATIVA,NAO IDENTIFICADO,HOMEM CIS,"Rua 484, JARDIM SAO PAULO - Recife/PE",False
FC-01190,SAN MARTIN,47,07/12/2024 14:28:28,-8.039327,-34.875288,DISPARO,NAO IDENTIFICADO,MULHER CIS,"Rua 106, SAN MARTIN - Recife/PE",False
FC-01191,TOTOS,26,24/10/2022 17:10:48,-8.034064,-34.864038,BRIGA,NAO IDENTIFICADO,HOMEM CIS,"Rua 482, TOTOS - Recife/PE",False
FC-01192,ALTO JOSE DO PINHO,32,26/02/2020 17:30:16,-8.02381,-34.884139,HOMICIDIO/TENTATIVA,PRETA,HOMEM CIS,"Rua 484, ALTO JOSE DO PINHO - Recife/PE",False
FC-01193,SAN MARTIN,20,12/06/2024 22:53:04,-8.041915,-34.880446,DISPARO,PARDA,HOMEM CIS,"Rua 435, SAN MARTIN - Recife/PE",False
FC-01194,SANTO AMARO,17,01/08/2024 23:17:46,-8.051626,-34.866006,TIRO,PRETA,HOMEM CIS,"Rua 166, SANTO AMARO - Recife/PE",False
FC-01195,IBURA,58,23/03/2022 16:02:03,-8.085669,-34.891786,HOMICIDIO/TENTATIVA,NAO IDENTIFICADO,MULHER CIS,"Rua 108, IBURA - Recife/PE",False
FC-01196,CURADO,14,06/03/2019 22:09:47,-8.072087,-34.912754,DISPARO,NAO IDENTIFICADO,HOMEM CIS,"Rua 343, CURADO - Recife/PE",False
FC-01197,VARZEA,49,13/05/2022 19:58:53,-8.036189,-34.911795,HOMICIDIO/TENTATIVA,NAO IDENTIFICADO,MULHER CIS,"Rua 165, VARZEA - Recife/PE",False
FC-01198,IBURA,37,14/03/2024 01:24:48,-8.075089,-34.896438,DISPARO,NAO IDENTIFICADO,HOMEM CIS,"Rua 269, IBURA - Recife/PE",False
FC-01199,VARZEA,45,04/02/2021 23:29:26,-8.031561,-34.91792,HOMICIDIO/TENTATIVA,NAO IDENTIFICADO,HOMEM CIS,"Rua 275, VARZEA - Recife/PE",False
FC-01200,SAN MARTIN,46,05/05/2022 12:34:23,-8.038992,-34.878682,HOMICIDIO/TENTATIVA,PARDA,MULHER CIS,"Rua 343, SAN MARTIN - Recife/PE",False
FC-01201,AFLITOS,20,17/04/2020 03:09:14,-8.047157,-34.865851,ROUBO,PRETA,HOMEM CIS,"Rua 381, AFLITOS - Recife/PE",False
FC-01202,COHAB,30,24/03/2020 19:21:45,-8.062654,-34.907373,HOMICIDIO/TENTATIVA,PARDA,HOMEM CIS,"Rua 343, COHAB - Recife/PE",False
FC-01203,BREJO DA GUARDEIRA,20,14/06/2025 14:09:37,-8.066754,-34.904049,HOMICIDIO/TENTATIVA,AMARELA,HOMEM CIS,"Rua 436, BREJO DA GUARDEIRA - Recife/PE",False
FC-01204,IBURA,26,01/03/2020 03:02:53,-8.081898,-34.891666,HOMICIDIO/TENTATIVA,NAO IDENTIFICADO,MULHER CIS,"Rua 83, IBURA - Recife/PE",False
FC-01205,CORDOARIA,27,13/10/2020 16:13:29,-8.056813,-34.870921,ROUBO,NAO IDENTIFICADO,HOMEM CIS,"Rua 280, CORDOARIA - Recife/PE",False
FC-01206,SAN MARTIN,38,09/03/2021 13:55:31,-8.042957,-34.878852,DISPARO,PRETA,HOMEM CIS,"Rua 234, SAN MARTIN - Recife/PE",False
FC-01207,SANTO AMARO,44,14/06/2018 19:34:08,-8.055316,-34.874119,DISPARO,NAO IDENTIFICADO,HOMEM CIS,"Rua 500, SANTO AMARO - Recife/PE",False
FC-01208,SAN MARTIN,34,15/05/2025 15:05:55,-8.045935,-34.877859,HOMICIDIO/TENTATIVA,PRETA,HOMEM CIS,"Rua 94, SAN MARTIN - Recife/PE",False
FC-01209,CORDOARIA,58,25/04/2024 00:46:47,-8.060844,-34.875503,HOMICIDIO/TENTATIVA,AMARELA,MULHER CIS,"Rua 308, CORDOARIA - Recife/PE",False
FC-01210,TOTOS,39,08/09/2022 20:33:10,-8.042628,-34.866898,HOMICIDIO/TENTATIVA,NAO IDENTIFICADO,HOMEM CIS,"Rua 52, TOTOS - Recife/PE",False
FC-01211,SANTO AMARO,37,05/12/2025 18:39:27,-8.059903,-34.870708,HOMICIDIO/TENTATIVA,PARDA,HOMEM CIS,"Rua 143, SANTO AMARO - Recife/PE",False
FC-01212,IBURA,42,16/07/2022 16:08:46,-8.080735,-34.8912,DISPARO,NAO IDENTIFICADO,MULHER CIS,"Rua 1, IBURA - Recife/PE",False
FC-01213,COHAB,25,03/10/2024 01:26:08,-8.06389,-34.905371,HOMICIDIO/TENTATIVA,PRETA,HOMEM CIS,"Rua 422, COHAB - Recife/PE",False
FC-01214,VARZEA,32,21/03/2021 15:37:12,-8.036491,-34.915548,BRIGA,BRANCA,NAO IDENTIFICADO,"Rua 180, VARZEA - Recife/PE",False
FC-01215,IBURA,18,19/12/2019 22:09:13,-8.082105,-34.894433,ROUBO,NAO IDENTIFICADO,MULHER CIS,"Rua 345, IBURA - Recife/PE",False
FC-01216,NOVA DESCOBERTA,16,20/11/2022 16:42:28,-8.014224,-34.864362,DISPARO,PRETA,HOMEM CIS,"Rua 64, NOVA DESCOBERTA - Recife/PE",False
FC-01217,MANGABEIRA,39,11/12/2024 21:02:24,-8.011293,-34.868776,ROUBO,NAO IDENTIFICADO,HOMEM CIS,"Rua 131, MANGABEIRA - Recife/PE",False
FC-01218,COHAB,36,25/08/2023 11:33:06,-8.063666,-34.907477,ROUBO,PRETA,HOMEM CIS,"Rua 375, COHAB - Recife/PE",False
FC-01219,BREJO DA GUARDEIRA,31,14/12/2023 15:40:06,-8.068908,-34.899978,ROUBO,NAO IDENTIFICADO,HOMEM CIS,"Rua 144, BREJO DA GUARDEIRA - Recife/PE",False
FC-01220,CAXANGA,10,27/11/2021 09:22:05,-8.024519,-34.913362,TIRO,BRANCA,HOMEM CIS,"Rua 366, CAXANGA - Recife/PE",True
FC-01221,CASA AMARELA,25,25/02/2023 21:31:35,-8.034184,-34.85888,DISPARO,NAO IDENTIFICADO,HOMEM CIS,"Rua 290, CASA AMARELA - Recife/PE",False
FC-01222,CORDOARIA,33,27/10/2023 21:06:36,-8.054422,-34.876774,DISPARO,BRANCA,HOMEM CIS,"Rua 495, CORDOARIA - Recife/PE",False
FC-01223,TOTOS,38,23/07/2021 21:22:41,-8.036229,-34.865426,ROUBO,PRETA,HOMEM CIS,"Rua 437, TOTOS - Recife/PE",False
FC-01224,SAN MARTIN,36,25/12/2024 15:58:01,-8.036912,-34.875383,DISPARO,NAO IDENTIFICADO,MULHER CIS,"Rua 93, SAN MARTIN - Recife/PE",False
FC-01225,IBURA,15,15/12/2024 21:16:22,-8.07954,-34.892194,ROUBO,NAO IDENTIFICADO,MULHER CIS,"Rua 177, IBURA - Recife/PE",False
FC-01226,IPUTINGA,33,21/12/2021 10:50:10,-8.02778,-34.893451,AMEACA,NAO IDENTIFICADO,MULHER CIS,"Rua 395, IPUTINGA - Recife/PE",False
FC-01227,CAXANGA,44,28/03/2024 17:05:21,-8.025251,-34.923359,AMEACA,PRETA,HOMEM CIS,"Rua 276, CAXANGA - Recife/PE",False
FC-01228,ESPINHEIRO,26,03/12/2019 19:20:39,-8.041464,-34.864312,AMEACA,NAO IDENTIFICADO,MULHER CIS,"Rua 96, ESPINHEIRO - Recife/PE",False
FC-01229,ESPINHEIRO,37,12/08/2021 21:10:20,-8.044552,-34.860544,DISPARO,PARDA,HOMEM CIS,"Rua 98, ESPINHEIRO - Recife/PE",True
FC-01230,BREJO DA GUARDEIRA,35,06/09/2024 14:44:04,-8.066174,-34.900455,DISPARO,PRETA,MULHER CIS,"Rua 47, BREJO DA GUARDEIRA - Recife/PE",False
FC-01231,AFLITOS,39,18/06/2019 13:08:58,-8.042482,-34.868345,ROUBO,PRETA,MULHER CIS,"Rua 433, AFLITOS - Recife/PE",False
FC-01232,JAQUEIRA,42,11/02/2023 23:28:52,-8.035383,-34.868945,HOMICIDIO/TENTATIVA,PARDA,HOMEM CIS,"Rua 281, JAQUEIRA - Recife/PE",True
FC-01233,VARZEA,22,08/04/2023 21:28:41,-8.034002,-34.912201,HOMICIDIO/TENTATIVA,NAO IDENTIFICADO,NAO IDENTIFICADO,"Rua 75, VARZEA - Recife/PE",False
FC-01234,IBURA,27,18/07/2024 18:36:12,-8.078804,-34.887642,TIRO,NAO IDENTIFICADO,HOMEM CIS,"Rua 435, IBURA - Recife/PE",False
FC-01235,ALTO JOSE DO PINHO,19,23/05/2021 21:23:51,-8.022511,-34.885421,ROUBO,PRETA,HOMEM CIS,"Rua 221, ALTO JOSE DO PINHO - Recife/PE",False
FC-01236,CORDOARIA,36,05/12/2021 12:52:44,-8.059574,-34.868943,HOMICIDIO/TENTATIVA,BRANCA,MULHER CIS,"Rua 276, CORDOARIA - Recife/PE",False
FC-01237,MANGABEIRA,35,11/09/2023 02:52:38,-8.009882,-34.874308,OUTRO,BRANCA,HOMEM CIS,"Rua 179, MANGABEIRA - Recife/PE",False
FC-01238,AFLITOS,14,27/10/2022 01:39:28,-8.044157,-34.878398,OUTRO,PRETA,HOMEM CIS,"Rua 224, AFLITOS - Recife/PE",False
FC-01239,IBURA,38,16/06/2023 21:09:04,-8.082474,-34.882271,DISPARO,NAO IDENTIFICADO,NAO IDENTIFICADO,"Rua 34, IBURA - Recife/PE",False
FC-01240,JAQUEIRA,57,16/10/2018 15:48:08,-8.038544,-34.868319,ROUBO,NAO IDENTIFICADO,HOMEM CIS,"Rua 111, JAQUEIRA - Recife/PE",False
FC-01241,SANTO AMARO,41,14/09/2020 03:34:43,-8.05289,-34.874914,HOMICIDIO/TENTATIVA,PRETA,HOMEM CIS,"Rua 442, SANTO AMARO - Recife/PE",False
FC-01242,IBURA,10,20/02/2019 01:26:46,-8.083866,-34.890252,DISPARO,PRETA,HOMEM CIS,"Rua 100, IBURA - Recife/PE",False
FC-01243,NOVA DESCOBERTA,35,16/11/2020 20:21:05,-8.011791,-34.868599,HOMICIDIO/TENTATIVA,PARDA,HOMEM CIS,"Rua 207, NOVA DESCOBERTA - Recife/PE",False
FC-01244,MANGABEIRA,8,28/03/2023 13:06:19,-8.007426,-34.872485,DISPARO,NAO IDENTIFICADO,MULHER CIS,"Rua 363, MANGABEIRA - Recife/PE",False
FC-01245,ESTACAO,10,21/06/2020 19:21:28,-8.052565,-34.86862,HOMICIDIO/TENTATIVA,NAO IDENTIFICADO,HOMEM CIS,"Rua 269, ESTACAO - Recife/PE",False
FC-01246,NOVA DESCOBERTA,30,06/02/2023 00:33:00,-8.016374,-34.865478,DISPARO,NAO IDENTIFICADO,MULHER CIS,"Rua 197, NOVA DESCOBERTA - Recife/PE",True
FC-01247,IPUTINGA,25,07/03/2018 19:31:11,-8.032044,-34.895144,DISPARO,PRETA,HOMEM CIS,"Rua 500, IPUTINGA - Recife/PE",False
FC-01248,IPUTINGA,39,23/08/2023 21:49:11,-8.027035,-34.892496,DISPARO,BRANCA,MULHER CIS,"Rua 417, IPUTINGA - Recife/PE",False
FC-01249,CASA AMARELA,18,26/02/2025 22:59:18,-8.032545,-34.866531,DISPARO,NAO IDENTIFICADO,HOMEM CIS,"Rua 350, CASA AMARELA - Recife/PE",False
FC-01250,VARZEA,32,11/10/2023 22:59:42,-8.030713,-34.919422,DISPARO,BRANCA,HOMEM CIS,"Rua 200, VARZEA - Recife/PE",False
FC-01251,POCO DA PANELA,23,08/03/2020 23:31:12,-8.034013,-34.858241,HOMICIDIO/TENTATIVA,PRETA,MULHER CIS,"Rua 22, POCO DA PANELA - Recife/PE",False
FC-01252,CORDOARIA,25,25/12/2025 21:06:54,-8.060077,-34.878907,AMEACA,BRANCA,MULHER CIS,"Rua 340, CORDOARIA - Recife/PE",False
FC-01253,SANTO AMARO,33,21/09/2022 05:20:08,-8.051874,-34.869168,TIRO,PRETA,MULHER CIS,"Rua 102, SANTO AMARO - Recife/PE",False
FC-01254,IPUTINGA,29,04/08/2022 12:30:39,-8.027034,-34.893033,DISPARO,NAO IDENTIFICADO,HOMEM CIS,"Rua 255, IPUTINGA - Recife/PE",False
FC-01255,ROSARINHO,20,07/01/2022 22:19:57,-8.03753,-34.864323,TIRO,PARDA,HOMEM CIS,"Rua 461, ROSARINHO - Recife/PE",False
FC-01256,MANGABEIRA,30,13/05/2018 04:34:03,-8.012926,-34.866089,HOMICIDIO/TENTATIVA,NAO IDENTIFICADO,HOMEM CIS,"Rua 351, MANGABEIRA - Recife/PE",False
FC-01257,CURADO,37,02/12/2021 22:06:29,-8.071659,-34.906995,HOMICIDIO/TENTATIVA,NAO IDENTIFICADO,HOMEM CIS,"Rua 457, CURADO - Recife/PE",False
FC-01258,NOVA DESCOBERTA,24,01/10/2023 01:24:13,-8.017346,-34.867279,DISPARO,PRETA,HOMEM CIS,"Rua 60, NOVA DESCOBERTA - Recife/PE",False
FC-01259,JARDIM SAO PAULO,10,13/03/2024 21:23:58,-8.003585,-34.860493,AMEACA,NAO IDENTIFICADO,HOMEM CIS,"Rua 23, JARDIM SAO PAULO - Recife/PE",False
FC-01260,VARZEA,15,19/11/2025 20:57:40,-8.041227,-34.915258,HOMICIDIO/TENTATIVA,PRETA,HOMEM CIS,"Rua 482, VARZEA - Recife/PE",False
FC-01261,CURADO,28,13/07/2021 10:57:12,-8.07098,-34.913128,TIRO,NAO IDENTIFICADO,HOMEM CIS,"Rua 250, CURADO - Recife/PE",False
FC-01262,NOVA DESCOBERTA,15,22/03/2024 20:04:40,-8.013607,-34.866652,HOMICIDIO/TENTATIVA,PRETA,HOMEM CIS,"Rua 82, NOVA DESCOBERTA - Recife/PE",False
FC-01263,CURADO,33,22/05/2025 20:44:25,-8.072656,-34.909457,HOMICIDIO/TENTATIVA,NAO IDENTIFICADO,HOMEM CIS,"Rua 147, CURADO - Recife/PE",False
FC-01264,IPUTINGA,45,03/04/2024 18:31:12,-8.026242,-34.894237,HOMICIDIO/TENTATIVA,NAO IDENTIFICADO,HOMEM CIS,"Rua 19, IPUTINGA - Recife/PE",False
FC-01265,SAN MARTIN,33,26/12/2020 01:27:39,-8.040722,-34.877976,AMEACA,NAO IDENTIFICADO,HOMEM CIS,"Rua 379, SAN MARTIN - Recife/PE",False
FC-01266,VARZEA,26,25/04/2024 06:20:02,-8.035493,-34.914364,BRIGA,NAO IDENTIFICADO,HOMEM CIS,"Rua 486, VARZEA - Recife/PE",False
FC-01267,VARZEA,18,02/11/2022 14:09:18,-8.038048,-34.919166,HOMICIDIO/TENTATIVA,NAO IDENTIFICADO,MULHER CIS,"Rua 116, VARZEA - Recife/PE",False
FC-01268,VARZEA,10,27/02/2025 08:33:18,-8.038652,-34.914522,DISPARO,PRETA,HOMEM CIS,"Rua 74, VARZEA - Recife/PE",False
FC-01269,MANGABEIRA,19,20/01/2022 20:46:59,-8.008459,-34.869896,HOMICIDIO/TENTATIVA,NAO IDENTIFICADO,HOMEM CIS,"Rua 20, MANGABEIRA - Recife/PE",False
FC-01270,VARZEA,10,25/07/2022 18:54:14,-8.033035,-34.912568,DISPARO,NAO IDENTIFICADO,HOMEM CIS,"Rua 19, VARZEA - Recife/PE",False
FC-01271,MANGABEIRA,18,13/11/2025 11:39:24,-8.008739,-34.872569,ROUBO,PRETA,HOMEM CIS,"Rua 384, MANGABEIRA - Recife/PE",False
FC-01272,NOVA DESCOBERTA,31,05/08/2023 16:56:23,-8.018793,-34.870379,OUTRO,NAO IDENTIFICADO,HOMEM CIS,"Rua 147, NOVA DESCOBERTA - Recife/PE",False
FC-01273,VASCO DA GAMA,25,24/06/2025 00:51:19,-8.055371,-34.881193,OUTRO,BRANCA,HOMEM CIS,"Rua 236, VASCO DA GAMA - Recife/PE",False
FC-01274,ESTACAO,15,12/11/2019 05:25:26,-8.0542,-34.870192,OUTRO,PARDA,MULHER CIS,"Rua 236, ESTACAO - Recife/PE",False
FC-01275,AFLITOS,29,05/07/2021 20:13:15,-8.044452,-34.87401,DISPARO,NAO IDENTIFICADO,HOMEM CIS,"Rua 98, AFLITOS - Recife/PE",False
FC-01276,MANGABEIRA,48,18/08/2021 21:50:26,-8.013529,-34.868537,AMEACA,PRETA,MULHER CIS,"Rua 158, MANGABEIRA - Recife/PE",False
FC-01277,VARZEA,44,14/10/2021 01:13:21,-8.033557,-34.915608,TIRO,NAO IDENTIFICADO,HOMEM CIS,"Rua 81, VARZEA - Recife/PE",False
FC-01278,SANTO AMARO,24,13/04/2018 18:11:17,-8.054892,-34.874269,BRIGA,NAO IDENTIFICADO,MULHER CIS,"Rua 349, SANTO AMARO - Recife/PE",False
FC-01279,MANGABEIRA,18,11/07/2020 16:55:47,-8.011193,-34.866287,AMEACA,NAO IDENTIFICADO,HOMEM CIS,"Rua 477, MANGABEIRA - Recife/PE",False
FC-01280,ALTO JOSE DO PINHO,34,22/01/2023 02:04:05,-8.022904,-34.885931,DISPARO,PARDA,HOMEM CIS,"Rua 472, ALTO JOSE DO PINHO - Recife/PE",True
FC-01281,CAXANGA,22,24/04/2025 03:13:19,-8.027129,-34.917063,HOMICIDIO/TENTATIVA,PARDA,HOMEM CIS,"Rua 186, CAXANGA - Recife/PE",False
FC-01282,VASCO DA GAMA,13,10/03/2021 12:51:35,-8.050174,-34.877515,DISPARO,BRANCA,HOMEM CIS,"Rua 451, VASCO DA GAMA - Recife/PE",False
FC-01283,VARZEA,43,21/09/2019 16:17:44,-8.036389,-34.91545,TIRO,NAO IDENTIFICADO,HOMEM CIS,"Rua 128, VARZEA - Recife/PE",False
FC-01284,GRACO,12,13/03/2024 16:30:10,-8.044574,-34.868519,DISPARO,NAO IDENTIFICADO,HOMEM CIS,"Rua 301, GRACO - Recife/PE",False
FC-01285,BOA VISTA,45,16/01/2020 22:36:22,-8.053321,-34.876097,DISPARO,BRANCA,HOMEM CIS,"Rua 44, BOA VISTA - Recife/PE",False
FC-01286,CURADO,28,04/03/2021 23:50:42,-8.074187,-34.908226,HOMICIDIO/TENTATIVA,NAO IDENTIFICADO,HOMEM CIS,"Rua 325, CURADO - Recife/PE",False
FC-01287,IPUTINGA,21,01/08/2023 19:37:26,-8.028586,-34.894356,HOMICIDIO/TENTATIVA,BRANCA,HOMEM CIS,"Rua 187, IPUTINGA - Recife/PE",False
FC-01288,CAXANGA,20,11/08/2025 22:03:41,-8.025021,-34.920647,DISPARO,NAO IDENTIFICADO,HOMEM CIS,"Rua 157, CAXANGA - Recife/PE",False
FC-01289,NOVA DESCOBERTA,24,15/11/2025 19:21:35,-8.017185,-34.864041,HOMICIDIO/TENTATIVA,NAO IDENTIFICADO,NAO IDENTIFICADO,"Rua 447, NOVA DESCOBERTA - Recife/PE",True
FC-01290,GRACO,49,13/08/2021 14:44:43,-8.04258,-34.867012,HOMICIDIO/TENTATIVA,PRETA,HOMEM CIS,"Rua 193, GRACO - Recife/PE",False
FC-01291,IPUTINGA,13,05/06/2021 22:46:16,-8.027527,-34.896292,AMEACA,PARDA,HOMEM CIS,"Rua 251, IPUTINGA - Recife/PE",False
FC-01292,NOVA DESCOBERTA,12,28/06/2024 17:07:01,-8.017218,-34.861424,TIRO,NAO IDENTIFICADO,HOMEM CIS,"Rua 413, NOVA DESCOBERTA - Recife/PE",False
FC-01293,ESPINHEIRO,41,25/04/2023 02:04:00,-8.041271,-34.872598,HOMICIDIO/TENTATIVA,NAO IDENTIFICADO,HOMEM CIS,"Rua 378, ESPINHEIRO - Recife/PE",False
FC-01294,CASA AMARELA,29,21/08/2023 21:50:42,-8.031095,-34.859473,HOMICIDIO/TENTATIVA,PRETA,MULHER CIS,"Rua 63, CASA AMARELA - Recife/PE",False
FC-01295,IBURA,10,03/12/2020 00:50:43,-8.084671,-34.892192,ROUBO,BRANCA,HOMEM CIS,"Rua 26, IBURA - Recife/PE",False
FC-01296,AFLITOS,36,16/12/2024 19:11:30,-8.051588,-34.872486,HOMICIDIO/TENTATIVA,PRETA,HOMEM CIS,"Rua 347, AFLITOS - Recife/PE",False
FC-01297,BREJO DA GUARDEIRA,34,09/04/2018 03:34:36,-8.067451,-34.897921,DISPARO,NAO IDENTIFICADO,MULHER CIS,"Rua 359, BREJO DA GUARDEIRA - Recife/PE",False
FC-01298,COHAB,36,06/04/2024 14:53:37,-8.0674,-34.910724,AMEACA,NAO IDENTIFICADO,HOMEM CIS,"Rua 212, COHAB - Recife/PE",False
FC-01299,ALTO JOSE DO PINHO,25,01/09/2024 19:43:16,-8.016995,-34.88082,AMEACA,NAO IDENTIFICADO,HOMEM CIS,"Rua 83, ALTO JOSE DO PINHO - Recife/PE",False
FC-01300,IBURA,38,03/07/2023 20:57:45,-8.080712,-34.890861,TIRO,NAO IDENTIFICADO,HOMEM CIS,"Rua 382, IBURA - Recife/PE",False
FC-01301,SANTO AMARO,23,22/10/2023 23:36:16,-8.05839,-34.864993,ROUBO,PARDA,HOMEM CIS,"Rua 164, SANTO AMARO - Recife/PE",False
FC-01302,SAN MARTIN,18,18/06/2024 23:12:14,-8.035156,-34.878966,DISPARO,NAO IDENTIFICADO,HOMEM CIS,"Rua 22, SAN MARTIN - Recife/PE",False
FC-01303,BOA VISTA,45,15/07/2024 21:29:28,-8.05422,-34.873242,HOMICIDIO/TENTATIVA,PARDA,HOMEM CIS,"Rua 378, BOA VISTA - Recife/PE",False
FC-01304,ESPINHEIRO,21,05/11/2021 14:00:27,-8.046246,-34.867344,HOMICIDIO/TENTATIVA,NAO IDENTIFICADO,HOMEM CIS,"Rua 339, ESPINHEIRO - Recife/PE",False
FC-01305,CURADO,42,05/08/2018 10:12:01,-8.072535,-34.914497,HOMICIDIO/TENTATIVA,BRANCA,HOMEM CIS,"Rua 82, CURADO - Recife/PE",False
FC-01306,IPUTINGA,30,16/12/2022 15:54:10,-8.028262,-34.891355,HOMICIDIO/TENTATIVA,NAO IDENTIFICADO,MULHER CIS,"Rua 341, IPUTINGA - Recife/PE",False
FC-01307,IBURA,45,05/05/2022 07:31:51,-8.082178,-34.886433,HOMICIDIO/TENTATIVA,NAO IDENTIFICADO,MULHER CIS,"Rua 252, IBURA - Recife/PE",False
FC-01308,IBURA,32,20/07/2023 03:08:33,-8.083039,-34.896835,TIRO,NAO IDENTIFICADO,HOMEM CIS,"Rua 372, IBURA - Recife/PE",False
FC-01309,CORDOARIA,26,15/01/2022 14:15:13,-8.059009,-34.870119,DISPARO,NAO IDENTIFICADO,HOMEM CIS,"Rua 353, CORDOARIA - Recife/PE",False
FC-01310,NOVA DESCOBERTA,38,18/05/2025 13:50:21,-8.018538,-34.864483,ROUBO,NAO IDENTIFICADO,MULHER CIS,"Rua 462, NOVA DESCOBERTA - Recife/PE",False
FC-01311,COHAB,38,20/10/2020 07:52:15,-8.060416,-34.902337,BRIGA,PRETA,HOMEM CIS,"Rua 241, COHAB - Recife/PE",False
FC-01312,CURADO,39,03/06/2019 17:29:38,-8.06982,-34.908835,DISPARO,PARDA,HOMEM CIS,"Rua 485, CURADO - Recife/PE",False
FC-01313,JAQUEIRA,44,23/05/2024 03:54:49,-8.041998,-34.869048,AMEACA,NAO IDENTIFICADO,HOMEM CIS,"Rua 127, JAQUEIRA - Recife/PE",True
FC-01314,NOVA DESCOBERTA,20,11/05/2022 17:20:38,-8.013863,-34.861309,TIRO,NAO IDENTIFICADO,HOMEM CIS,"Rua 103, NOVA DESCOBERTA - Recife/PE",False
FC-01315,CASA AMARELA,22,02/12/2019 21:12:33,-8.039171,-34.861237,DISPARO,BRANCA,HOMEM CIS,"Rua 145, CASA AMARELA - Recife/PE",False
FC-01316,NOVA DESCOBERTA,40,05/04/2020 11:01:41,-8.013387,-34.863715,ROUBO,PRETA,HOMEM CIS,"Rua 216, NOVA DESCOBERTA - Recife/PE",False
FC-01317,COHAB,26,06/09/2023 19:48:20,-8.068837,-34.903454,HOMICIDIO/TENTATIVA,BRANCA,HOMEM CIS,"Rua 141, COHAB - Recife/PE",False
FC-01318,SAN MARTIN,19,01/06/2023 03:55:20,-8.033448,-34.876288,HOMICIDIO/TENTATIVA,PRETA,HOMEM CIS,"Rua 189, SAN MARTIN - Recife/PE",False
FC-01319,VARZEA,23,13/06/2022 04:39:53,-8.036834,-34.915279,HOMICIDIO/TENTATIVA,NAO IDENTIFICADO,MULHER CIS,"Rua 330, VARZEA - Recife/PE",False
FC-01320,IPUTINGA,27,23/12/2018 03:04:59,-8.024649,-34.892441,ROUBO,PRETA,HOMEM CIS,"Rua 78, IPUTINGA - Recife/PE",False
FC-01321,COHAB,21,11/06/2021 02:21:48,-8.059329,-34.904852,HOMICIDIO/TENTATIVA,PRETA,HOMEM CIS,"Rua 206, COHAB - Recife/PE",False
FC-01322,MANGABEIRA,39,27/02/2019 05:10:07,-8.011825,-34.868911,DISPARO,PRETA,HOMEM CIS,"Rua 445, MANGABEIRA - Recife/PE",False
FC-01323,NOVA DESCOBERTA,33,08/12/2018 16:02:14,-8.020669,-34.858954,DISPARO,PRETA,HOMEM CIS,"Rua 487, NOVA DESCOBERTA - Recife/PE",False
FC-01324,VARZEA,50,13/11/2024 00:48:18,-8.036192,-34.918307,HOMICIDIO/TENTATIVA,NAO IDENTIFICADO,MULHER CIS,"Rua 343, VARZEA - Recife/PE",False
FC-01325,AFLITOS,34,19/04/2018 17:22:44,-8.04474,-34.870933,HOMICIDIO/TENTATIVA,NAO IDENTIFICADO,HOMEM CIS,"Rua 452, AFLITOS - Recife/PE",False
FC-01326,CORDOARIA,34,24/11/2022 19:17:35,-8.056481,-34.868658,HOMICIDIO/TENTATIVA,NAO IDENTIFICADO,MULHER CIS,"Rua 199, CORDOARIA - Recife/PE",False
FC-01327,VARZEA,36,13/05/2021 02:18:28,-8.038149,-34.910912,HOMICIDIO/TENTATIVA,PRETA,HOMEM CIS,"Rua 309, VARZEA - Recife/PE",True
FC-01328,GRACO,49,26/07/2019 02:59:55,-8.033544,-34.87337,HOMICIDIO/TENTATIVA,PARDA,HOMEM CIS,"Rua 389, GRACO - Recife/PE",False
FC-01329,MANGABEIRA,32,12/05/2025 16:41:40,-8.016246,-34.868341,TIRO,PARDA,HOMEM CIS,"Rua 456, MANGABEIRA - Recife/PE",False
FC-01330,CURADO,23,28/03/2020 13:31:46,-8.06423,-34.912324,HOMICIDIO/TENTATIVA,NAO IDENTIFICADO,HOMEM CIS,"Rua 168, CURADO - Recife/PE",False
FC-01331,SAN MARTIN,10,10/10/2022 21:42:54,-8.041414,-34.883926,ROUBO,PARDA,HOMEM CIS,"Rua 40, SAN MARTIN - Recife/PE",False
FC-01332,BREJO DA GUARDEIRA,42,01/05/2024 12:24:46,-8.076195,-34.899915,TIRO,PARDA,MULHER CIS,"Rua 82, BREJO DA GUARDEIRA - Recife/PE",False
FC-01333,COHAB,10,03/06/2024 10:41:01,-8.065961,-34.90007,BRIGA,PRETA,HOMEM CIS,"Rua 18, COHAB - Recife/PE",False
FC-01334,CURADO,34,04/04/2025 22:47:43,-8.07259,-34.910094,BRIGA,NAO IDENTIFICADO,HOMEM CIS,"Rua 451, CURADO - Recife/PE",False
FC-01335,JARDIM SAO PAULO,30,23/10/2020 18:17:01,-8.003582,-34.859101,HOMICIDIO/TENTATIVA,NAO IDENTIFICADO,HOMEM CIS,"Rua 246, JARDIM SAO PAULO - Recife/PE",False
FC-01336,IBURA,37,16/01/2021 15:29:26,-8.090113,-34.89389,DISPARO,NAO IDENTIFICADO,HOMEM CIS,"Rua 7, IBURA - Recife/PE",False
FC-01337,MANGABEIRA,24,24/05/2020 16:51:17,-8.0081,-34.869932,AMEACA,NAO IDENTIFICADO,HOMEM CIS,"Rua 140, MANGABEIRA - Recife/PE",True
FC-01338,JAQUEIRA,13,28/01/2025 18:54:27,-8.040955,-34.867404,AMEACA,PRETA,HOMEM CIS,"Rua 360, JAQUEIRA - Recife/PE",False
FC-01339,ALTO JOSE DO PINHO,29,12/10/2021 16:30:34,-8.021737,-34.886443,HOMICIDIO/TENTATIVA,PARDA,HOMEM CIS,"Rua 338, ALTO JOSE DO PINHO - Recife/PE",False
FC-01340,CURADO,38,06/07/2023 18:23:29,-8.071553,-34.910264,HOMICIDIO/TENTATIVA,NAO IDENTIFICADO,HOMEM CIS,"Rua 393, CURADO - Recife/PE",False
FC-01341,IPUTINGA,56,14/06/2022 02:16:56,-8.032271,-34.898556,DISPARO,PARDA,HOMEM CIS,"Rua 474, IPUTINGA - Recife/PE",False
FC-01342,CORDOARIA,39,11/01/2019 17:55:40,-8.060036,-34.873955,ROUBO,PARDA,HOMEM CIS,"Rua 175, CORDOARIA - Recife/PE",False
FC-01343,MANGABEIRA,21,27/04/2019 20:05:52,-8.010779,-34.865204,AMEACA,NAO IDENTIFICADO,MULHER CIS,"Rua 58, MANGABEIRA - Recife/PE",False
FC-01344,ROSARINHO,39,22/09/2020 22:47:14,-8.037413,-34.869249,DISPARO,NAO IDENTIFICADO,HOMEM CIS,"Rua 404, ROSARINHO - Recife/PE",False
FC-01345,IPUTINGA,16,17/07/2022 19:25:14,-8.036517,-34.895428,AMEACA,PRETA,HOMEM CIS,"Rua 384, IPUTINGA - Recife/PE",False
FC-01346,ESTACAO,41,25/12/2022 04:00:57,-8.051449,-34.871665,TIRO,NAO IDENTIFICADO,HOMEM CIS,"Rua 259, ESTACAO - Recife/PE",False
FC-01347,POCO DA PANELA,29,10/07/2021 21:34:40,-8.037067,-34.861386,TIRO,BRANCA,HOMEM CIS,"Rua 418, POCO DA PANELA - Recife/PE",False
FC-01348,VARZEA,39,03/11/2024 01:28:07,-8.039848,-34.914101,HOMICIDIO/TENTATIVA,NAO IDENTIFICADO,HOMEM CIS,"Rua 184, VARZEA - Recife/PE",False
FC-01349,SANTO AMARO,41,14/05/2021 19:58:30,-8.059245,-34.867898,HOMICIDIO/TENTATIVA,PRETA,HOMEM CIS,"Rua 304, SANTO AMARO - Recife/PE",False
FC-01350,IBURA,63,16/12/2018 21:24:48,-8.082313,-34.89082,HOMICIDIO/TENTATIVA,NAO IDENTIFICADO,HOMEM CIS,"Rua 51, IBURA - Recife/PE",False
FC-01351,ESTACAO,21,13/01/2023 01:31:48,-8.052456,-34.869619,BRIGA,PARDA,HOMEM CIS,"Rua 244, ESTACAO - Recife/PE",False
FC-01352,NOVA DESCOBERTA,32,15/02/2023 14:21:15,-8.018059,-34.864381,AMEACA,NAO IDENTIFICADO,HOMEM CIS,"Rua 241, NOVA DESCOBERTA - Recife/PE",False
FC-01353,IBURA,47,04/07/2020 00:08:37,-8.080654,-34.889114,ROUBO,PARDA,HOMEM CIS,"Rua 400, IBURA - Recife/PE",False
FC-01354,IBURA,27,13/10/2020 21:34:41,-8.07975,-34.891162,HOMICIDIO/TENTATIVA,NAO IDENTIFICADO,HOMEM CIS,"Rua 130, IBURA - Recife/PE",False
FC-01355,BREJO DA GUARDEIRA,18,02/03/2020 11:21:27,-8.069044,-34.902975,ROUBO,NAO IDENTIFICADO,HOMEM CIS,"Rua 80, BREJO DA GUARDEIRA - Recife/PE",False
FC-01356,GRACO,22,26/12/2021 19:11:49,-8.042432,-34.869108,HOMICIDIO/TENTATIVA,NAO IDENTIFICADO,HOMEM CIS,"Rua 155, GRACO - Recife/PE",False
FC-01357,VARZEA,15,26/08/2020 20:58:07,-8.031838,-34.913284,AMEACA,PRETA,HOMEM CIS,"Rua 72, VARZEA - Recife/PE",False
FC-01358,COHAB,20,14/12/2022 00:33:57,-8.069613,-34.905435,HOMICIDIO/TENTATIVA,PRETA,NAO IDENTIFICADO,"Rua 326, COHAB - Recife/PE",False
FC-01359,MANGABEIRA,24,03/02/2023 02:56:42,-8.009661,-34.871089,DISPARO,NAO IDENTIFICADO,HOMEM CIS,"Rua 206, MANGABEIRA - Recife/PE",False
FC-01360,ALTO JOSE DO PINHO,10,19/02/2018 04:12:28,-8.021165,-34.885917,HOMICIDIO/TENTATIVA,BRANCA,HOMEM CIS,"Rua 280, ALTO JOSE DO PINHO - Recife/PE",False
FC-01361,CORDOARIA,37,04/07/2020 18:14:12,-8.060095,-34.867964,AMEACA,NAO IDENTIFICADO,HOMEM CIS,"Rua 69, CORDOARIA - Recife/PE",False
FC-01362,ESPINHEIRO,10,22/09/2018 10:33:00,-8.038066,-34.868673,DISPARO,NAO IDENTIFICADO,HOMEM CIS,"Rua 416, ESPINHEIRO - Recife/PE",False
FC-01363,VARZEA,44,16/08/2020 16:06:11,-8.034761,-34.911581,AMEACA,PARDA,MULHER CIS,"Rua 325, VARZEA - Recife/PE",False
FC-01364,VASCO DA GAMA,26,28/03/2024 21:30:32,-8.058296,-34.875738,TIRO,NAO IDENTIFICADO,MULHER CIS,"Rua 38, VASCO DA GAMA - Recife/PE",False
FC-01365,MANGABEIRA,28,27/04/2021 10:03:48,-8.009335,-34.866296,AMEACA,PARDA,HOMEM CIS,"Rua 446, MANGABEIRA - Recife/PE",False
FC-01366,IPUTINGA,17,20/08/2021 21:14:47,-8.026214,-34.89477,TIRO,NAO IDENTIFICADO,HOMEM CIS,"Rua 246, IPUTINGA - Recife/PE",False
FC-01367,BREJO DA GUARDEIRA,28,08/03/2024 19:18:31,-8.069783,-34.904501,TIRO,PARDA,HOMEM CIS,"Rua 222, BREJO DA GUARDEIRA - Recife/PE",False
FC-01368,BREJO DA GUARDEIRA,20,02/11/2024 14:25:17,-8.065947,-34.897341,TIRO,PRETA,HOMEM CIS,"Rua 414, BREJO DA GUARDEIRA - Recife/PE",False
FC-01369,ROSARINHO,29,17/08/2025 17:48:55,-8.039271,-34.865883,TIRO,PARDA,HOMEM CIS,"Rua 302, ROSARINHO - Recife/PE",False
FC-01370,BOA VISTA,50,11/08/2023 02:31:21,-8.050601,-34.874304,TIRO,PRETA,MULHER CIS,"Rua 316, BOA VISTA - Recife/PE",False
FC-01371,VASCO DA GAMA,43,08/09/2020 12:57:20,-8.057332,-34.875324,HOMICIDIO/TENTATIVA,NAO IDENTIFICADO,HOMEM CIS,"Rua 290, VASCO DA GAMA - Recife/PE",False
FC-01372,VARZEA,15,09/05/2023 19:42:42,-8.030111,-34.916118,HOMICIDIO/TENTATIVA,NAO IDENTIFICADO,NAO IDENTIFICADO,"Rua 314, VARZEA - Recife/PE",False
FC-01373,CURADO,27,23/06/2023 18:20:13,-8.07567,-34.911364,HOMICIDIO/TENTATIVA,PARDA,HOMEM CIS,"Rua 298, CURADO - Recife/PE",False
FC-01374,ALTO JOSE DO PINHO,17,26/10/2020 19:21:11,-8.021823,-34.885412,HOMICIDIO/TENTATIVA,PRETA,HOMEM CIS,"Rua 415, ALTO JOSE DO PINHO - Recife/PE",False
FC-01375,ALTO JOSE DO PINHO,41,11/09/2022 03:38:04,-8.019377,-34.884077,HOMICIDIO/TENTATIVA,NAO IDENTIFICADO,HOMEM CIS,"Rua 495, ALTO JOSE DO PINHO - Recife/PE",False
FC-01376,CORDOARIA,16,16/05/2024 16:35:37,-8.060642,-34.867604,HOMICIDIO/TENTATIVA,NAO IDENTIFICADO,HOMEM CIS,"Rua 262, CORDOARIA - Recife/PE",False
FC-01377,MANGABEIRA,21,04/10/2025 16:24:20,-8.005031,-34.870729,DISPARO,NAO IDENTIFICADO,HOMEM CIS,"Rua 93, MANGABEIRA - Recife/PE",False
FC-01378,COHAB,30,18/02/2018 18:08:50,-8.061789,-34.901184,HOMICIDIO/TENTATIVA,AMARELA,HOMEM CIS,"Rua 381, COHAB - Recife/PE",False
FC-01379,BOA VISTA,28,20/06/2018 20:18:27,-8.051165,-34.875168,DISPARO,PARDA,HOMEM CIS,"Rua 113, BOA VISTA - Recife/PE",False
FC-01380,VASCO DA GAMA,34,01/03/2024 18:20:48,-8.052326,-34.879987,DISPARO,NAO IDENTIFICADO,HOMEM CIS,"Rua 413, VASCO DA GAMA - Recife/PE",False
FC-01381,GRACO,37,24/10/2019 19:17:51,-8.038085,-34.868856,HOMICIDIO/TENTATIVA,NAO IDENTIFICADO,HOMEM CIS,"Rua 49, GRACO - Recife/PE",False
FC-01382,NOVA DESCOBERTA,33,09/04/2025 02:15:42,-8.019557,-34.872892,TIRO,NAO IDENTIFICADO,HOMEM CIS,"Rua 297, NOVA DESCOBERTA - Recife/PE",False
FC-01383,CAXANGA,37,23/07/2024 16:09:47,-8.025284,-34.921544,HOMICIDIO/TENTATIVA,NAO IDENTIFICADO,MULHER CIS,"Rua 436, CAXANGA - Recife/PE",False
FC-01384,BREJO DA GUARDEIRA,32,14/08/2025 21:33:21,-8.070181,-34.896617,HOMICIDIO/TENTATIVA,NAO IDENTIFICADO,HOMEM CIS,"Rua 256, BREJO DA GUARDEIRA - Recife/PE",False
FC-01385,ALTO JOSE DO PINHO,31,20/02/2019 21:43:24,-8.022241,-34.88203,HOMICIDIO/TENTATIVA,NAO IDENTIFICADO,HOMEM CIS,"Rua 207, ALTO JOSE DO PINHO - Recife/PE",False
FC-01386,VARZEA,27,13/04/2020 19:30:01,-8.03342,-34.916432,HOMICIDIO/TENTATIVA,NAO IDENTIFICADO,HOMEM CIS,"Rua 289, VARZEA - Recife/PE",False
FC-01387,NOVA DESCOBERTA,22,12/06/2021 14:31:27,-8.014747,-34.864962,AMEACA,NAO IDENTIFICADO,HOMEM CIS,"Rua 466, NOVA DESCOBERTA - Recife/PE",False
FC-01388,ESTACAO,35,16/05/2025 03:14:54,-8.053806,-34.876509,HOMICIDIO/TENTATIVA,NAO IDENTIFICADO,HOMEM CIS,"Rua 265, ESTACAO - Recife/PE",False
FC-01389,BREJO DA GUARDEIRA,24,03/04/2021 20:10:05,-8.067619,-34.900892,BRIGA,PARDA,HOMEM CIS,"Rua 284, BREJO DA GUARDEIRA - Recife/PE",False
FC-01390,IBURA,27,09/07/2020 21:11:14,-8.079041,-34.894136,DISPARO,BRANCA,HOMEM CIS,"Rua 86, IBURA - Recife/PE",False
FC-01391,ALTO JOSE DO PINHO,11,06/12/2023 11:30:27,-8.020482,-34.886453,HOMICIDIO/TENTATIVA,NAO IDENTIFICADO,HOMEM CIS,"Rua 121, ALTO JOSE DO PINHO - Recife/PE",False
FC-01392,IBURA,18,27/05/2024 21:34:07,-8.082526,-34.890525,HOMICIDIO/TENTATIVA,PRETA,MULHER CIS,"Rua 284, IBURA - Recife/PE",False
FC-01393,ESPINHEIRO,29,11/01/2020 21:49:17,-8.041079,-34.86256,BRIGA,NAO IDENTIFICADO,HOMEM CIS,"Rua 11, ESPINHEIRO - Recife/PE",False
FC-01394,ALTO JOSE DO PINHO,27,08/03/2022 21:53:23,-8.019165,-34.886528,HOMICIDIO/TENTATIVA,NAO IDENTIFICADO,MULHER CIS,"Rua 143, ALTO JOSE DO PINHO - Recife/PE",False
FC-01395,SAN MARTIN,19,25/10/2019 01:24:08,-8.041755,-34.879436,TIRO,PRETA,HOMEM CIS,"Rua 236, SAN MARTIN - Recife/PE",True
FC-01396,ALTO JOSE DO PINHO,34,15/09/2024 23:33:22,-8.012953,-34.887148,DISPARO,PARDA,HOMEM CIS,"Rua 296, ALTO JOSE DO PINHO - Recife/PE",False
FC-01397,AFLITOS,25,28/09/2021 17:51:02,-8.045189,-34.870813,DISPARO,PARDA,HOMEM CIS,"Rua 308, AFLITOS - Recife/PE",False
FC-01398,ROSARINHO,35,12/05/2021 00:31:12,-8.036148,-34.872279,ROUBO,NAO IDENTIFICADO,MULHER CIS,"Rua 111, ROSARINHO - Recife/PE",False
FC-01399,ESTACAO,10,05/12/2024 19:19:25,-8.054488,-34.867708,ROUBO,NAO IDENTIFICADO,HOMEM CIS,"Rua 9, ESTACAO - Recife/PE",False
FC-01400,CURADO,10,07/06/2023 16:26:03,-8.079023,-34.908286,DISPARO,NAO IDENTIFICADO,MULHER CIS,"Rua 75, CURADO - Recife/PE",False
FC-01401,CURADO,35,21/07/2022 21:04:38,-8.073271,-34.912957,HOMICIDIO/TENTATIVA,NAO IDENTIFICADO,MULHER CIS,"Rua 421, CURADO - Recife/PE",False
FC-01402,ALTO JOSE DO PINHO,18,11/06/2022 05:59:32,-8.019668,-34.886879,ROUBO,BRANCA,HOMEM CIS,"Rua 52, ALTO JOSE DO PINHO - Recife/PE",False
FC-01403,VARZEA,35,12/09/2020 00:25:21,-8.043564,-34.917571,HOMICIDIO/TENTATIVA,NAO IDENTIFICADO,HOMEM CIS,"Rua 236, VARZEA - Recife/PE",False
FC-01404,IPUTINGA,16,25/08/2023 17:48:32,-8.028769,-34.894614,AMEACA,NAO IDENTIFICADO,HOMEM CIS,"Rua 400, IPUTINGA - Recife/PE",True
FC-01405,MANGABEIRA,39,11/07/2019 20:28:46,-8.015578,-34.869864,OUTRO,NAO IDENTIFICADO,HOMEM CIS,"Rua 137, MANGABEIRA - Recife/PE",False
FC-01406,VARZEA,36,02/04/2020 01:00:08,-8.02943,-34.916445,TIRO,NAO IDENTIFICADO,HOMEM CIS,"Rua 292, VARZEA - Recife/PE",False
FC-01407,VARZEA,33,01/04/2022 23:10:54,-8.040412,-34.922176,DISPARO,PARDA,HOMEM CIS,"Rua 373, VARZEA - Recife/PE",True
FC-01408,ALTO JOSE DO PINHO,40,04/08/2025 02:29:51,-8.020017,-34.881464,OUTRO,NAO IDENTIFICADO,HOMEM CIS,"Rua 316, ALTO JOSE DO PINHO - Recife/PE",False
FC-01409,AFLITOS,13,27/09/2023 21:40:42,-8.04344,-34.866394,BRIGA,NAO IDENTIFICADO,HOMEM CIS,"Rua 80, AFLITOS - Recife/PE",False
FC-01410,SANTO AMARO,37,08/04/2024 21:27:30,-8.05717,-34.869974,TIRO,PRETA,MULHER CIS,"Rua 482, SANTO AMARO - Recife/PE",False
FC-01411,ALTO JOSE DO PINHO,11,26/05/2025 21:06:52,-8.015933,-34.886833,DISPARO,PRETA,HOMEM CIS,"Rua 115, ALTO JOSE DO PINHO - Recife/PE",False
FC-01412,CAXANGA,36,23/02/2019 18:23:26,-8.029689,-34.923538,DISPARO,BRANCA,HOMEM CIS,"Rua 215, CAXANGA - Recife/PE",False
FC-01413,MANGABEIRA,47,03/11/2025 21:59:56,-8.011042,-34.86564,TIRO,NAO IDENTIFICADO,HOMEM CIS,"Rua 208, MANGABEIRA - Recife/PE",True
FC-01414,CASA AMARELA,29,10/02/2025 07:56:31,-8.037526,-34.857324,HOMICIDIO/TENTATIVA,NAO IDENTIFICADO,HOMEM CIS,"Rua 203, CASA AMARELA - Recife/PE",False
FC-01415,BREJO DA GUARDEIRA,22,11/03/2023 03:20:37,-8.067904,-34.899924,HOMICIDIO/TENTATIVA,PARDA,HOMEM CIS,"Rua 43, BREJO DA GUARDEIRA - Recife/PE",False
FC-01416,COHAB,11,26/02/2021 21:41:09,-8.064507,-34.898411,HOMICIDIO/TENTATIVA,PRETA,HOMEM CIS,"Rua 2, COHAB - Recife/PE",False
FC-01417,SAN MARTIN,35,12/12/2023 20:05:02,-8.040173,-34.874774,AMEACA,NAO IDENTIFICADO,HOMEM CIS,"Rua 159, SAN MARTIN - Recife/PE",False
FC-01418,IPUTINGA,32,26/04/2023 04:25:52,-8.027371,-34.896275,OUTRO,PRETA,HOMEM CIS,"Rua 56, IPUTINGA - Recife/PE",False
FC-01419,NOVA DESCOBERTA,32,03/03/2023 16:54:16,-8.011894,-34.867508,HOMICIDIO/TENTATIVA,PARDA,HOMEM CIS,"Rua 398, NOVA DESCOBERTA - Recife/PE",False
FC-01420,BOA VISTA,47,22/06/2018 04:30:51,-8.050275,-34.877663,TIRO,PRETA,HOMEM CIS,"Rua 488, BOA VISTA - Recife/PE",False
FC-01421,ALTO JOSE DO PINHO,41,26/04/2024 23:19:42,-8.02086,-34.882721,DISPARO,PRETA,HOMEM CIS,"Rua 124, ALTO JOSE DO PINHO - Recife/PE",False
FC-01422,SAN MARTIN,26,04/03/2025 23:08:09,-8.040179,-34.876519,HOMICIDIO/TENTATIVA,NAO IDENTIFICADO,HOMEM CIS,"Rua 145, SAN MARTIN - Recife/PE",False
FC-01423,TOTOS,33,21/02/2022 20:42:35,-8.043987,-34.868364,TIRO,PRETA,HOMEM CIS,"Rua 155, TOTOS - Recife/PE",False
FC-01424,JARDIM SAO PAULO,41,12/04/2019 01:02:53,-8.005396,-34.856571,HOMICIDIO/TENTATIVA,NAO IDENTIFICADO,HOMEM CIS,"Rua 130, JARDIM SAO PAULO - Recife/PE",False
FC-01425,CORDOARIA,13,15/06/2024 03:20:47,-8.061239,-34.879065,BRIGA,NAO IDENTIFICADO,HOMEM CIS,"Rua 217, CORDOARIA - Recife/PE",False
FC-01426,SANTO AMARO,30,09/03/2020 15:31:56,-8.059795,-34.8729,ROUBO,PARDA,MULHER CIS,"Rua 76, SANTO AMARO - Recife/PE",False
FC-01427,IBURA,29,24/04/2020 04:02:49,-8.080908,-34.88572,DISPARO,NAO IDENTIFICADO,HOMEM CIS,"Rua 185, IBURA - Recife/PE",True
FC-01428,AFLITOS,11,07/09/2022 06:21:43,-8.041522,-34.869081,HOMICIDIO/TENTATIVA,NAO IDENTIFICADO,HOMEM CIS,"Rua 378, AFLITOS - Recife/PE",False
FC-01429,ESPINHEIRO,20,07/10/2023 15:46:51,-8.04139,-34.869373,DISPARO,NAO IDENTIFICADO,HOMEM CIS,"Rua 494, ESPINHEIRO - Recife/PE",True
FC-01430,AFLITOS,32,01/06/2018 15:40:50,-8.040473,-34.870183,AMEACA,NAO IDENTIFICADO,HOMEM CIS,"Rua 425, AFLITOS - Recife/PE",False
FC-01431,CURADO,39,27/06/2020 19:28:16,-8.071291,-34.914452,TIRO,BRANCA,MULHER CIS,"Rua 334, CURADO - Recife/PE",False
FC-01432,CAXANGA,27,17/01/2021 06:14:52,-8.02138,-34.924582,DISPARO,PRETA,HOMEM CIS,"Rua 204, CAXANGA - Recife/PE",False
FC-01433,IBURA,17,14/09/2022 00:55:46,-8.081621,-34.894954,AMEACA,NAO IDENTIFICADO,HOMEM CIS,"Rua 328, IBURA - Recife/PE",False
FC-01434,POCO DA PANELA,20,22/09/2023 18:49:07,-8.036271,-34.866097,DISPARO,PRETA,HOMEM CIS,"Rua 474, POCO DA PANELA - Recife/PE",False
FC-01435,ROSARINHO,18,14/11/2020 02:41:15,-8.03789,-34.868922,DISPARO,NAO IDENTIFICADO,HOMEM CIS,"Rua 11, ROSARINHO - Recife/PE",False
FC-01436,COHAB,9,14/05/2020 04:27:13,-8.06689,-34.902804,HOMICIDIO/TENTATIVA,PRETA,MULHER CIS,"Rua 186, COHAB - Recife/PE",False
FC-01437,COHAB,29,03/02/2022 23:55:07,-8.066394,-34.904867,DISPARO,NAO IDENTIFICADO,MULHER CIS,"Rua 2, COHAB - Recife/PE",False
FC-01438,JAQUEIRA,10,04/03/2020 21:21:07,-8.036516,-34.86685,AMEACA,PARDA,HOMEM CIS,"Rua 428, JAQUEIRA - Recife/PE",False
FC-01439,TOTOS,25,12/02/2020 21:22:11,-8.034982,-34.868382,TIRO,NAO IDENTIFICADO,HOMEM CIS,"Rua 97, TOTOS - Recife/PE",False
FC-01440,MANGABEIRA,43,03/02/2024 04:21:10,-8.009537,-34.87101,ROUBO,NAO IDENTIFICADO,HOMEM CIS,"Rua 354, MANGABEIRA - Recife/PE",False
FC-01441,ALTO JOSE DO PINHO,29,26/07/2018 21:06:51,-8.020322,-34.881339,TIRO,BRANCA,HOMEM CIS,"Rua 416, ALTO JOSE DO PINHO - Recife/PE",False
FC-01442,ESTACAO,17,03/12/2023 23:47:14,-8.055288,-34.867891,DISPARO,PRETA,HOMEM CIS,"Rua 479, ESTACAO - Recife/PE",False
FC-01443,JARDIM SAO PAULO,22,02/04/2023 01:12:00,-8.002298,-34.849902,DISPARO,PARDA,HOMEM CIS,"Rua 9, JARDIM SAO PAULO - Recife/PE",False
FC-01444,ROSARINHO,26,28/06/2024 16:08:53,-8.037956,-34.868461,DISPARO,PRETA,MULHER CIS,"Rua 267, ROSARINHO - Recife/PE",False
FC-01445,MANGABEIRA,39,25/12/2025 13:39:51,-8.009402,-34.868581,DISPARO,NAO IDENTIFICADO,HOMEM CIS,"Rua 428, MANGABEIRA - Recife/PE",True
FC-01446,VASCO DA GAMA,22,02/02/2018 22:42:08,-8.059983,-34.87849,DISPARO,NAO IDENTIFICADO,HOMEM CIS,"Rua 418, VASCO DA GAMA - Recife/PE",False
FC-01447,CORDOARIA,10,12/09/2018 02:19:47,-8.058952,-34.870176,DISPARO,NAO IDENTIFICADO,HOMEM CIS,"Rua 12, CORDOARIA - Recife/PE",False
FC-01448,IBURA,32,20/09/2019 19:06:23,-8.076155,-34.888925,HOMICIDIO/TENTATIVA,NAO IDENTIFICADO,HOMEM CIS,"Rua 500, IBURA - Recife/PE",False
FC-01449,NOVA DESCOBERTA,22,08/02/2020 01:19:53,-8.014918,-34.865142,HOMICIDIO/TENTATIVA,PARDA,HOMEM CIS,"Rua 387, NOVA DESCOBERTA - Recife/PE",False
FC-01450,MANGABEIRA,9,18/12/2023 11:35:42,-8.012821,-34.871682,DISPARO,PARDA,MULHER CIS,"Rua 459, MANGABEIRA - Recife/PE",False
FC-01451,ESTACAO,8,09/06/2019 21:08:04,-8.052858,-34.871747,ROUBO,NAO IDENTIFICADO,MULHER CIS,"Rua 484, ESTACAO - Recife/PE",False
FC-01452,BREJO DA GUARDEIRA,10,04/09/2021 10:37:35,-8.068787,-34.897852,DISPARO,NAO IDENTIFICADO,HOMEM CIS,"Rua 127, BREJO DA GUARDEIRA - Recife/PE",False
FC-01453,COHAB,32,26/11/2025 00:13:46,-8.065972,-34.903226,DISPARO,PRETA,HOMEM CIS,"Rua 87, COHAB - Recife/PE",False
FC-01454,ESPINHEIRO,41,17/11/2021 21:36:50,-8.041078,-34.870474,HOMICIDIO/TENTATIVA,PRETA,MULHER CIS,"Rua 432, ESPINHEIRO - Recife/PE",False
FC-01455,VARZEA,33,27/04/2023 17:22:08,-8.031414,-34.91679,HOMICIDIO/TENTATIVA,NAO IDENTIFICADO,HOMEM CIS,"Rua 303, VARZEA - Recife/PE",False
FC-01456,ESTACAO,55,14/12/2025 09:38:31,-8.054577,-34.870903,TIRO,NAO IDENTIFICADO,HOMEM CIS,"Rua 59, ESTACAO - Recife/PE",True
FC-01457,ESTACAO,21,19/11/2020 02:42:15,-8.05233,-34.876227,HOMICIDIO/TENTATIVA,NAO IDENTIFICADO,HOMEM CIS,"Rua 21, ESTACAO - Recife/PE",False
FC-01458,NOVA DESCOBERTA,23,09/04/2021 23:36:00,-8.018276,-34.864594,HOMICIDIO/TENTATIVA,NAO IDENTIFICADO,HOMEM CIS,"Rua 368, NOVA DESCOBERTA - Recife/PE",False
FC-01459,COHAB,41,24/03/2022 19:07:55,-8.063062,-34.912115,HOMICIDIO/TENTATIVA,NAO IDENTIFICADO,HOMEM CIS,"Rua 211, COHAB - Recife/PE",False
FC-01460,CORDOARIA,54,07/03/2024 14:12:55,-8.057114,-34.875329,TIRO,NAO IDENTIFICADO,HOMEM CIS,"Rua 485, CORDOARIA - Recife/PE",False
FC-01461,SANTO AMARO,31,15/07/2020 03:50:56,-8.057471,-34.872001,DISPARO,BRANCA,HOMEM CIS,"Rua 384, SANTO AMARO - Recife/PE",False
FC-01462,SAN MARTIN,32,06/05/2019 15:00:30,-8.041822,-34.879213,ROUBO,NAO IDENTIFICADO,HOMEM CIS,"Rua 272, SAN MARTIN - Recife/PE",False
FC-01463,IBURA,21,27/05/2020 16:24:17,-8.086298,-34.891562,HOMICIDIO/TENTATIVA,NAO IDENTIFICADO,HOMEM CIS,"Rua 113, IBURA - Recife/PE",False
FC-01464,SAN MARTIN,37,17/09/2021 19:09:07,-8.038455,-34.87554,TIRO,PARDA,HOMEM CIS,"Rua 190, SAN MARTIN - Recife/PE",False
FC-01465,ALTO JOSE DO PINHO,33,13/12/2024 00:36:56,-8.021598,-34.882481,TIRO,NAO IDENTIFICADO,HOMEM CIS,"Rua 461, ALTO JOSE DO PINHO - Recife/PE",False
FC-01466,IPUTINGA,13,19/10/2022 21:33:58,-8.030702,-34.895893,TIRO,PARDA,HOMEM CIS,"Rua 255, IPUTINGA - Recife/PE",False
FC-01467,GRACO,42,14/09/2023 18:00:30,-8.040172,-34.868538,HOMICIDIO/TENTATIVA,BRANCA,HOMEM CIS,"Rua 56, GRACO - Recife/PE",False
FC-01468,AFLITOS,42,21/04/2020 15:53:38,-8.047638,-34.870954,TIRO,NAO IDENTIFICADO,HOMEM CIS,"Rua 183, AFLITOS - Recife/PE",False
FC-01469,COHAB,28,12/06/2018 16:15:34,-8.062459,-34.905346,HOMICIDIO/TENTATIVA,NAO IDENTIFICADO,HOMEM CIS,"Rua 117, COHAB - Recife/PE",False
FC-01470,ESTACAO,25,14/04/2025 21:13:29,-8.051377,-34.868371,HOMICIDIO/TENTATIVA,PRETA,HOMEM CIS,"Rua 379, ESTACAO - Recife/PE",False
FC-01471,IBURA,21,07/12/2019 06:06:02,-8.082183,-34.895175,DISPARO,BRANCA,HOMEM CIS,"Rua 471, IBURA - Recife/PE",False
FC-01472,BREJO DA GUARDEIRA,10,03/04/2022 13:15:39,-8.069399,-34.898173,DISPARO,NAO IDENTIFICADO,HOMEM CIS,"Rua 413, BREJO DA GUARDEIRA - Recife/PE",False
FC-01473,NOVA DESCOBERTA,33,23/08/2020 10:10:42,-8.020849,-34.866053,BRIGA,PRETA,HOMEM CIS,"Rua 374, NOVA DESCOBERTA - Recife/PE",False
FC-01474,IBURA,8,04/06/2021 02:37:14,-8.077891,-34.895258,HOMICIDIO/TENTATIVA,PARDA,MULHER CIS,"Rua 143, IBURA - Recife/PE",False
FC-01475,IBURA,45,01/03/2022 21:40:36,-8.079162,-34.894702,AMEACA,BRANCA,HOMEM CIS,"Rua 141, IBURA - Recife/PE",True
FC-01476,VARZEA,16,07/04/2019 03:29:03,-8.033949,-34.917533,HOMICIDIO/TENTATIVA,NAO IDENTIFICADO,MULHER CIS,"Rua 116, VARZEA - Recife/PE",False
FC-01477,VASCO DA GAMA,31,27/05/2021 20:09:44,-8.056448,-34.885343,TIRO,PRETA,HOMEM CIS,"Rua 462, VASCO DA GAMA - Recife/PE",False
FC-01478,VARZEA,10,04/07/2019 02:10:13,-8.03432,-34.916685,HOMICIDIO/TENTATIVA,NAO IDENTIFICADO,HOMEM CIS,"Rua 213, VARZEA - Recife/PE",False
FC-01479,COHAB,23,22/09/2022 18:57:59,-8.062912,-34.90148,HOMICIDIO/TENTATIVA,PARDA,HOMEM CIS,"Rua 493, COHAB - Recife/PE",False
FC-01480,JARDIM SAO PAULO,25,22/09/2025 18:28:27,-8.006022,-34.8535,HOMICIDIO/TENTATIVA,PARDA,NAO IDENTIFICADO,"Rua 429, JARDIM SAO PAULO - Recife/PE",False
FC-01481,POCO DA PANELA,13,07/01/2024 15:24:49,-8.034331,-34.860344,HOMICIDIO/TENTATIVA,NAO IDENTIFICADO,HOMEM CIS,"Rua 475, POCO DA PANELA - Recife/PE",False
FC-01482,COHAB,38,23/12/2018 18:54:07,-8.07081,-34.907284,HOMICIDIO/TENTATIVA,PARDA,HOMEM CIS,"Rua 203, COHAB - Recife/PE",False
FC-01483,JARDIM SAO PAULO,19,08/09/2022 21:15:58,-8.0047,-34.853558,HOMICIDIO/TENTATIVA,PRETA,HOMEM CIS,"Rua 440, JARDIM SAO PAULO - Recife/PE",True
FC-01484,BREJO DA GUARDEIRA,52,03/09/2021 09:21:35,-8.071485,-34.901493,DISPARO,NAO IDENTIFICADO,MULHER CIS,"Rua 92, BREJO DA GUARDEIRA - Recife/PE",False
FC-01485,IBURA,43,21/12/2024 02:09:39,-8.08111,-34.888197,HOMICIDIO/TENTATIVA,PARDA,HOMEM CIS,"Rua 217, IBURA - Recife/PE",False
FC-01486,AFLITOS,33,28/05/2019 13:02:48,-8.048471,-34.875999,HOMICIDIO/TENTATIVA,PRETA,HOMEM CIS,"Rua 14, AFLITOS - Recife/PE",True
FC-01487,TOTOS,11,25/03/2019 21:40:37,-8.036014,-34.861434,TIRO,PARDA,HOMEM CIS,"Rua 353, TOTOS - Recife/PE",False
FC-01488,VARZEA,57,02/06/2022 21:47:38,-8.032471,-34.911511,AMEACA,NAO IDENTIFICADO,MULHER CIS,"Rua 77, VARZEA - Recife/PE",True
FC-01489,ROSARINHO,23,25/05/2022 11:10:05,-8.043469,-34.86245,AMEACA,PRETA,HOMEM CIS,"Rua 76, ROSARINHO - Recife/PE",False
FC-01490,BREJO DA GUARDEIRA,35,05/02/2025 04:48:18,-8.069678,-34.898838,DISPARO,NAO IDENTIFICADO,HOMEM CIS,"Rua 404, BREJO DA GUARDEIRA - Recife/PE",False
FC-01491,IBURA,33,02/10/2018 00:16:56,-8.078149,-34.888115,DISPARO,NAO IDENTIFICADO,HOMEM CIS,"Rua 177, IBURA - Recife/PE",False
FC-01492,VASCO DA GAMA,36,19/07/2019 03:26:09,-8.052463,-34.878458,HOMICIDIO/TENTATIVA,PRETA,HOMEM CIS,"Rua 262, VASCO DA GAMA - Recife/PE",False
FC-01493,NOVA DESCOBERTA,24,13/10/2024 20:35:45,-8.01273,-34.869183,DISPARO,PRETA,HOMEM CIS,"Rua 241, NOVA DESCOBERTA - Recife/PE",True
FC-01494,IBURA,42,12/10/2022 21:01:49,-8.085584,-34.891143,ROUBO,NAO IDENTIFICADO,HOMEM CIS,"Rua 326, IBURA - Recife/PE",False
FC-01495,JAQUEIRA,20,04/01/2018 21:16:53,-8.03634,-34.868102,HOMICIDIO/TENTATIVA,NAO IDENTIFICADO,MULHER CIS,"Rua 456, JAQUEIRA - Recife/PE",False
FC-01496,MANGABEIRA,10,06/11/2020 18:30:31,-8.008738,-34.871734,TIRO,NAO IDENTIFICADO,HOMEM CIS,"Rua 128, MANGABEIRA - Recife/PE",False
FC-01497,ALTO JOSE DO PINHO,40,08/05/2018 03:04:09,-8.019996,-34.883814,DISPARO,PARDA,HOMEM CIS,"Rua 317, ALTO JOSE DO PINHO - Recife/PE",False
FC-01498,SANTO AMARO,18,14/05/2023 11:01:15,-8.059768,-34.871376,TIRO,NAO IDENTIFICADO,HOMEM CIS,"Rua 388, SANTO AMARO - Recife/PE",False
FC-01499,AFLITOS,40,25/05/2020 09:29:55,-8.039968,-34.874416,DISPARO,PRETA,HOMEM CIS,"Rua 200, AFLITOS - Recife/PE",True
FC-01500,IPUTINGA,38,28/05/2024 21:11:25,-8.034509,-34.896583,DISPARO,NAO IDENTIFICADO,NAO IDENTIFICADO,"Rua 370, IPUTINGA - Recife/PE",False
FC-01501,SANTO AMARO,18,01/12/2025 20:30:24,-8.062058,-34.874751,HOMICIDIO/TENTATIVA,PRETA,HOMEM CIS,"Rua 406, SANTO AMARO - Recife/PE",False
FC-01502,NOVA DESCOBERTA,34,25/01/2022 06:06:23,-8.015642,-34.863862,AMEACA,PRETA,HOMEM CIS,"Rua 358, NOVA DESCOBERTA - Recife/PE",False
FC-01503,ALTO JOSE DO PINHO,38,20/08/2025 21:03:43,-8.019203,-34.883027,HOMICIDIO/TENTATIVA,AMARELA,HOMEM CIS,"Rua 20, ALTO JOSE DO PINHO - Recife/PE",False
FC-01504,IPUTINGA,29,07/04/2020 23:52:22,-8.031561,-34.889827,HOMICIDIO/TENTATIVA,AMARELA,HOMEM CIS,"Rua 270, IPUTINGA - Recife/PE",False
FC-01505,NOVA DESCOBERTA,22,26/03/2020 02:06:45,-8.017807,-34.865534,DISPARO,PRETA,HOMEM CIS,"Rua 270, NOVA DESCOBERTA - Recife/PE",False
FC-01506,SAN MARTIN,19,19/04/2025 02:43:12,-8.041252,-34.876968,HOMICIDIO/TENTATIVA,NAO IDENTIFICADO,MULHER CIS,"Rua 69, SAN MARTIN - Recife/PE",False
FC-01507,ESTACAO,34,03/12/2024 23:58:48,-8.055693,-34.872463,ROUBO,NAO IDENTIFICADO,HOMEM CIS,"Rua 259, ESTACAO - Recife/PE",False
FC-01508,ALTO JOSE DO PINHO,47,25/07/2025 18:55:33,-8.018511,-34.878775,HOMICIDIO/TENTATIVA,AMARELA,MULHER CIS,"Rua 6, ALTO JOSE DO PINHO - Recife/PE",False
FC-01509,JARDIM SAO PAULO,44,25/06/2023 15:35:08,-8.001567,-34.859164,AMEACA,NAO IDENTIFICADO,HOMEM CIS,"Rua 269, JARDIM SAO PAULO - Recife/PE",False
FC-01510,JARDIM SAO PAULO,39,24/05/2023 11:38:07,-8.005159,-34.856653,DISPARO,NAO IDENTIFICADO,HOMEM CIS,"Rua 465, JARDIM SAO PAULO - Recife/PE",False
FC-01511,ESTACAO,32,05/06/2021 22:04:19,-8.050164,-34.869498,HOMICIDIO/TENTATIVA,PRETA,HOMEM CIS,"Rua 414, ESTACAO - Recife/PE",False
FC-01512,COHAB,19,08/04/2022 14:30:21,-8.062773,-34.906913,HOMICIDIO/TENTATIVA,PARDA,HOMEM CIS,"Rua 301, COHAB - Recife/PE",False
FC-01513,VARZEA,30,20/04/2019 19:09:04,-8.03591,-34.915657,AMEACA,NAO IDENTIFICADO,NAO IDENTIFICADO,"Rua 141, VARZEA - Recife/PE",False
FC-01514,IPUTINGA,39,10/12/2023 03:34:26,-8.031121,-34.887164,BRIGA,NAO IDENTIFICADO,HOMEM CIS,"Rua 22, IPUTINGA - Recife/PE",False
FC-01515,CAXANGA,10,14/07/2022 15:50:47,-8.026793,-34.918889,HOMICIDIO/TENTATIVA,PARDA,HOMEM CIS,"Rua 356, CAXANGA - Recife/PE",True
FC-01516,COHAB,37,28/04/2025 23:33:56,-8.065301,-34.905172,AMEACA,NAO IDENTIFICADO,HOMEM CIS,"Rua 200, COHAB - Recife/PE",False
FC-01517,CORDOARIA,34,15/11/2021 02:47:13,-8.058693,-34.86882,AMEACA,PARDA,HOMEM CIS,"Rua 90, CORDOARIA - Recife/PE",False
FC-01518,TOTOS,40,06/09/2021 15:06:31,-8.035382,-34.867898,HOMICIDIO/TENTATIVA,NAO IDENTIFICADO,HOMEM CIS,"Rua 249, TOTOS - Recife/PE",False
FC-01519,ESTACAO,29,10/05/2025 21:02:07,-8.053901,-34.874017,TIRO,BRANCA,HOMEM CIS,"Rua 459, ESTACAO - Recife/PE",False
FC-01520,MANGABEIRA,34,16/04/2021 21:58:35,-8.011613,-34.868034,AMEACA,AMARELA,HOMEM CIS,"Rua 271, MANGABEIRA - Recife/PE",False
FC-01521,VARZEA,17,04/01/2024 20:28:44,-8.029843,-34.917689,DISPARO,NAO IDENTIFICADO,HOMEM CIS,"Rua 311, VARZEA - Recife/PE",False
FC-01522,CASA AMARELA,32,10/05/2018 18:59:01,-8.029624,-34.861712,DISPARO,AMARELA,HOMEM CIS,"Rua 232, CASA AMARELA - Recife/PE",False
FC-01523,ROSARINHO,40,21/10/2023 15:39:36,-8.043688,-34.860644,AMEACA,NAO IDENTIFICADO,HOMEM CIS,"Rua 446, ROSARINHO - Recife/PE",False
FC-01524,TOTOS,30,22/12/2023 20:54:29,-8.039789,-34.865898,TIRO,PRETA,HOMEM CIS,"Rua 268, TOTOS - Recife/PE",False
FC-01525,IPUTINGA,39,05/04/2025 13:06:18,-8.029753,-34.895248,DISPARO,NAO IDENTIFICADO,HOMEM CIS,"Rua 257, IPUTINGA - Recife/PE",True
FC-01526,CURADO,27,04/04/2025 04:49:51,-8.073531,-34.904538,ROUBO,PARDA,HOMEM CIS,"Rua 151, CURADO - Recife/PE",False
FC-01527,TOTOS,23,14/01/2025 19:01:35,-8.035505,-34.864372,DISPARO,NAO IDENTIFICADO,HOMEM CIS,"Rua 204, TOTOS - Recife/PE",False
FC-01528,VASCO DA GAMA,18,24/03/2023 06:35:46,-8.055018,-34.877648,ROUBO,NAO IDENTIFICADO,HOMEM CIS,"Rua 311, VASCO DA GAMA - Recife/PE",False
FC-01529,NOVA DESCOBERTA,27,05/09/2020 19:35:48,-8.011421,-34.861935,DISPARO,PRETA,HOMEM CIS,"Rua 420, NOVA DESCOBERTA - Recife/PE",True
FC-01530,GRACO,44,05/02/2025 22:36:39,-8.044379,-34.87324,BRIGA,PARDA,MULHER CIS,"Rua 16, GRACO - Recife/PE",False
FC-01531,MANGABEIRA,23,05/11/2021 15:17:05,-8.009411,-34.868363,DISPARO,NAO IDENTIFICADO,MULHER CIS,"Rua 196, MANGABEIRA - Recife/PE",False
FC-01532,MANGABEIRA,10,16/09/2020 21:06:43,-8.010024,-34.869526,ROUBO,PRETA,HOMEM CIS,"Rua 452, MANGABEIRA - Recife/PE",False
FC-01533,VARZEA,26,09/02/2025 21:49:17,-8.031126,-34.913735,DISPARO,NAO IDENTIFICADO,HOMEM CIS,"Rua 77, VARZEA - Recife/PE",False
FC-01534,NOVA DESCOBERTA,45,28/01/2023 00:10:30,-8.015648,-34.862188,DISPARO,NAO IDENTIFICADO,HOMEM CIS,"Rua 1, NOVA DESCOBERTA - Recife/PE",False
FC-01535,IBURA,54,02/02/2025 02:48:24,-8.078065,-34.895276,DISPARO,NAO IDENTIFICADO,MULHER CIS,"Rua 39, IBURA - Recife/PE",False
FC-01536,COHAB,26,02/01/2024 22:24:33,-8.066035,-34.903532,AMEACA,PRETA,HOMEM CIS,"Rua 332, COHAB - Recife/PE",True
FC-01537,NOVA DESCOBERTA,38,14/08/2021 21:55:40,-8.017517,-34.864796,ROUBO,PRETA,HOMEM CIS,"Rua 447, NOVA DESCOBERTA - Recife/PE",False
FC-01538,BREJO DA GUARDEIRA,10,21/04/2024 10:01:57,-8.065674,-34.901537,HOMICIDIO/TENTATIVA,NAO IDENTIFICADO,HOMEM CIS,"Rua 227, BREJO DA GUARDEIRA - Recife/PE",False
FC-01539,BREJO DA GUARDEIRA,30,13/12/2025 21:26:42,-8.070929,-34.896562,BRIGA,NAO IDENTIFICADO,HOMEM CIS,"Rua 71, BREJO DA GUARDEIRA - Recife/PE",False
FC-01540,IPUTINGA,10,13/08/2024 22:10:36,-8.02805,-34.893317,ROUBO,NAO IDENTIFICADO,HOMEM CIS,"Rua 309, IPUTINGA - Recife/PE",False
FC-01541,IBURA,24,03/05/2023 23:12:12,-8.076821,-34.894662,BRIGA,NAO IDENTIFICADO,HOMEM CIS,"Rua 46, IBURA - Recife/PE",False
FC-01542,JARDIM SAO PAULO,42,13/06/2019 02:34:59,-8.003931,-34.851215,TIRO,NAO IDENTIFICADO,MULHER CIS,"Rua 6, JARDIM SAO PAULO - Recife/PE",False
FC-01543,VARZEA,21,01/03/2018 14:14:48,-8.037199,-34.911712,TIRO,BRANCA,NAO IDENTIFICADO,"Rua 423, VARZEA - Recife/PE",False
FC-01544,ALTO JOSE DO PINHO,35,13/06/2023 03:13:28,-8.024635,-34.886618,DISPARO,NAO IDENTIFICADO,HOMEM CIS,"Rua 342, ALTO JOSE DO PINHO - Recife/PE",False
FC-01545,MANGABEIRA,34,11/10/2019 01:55:25,-8.007487,-34.872038,TIRO,PRETA,HOMEM CIS,"Rua 23, MANGABEIRA - Recife/PE",False
FC-01546,GRACO,10,22/04/2020 09:06:25,-8.04143,-34.873661,OUTRO,NAO IDENTIFICADO,HOMEM CIS,"Rua 56, GRACO - Recife/PE",False
FC-01547,JARDIM SAO PAULO,8,03/03/2022 00:10:40,-8.013497,-34.852558,DISPARO,PRETA,MULHER CIS,"Rua 252, JARDIM SAO PAULO - Recife/PE",False
FC-01548,CURADO,31,14/09/2020 04:34:21,-8.070677,-34.905833,HOMICIDIO/TENTATIVA,PARDA,HOMEM CIS,"Rua 252, CURADO - Recife/PE",False
FC-01549,POCO DA PANELA,37,28/04/2025 21:15:56,-8.030151,-34.866178,AMEACA,NAO IDENTIFICADO,HOMEM CIS,"Rua 264, POCO DA PANELA - Recife/PE",False
FC-01550,VARZEA,29,24/08/2020 00:50:44,-8.03985,-34.915688,HOMICIDIO/TENTATIVA,NAO IDENTIFICADO,HOMEM CIS,"Rua 369, VARZEA - Recife/PE",False
FC-01551,VASCO DA GAMA,27,13/01/2022 21:31:15,-8.05312,-34.879863,HOMICIDIO/TENTATIVA,BRANCA,HOMEM CIS,"Rua 266, VASCO DA GAMA - Recife/PE",False
FC-01552,TOTOS,37,05/09/2018 02:53:10,-8.03589,-34.858535,DISPARO,PARDA,HOMEM CIS,"Rua 323, TOTOS - Recife/PE",False
FC-01553,IPUTINGA,26,01/06/2025 21:34:28,-8.030823,-34.892262,DISPARO,NAO IDENTIFICADO,HOMEM CIS,"Rua 352, IPUTINGA - Recife/PE",False
FC-01554,NOVA DESCOBERTA,20,03/03/2024 23:08:20,-8.010554,-34.86585,DISPARO,PRETA,HOMEM CIS,"Rua 497, NOVA DESCOBERTA - Recife/PE",False
FC-01555,SAN MARTIN,23,08/05/2024 15:38:34,-8.041414,-34.875845,DISPARO,NAO IDENTIFICADO,HOMEM CIS,"Rua 280, SAN MARTIN - Recife/PE",False
FC-01556,CURADO,29,20/01/2024 20:14:42,-8.071925,-34.905004,ROUBO,NAO IDENTIFICADO,MULHER CIS,"Rua 222, CURADO - Recife/PE",False
FC-01557,GRACO,19,10/03/2020 22:21:54,-8.042893,-34.868043,DISPARO,PRETA,HOMEM CIS,"Rua 263, GRACO - Recife/PE",False
FC-01558,MANGABEIRA,10,15/09/2023 23:48:58,-8.008559,-34.873165,HOMICIDIO/TENTATIVA,NAO IDENTIFICADO,HOMEM CIS,"Rua 336, MANGABEIRA - Recife/PE",True
FC-01559,SAN MARTIN,39,16/07/2021 05:49:42,-8.042888,-34.875922,ROUBO,NAO IDENTIFICADO,HOMEM CIS,"Rua 479, SAN MARTIN - Recife/PE",False
FC-01560,BREJO DA GUARDEIRA,43,22/11/2018 23:31:39,-8.067416,-34.899246,BRIGA,PARDA,HOMEM CIS,"Rua 197, BREJO DA GUARDEIRA - Recife/PE",False
FC-01561,MANGABEIRA,28,27/03/2022 21:20:33,-8.011729,-34.865587,DISPARO,PRETA,MULHER CIS,"Rua 253, MANGABEIRA - Recife/PE",False
FC-01562,ROSARINHO,21,21/07/2022 04:40:50,-8.043111,-34.863004,HOMICIDIO/TENTATIVA,PRETA,HOMEM CIS,"Rua 27, ROSARINHO - Recife/PE",False
FC-01563,BOA VISTA,20,13/07/2024 20:21:43,-8.05285,-34.879331,ROUBO,PRETA,MULHER CIS,"Rua 20, BOA VISTA - Recife/PE",False
FC-01564,IBURA,24,28/06/2024 14:16:11,-8.082248,-34.891271,DISPARO,NAO IDENTIFICADO,HOMEM CIS,"Rua 202, IBURA - Recife/PE",False
FC-01565,SAN MARTIN,41,21/03/2023 08:08:43,-8.038419,-34.878573,AMEACA,NAO IDENTIFICADO,HOMEM CIS,"Rua 295, SAN MARTIN - Recife/PE",False
FC-01566,CAXANGA,27,19/09/2025 22:21:25,-8.02347,-34.916182,HOMICIDIO/TENTATIVA,PARDA,HOMEM CIS,"Rua 41, CAXANGA - Recife/PE",False
FC-01567,BOA VISTA,33,06/08/2024 22:21:24,-8.051407,-34.877979,AMEACA,NAO IDENTIFICADO,MULHER CIS,"Rua 295, BOA VISTA - Recife/PE",False
FC-01568,VARZEA,11,26/10/2021 20:06:14,-8.033001,-34.913266,TIRO,NAO IDENTIFICADO,MULHER CIS,"Rua 482, VARZEA - Recife/PE",False
FC-01569,ALTO JOSE DO PINHO,36,17/08/2025 10:24:54,-8.020386,-34.880779,DISPARO,NAO IDENTIFICADO,HOMEM CIS,"Rua 9, ALTO JOSE DO PINHO - Recife/PE",False
FC-01570,BREJO DA GUARDEIRA,24,07/01/2020 12:39:07,-8.067134,-34.900116,HOMICIDIO/TENTATIVA,PARDA,HOMEM CIS,"Rua 458, BREJO DA GUARDEIRA - Recife/PE",False
FC-01571,ALTO JOSE DO PINHO,22,06/08/2022 01:33:53,-8.018222,-34.883771,HOMICIDIO/TENTATIVA,BRANCA,HOMEM CIS,"Rua 298, ALTO JOSE DO PINHO - Recife/PE",False
FC-01572,NOVA DESCOBERTA,34,11/02/2021 11:06:20,-8.014756,-34.865114,DISPARO,NAO IDENTIFICADO,HOMEM CIS,"Rua 104, NOVA DESCOBERTA - Recife/PE",False
FC-01573,COHAB,58,24/08/2024 21:33:06,-8.061447,-34.902832,ROUBO,NAO IDENTIFICADO,HOMEM CIS,"Rua 219, COHAB - Recife/PE",False
FC-01574,SAN MARTIN,31,23/03/2025 21:51:06,-8.036979,-34.876446,TIRO,NAO IDENTIFICADO,HOMEM CIS,"Rua 395, SAN MARTIN - Recife/PE",False
FC-01575,POCO DA PANELA,30,23/02/2023 19:30:35,-8.035911,-34.862243,DISPARO,NAO IDENTIFICADO,HOMEM CIS,"Rua 376, POCO DA PANELA - Recife/PE",False
FC-01576,CAXANGA,10,17/09/2020 18:49:22,-8.024368,-34.921465,DISPARO,NAO IDENTIFICADO,HOMEM CIS,"Rua 456, CAXANGA - Recife/PE",False
FC-01577,VARZEA,49,11/01/2021 21:37:32,-8.034942,-34.918567,AMEACA,PARDA,HOMEM CIS,"Rua 387, VARZEA - Recife/PE",False
FC-01578,SAN MARTIN,29,17/06/2022 13:47:57,-8.043138,-34.87658,HOMICIDIO/TENTATIVA,NAO IDENTIFICADO,HOMEM CIS,"Rua 278, SAN MARTIN - Recife/PE",False
FC-01579,VASCO DA GAMA,33,27/12/2025 19:11:32,-8.052126,-34.882373,DISPARO,NAO IDENTIFICADO,HOMEM CIS,"Rua 491, VASCO DA GAMA - Recife/PE",False
FC-01580,BREJO DA GUARDEIRA,30,05/01/2025 22:00:56,-8.074095,-34.897896,TIRO,NAO IDENTIFICADO,HOMEM CIS,"Rua 80, BREJO DA GUARDEIRA - Recife/PE",True
FC-01581,CASA AMARELA,36,05/04/2020 19:52:56,-8.030513,-34.859995,TIRO,NAO IDENTIFICADO,HOMEM CIS,"Rua 60, CASA AMARELA - Recife/PE",False
FC-01582,POCO DA PANELA,37,17/01/2021 05:40:27,-8.030187,-34.862855,HOMICIDIO/TENTATIVA,NAO IDENTIFICADO,MULHER CIS,"Rua 94, POCO DA PANELA - Recife/PE",False
FC-01583,BOA VISTA,31,19/07/2023 19:45:31,-8.053258,-34.877605,DISPARO,NAO IDENTIFICADO,HOMEM CIS,"Rua 494, BOA VISTA - Recife/PE",False
FC-01584,CAXANGA,28,24/08/2023 22:41:26,-8.021688,-34.920769,DISPARO,NAO IDENTIFICADO,NAO IDENTIFICADO,"Rua 4, CAXANGA - Recife/PE",False
FC-01585,COHAB,28,07/05/2025 22:04:33,-8.066221,-34.906604,TIRO,AMARELA,MULHER CIS,"Rua 417, COHAB - Recife/PE",False
FC-01586,VARZEA,33,05/02/2020 05:09:56,-8.039492,-34.911157,TIRO,PARDA,HOMEM CIS,"Rua 4, VARZEA - Recife/PE",False
FC-01587,VASCO DA GAMA,22,08/09/2025 15:31:10,-8.052834,-34.88381,TIRO,NAO IDENTIFICADO,HOMEM CIS,"Rua 284, VASCO DA GAMA - Recife/PE",False
FC-01588,SAN MARTIN,38,22/02/2022 16:50:11,-8.037984,-34.876847,DISPARO,NAO IDENTIFICADO,HOMEM CIS,"Rua 246, SAN MARTIN - Recife/PE",False
FC-01589,SAN MARTIN,18,13/03/2020 03:36:02,-8.039251,-34.881549,DISPARO,BRANCA,HOMEM CIS,"Rua 317, SAN MARTIN - Recife/PE",False
FC-01590,COHAB,26,18/11/2021 08:06:25,-8.061912,-34.90261,TIRO,PARDA,HOMEM CIS,"Rua 445, COHAB - Recife/PE",True
FC-01591,VARZEA,30,07/11/2018 05:50:45,-8.037924,-34.913063,DISPARO,NAO IDENTIFICADO,HOMEM CIS,"Rua 475, VARZEA - Recife/PE",False
FC-01592,MANGABEIRA,30,06/03/2018 03:36:58,-8.016961,-34.867652,AMEACA,NAO IDENTIFICADO,HOMEM CIS,"Rua 380, MANGABEIRA - Recife/PE",False
FC-01593,ESTACAO,29,03/10/2021 19:15:35,-8.049393,-34.874286,DISPARO,NAO IDENTIFICADO,HOMEM CIS,"Rua 122, ESTACAO - Recife/PE",False
FC-01594,CURADO,10,07/09/2024 12:19:17,-8.069163,-34.909125,BRIGA,NAO IDENTIFICADO,HOMEM CIS,"Rua 251, CURADO - Recife/PE",False
FC-01595,AFLITOS,10,10/07/2019 08:01:36,-8.047935,-34.863734,DISPARO,PRETA,HOMEM CIS,"Rua 444, AFLITOS - Recife/PE",False
FC-01596,NOVA DESCOBERTA,26,15/03/2024 19:54:55,-8.012807,-34.866952,TIRO,PARDA,HOMEM CIS,"Rua 2, NOVA DESCOBERTA - Recife/PE",False
FC-01597,VARZEA,10,15/10/2020 21:58:31,-8.035511,-34.915797,HOMICIDIO/TENTATIVA,NAO IDENTIFICADO,HOMEM CIS,"Rua 110, VARZEA - Recife/PE",False
FC-01598,ALTO JOSE DO PINHO,26,08/09/2022 03:01:51,-8.020344,-34.884207,DISPARO,NAO IDENTIFICADO,MULHER CIS,"Rua 498, ALTO JOSE DO PINHO - Recife/PE",False
FC-01599,COHAB,28,07/09/2025 04:56:02,-8.068792,-34.903541,AMEACA,NAO IDENTIFICADO,HOMEM CIS,"Rua 284, COHAB - Recife/PE",False
FC-01600,ALTO JOSE DO PINHO,10,15/10/2022 13:13:44,-8.026151,-34.882782,DISPARO,PRETA,HOMEM CIS,"Rua 361, ALTO JOSE DO PINHO - Recife/PE",False
FC-01601,CURADO,36,26/01/2022 21:48:50,-8.070172,-34.914186,HOMICIDIO/TENTATIVA,NAO IDENTIFICADO,HOMEM CIS,"Rua 394, CURADO - Recife/PE",False
FC-01602,IBURA,21,27/02/2021 18:50:36,-8.082788,-34.896788,HOMICIDIO/TENTATIVA,BRANCA,HOMEM CIS,"Rua 236, IBURA - Recife/PE",False
FC-01603,IBURA,21,01/02/2024 21:41:36,-8.080043,-34.887718,HOMICIDIO/TENTATIVA,NAO IDENTIFICADO,MULHER CIS,"Rua 475, IBURA - Recife/PE",False
FC-01604,AFLITOS,24,09/08/2021 19:47:32,-8.042731,-34.877742,HOMICIDIO/TENTATIVA,NAO IDENTIFICADO,HOMEM CIS,"Rua 314, AFLITOS - Recife/PE",False
FC-01605,CASA AMARELA,41,19/11/2019 17:38:07,-8.034412,-34.859078,OUTRO,PRETA,MULHER CIS,"Rua 25, CASA AMARELA - Recife/PE",False
FC-01606,VASCO DA GAMA,27,15/12/2025 15:48:42,-8.051039,-34.882623,HOMICIDIO/TENTATIVA,NAO IDENTIFICADO,HOMEM CIS,"Rua 59, VASCO DA GAMA - Recife/PE",False
FC-01607,BREJO DA GUARDEIRA,37,06/03/2021 01:39:46,-8.070839,-34.900475,HOMICIDIO/TENTATIVA,NAO IDENTIFICADO,HOMEM CIS,"Rua 70, BREJO DA GUARDEIRA - Recife/PE",True
FC-01608,AFLITOS,27,20/04/2025 21:13:02,-8.047537,-34.872042,AMEACA,BRANCA,HOMEM CIS,"Rua 99, AFLITOS - Recife/PE",False
FC-01609,ESTACAO,29,26/11/2022 12:33:06,-8.052276,-34.870746,TIRO,NAO IDENTIFICADO,HOMEM CIS,"Rua 402, ESTACAO - Recife/PE",False
FC-01610,IPUTINGA,39,17/11/2023 03:21:55,-8.025229,-34.896152,AMEACA,NAO IDENTIFICADO,HOMEM CIS,"Rua 341, IPUTINGA - Recife/PE",True
FC-01611,IPUTINGA,40,07/10/2018 20:23:22,-8.031559,-34.891236,DISPARO,PRETA,HOMEM CIS,"Rua 430, IPUTINGA - Recife/PE",False
FC-01612,POCO DA PANELA,37,22/12/2025 18:22:08,-8.040734,-34.861721,HOMICIDIO/TENTATIVA,PRETA,HOMEM CIS,"Rua 299, POCO DA PANELA - Recife/PE",False
FC-01613,ALTO JOSE DO PINHO,24,07/05/2019 15:22:35,-8.022276,-34.880947,BRIGA,NAO IDENTIFICADO,HOMEM CIS,"Rua 188, ALTO JOSE DO PINHO - Recife/PE",False
FC-01614,CORDOARIA,22,24/02/2020 21:01:09,-8.060419,-34.872773,AMEACA,NAO IDENTIFICADO,HOMEM CIS,"Rua 477, CORDOARIA - Recife/PE",False
FC-01615,IBURA,38,02/05/2022 04:39:03,-8.082425,-34.888501,DISPARO,PRETA,HOMEM CIS,"Rua 370, IBURA - Recife/PE",False
FC-01616,GRACO,36,28/03/2020 11:41:57,-8.049535,-34.871588,HOMICIDIO/TENTATIVA,PARDA,HOMEM CIS,"Rua 164, GRACO - Recife/PE",False
FC-01617,NOVA DESCOBERTA,24,23/04/2023 20:18:02,-8.013562,-34.872874,TIRO,PARDA,MULHER CIS,"Rua 64, NOVA DESCOBERTA - Recife/PE",False
FC-01618,IBURA,60,15/11/2022 14:57:50,-8.080407,-34.891553,BRIGA,BRANCA,HOMEM CIS,"Rua 34, IBURA - Recife/PE",False
FC-01619,CORDOARIA,44,08/03/2020 09:53:06,-8.050969,-34.870388,HOMICIDIO/TENTATIVA,PARDA,HOMEM CIS,"Rua 415, CORDOARIA - Recife/PE",False
FC-01620,NOVA DESCOBERTA,41,04/09/2024 01:01:51,-8.014608,-34.865425,DISPARO,NAO IDENTIFICADO,HOMEM CIS,"Rua 406, NOVA DESCOBERTA - Recife/PE",False
FC-01621,ESTACAO,24,06/08/2025 15:02:34,-8.055478,-34.873061,HOMICIDIO/TENTATIVA,NAO IDENTIFICADO,HOMEM CIS,"Rua 50, ESTACAO - Recife/PE",True
FC-01622,CASA AMARELA,13,04/12/2018 23:45:03,-8.032228,-34.865054,HOMICIDIO/TENTATIVA,NAO IDENTIFICADO,HOMEM CIS,"Rua 101, CASA AMARELA - Recife/PE",False
FC-01623,ALTO JOSE DO PINHO,32,03/06/2023 23:52:55,-8.020109,-34.884559,HOMICIDIO/TENTATIVA,NAO IDENTIFICADO,HOMEM CIS,"Rua 497, ALTO JOSE DO PINHO - Recife/PE",False
FC-01624,ALTO JOSE DO PINHO,23,07/12/2019 00:36:27,-8.010769,-34.88092,AMEACA,NAO IDENTIFICADO,HOMEM CIS,"Rua 273, ALTO JOSE DO PINHO - Recife/PE",False
FC-01625,CAXANGA,15,01/08/2023 05:35:00,-8.024301,-34.921824,TIRO,NAO IDENTIFICADO,HOMEM CIS,"Rua 344, CAXANGA - Recife/PE",False
FC-01626,CASA AMARELA,17,09/08/2024 21:56:25,-8.03602,-34.858703,HOMICIDIO/TENTATIVA,PRETA,HOMEM CIS,"Rua 77, CASA AMARELA - Recife/PE",False
FC-01627,COHAB,21,01/08/2023 01:17:25,-8.062097,-34.902019,AMEACA,NAO IDENTIFICADO,HOMEM CIS,"Rua 52, COHAB - Recife/PE",False
FC-01628,IPUTINGA,46,15/01/2024 18:42:29,-8.030557,-34.891574,AMEACA,PRETA,HOMEM CIS,"Rua 130, IPUTINGA - Recife/PE",False
FC-01629,IBURA,37,03/09/2024 21:36:48,-8.083423,-34.894315,HOMICIDIO/TENTATIVA,NAO IDENTIFICADO,HOMEM CIS,"Rua 363, IBURA - Recife/PE",False
FC-01630,VASCO DA GAMA,49,11/02/2025 21:02:16,-8.054318,-34.878092,HOMICIDIO/TENTATIVA,NAO IDENTIFICADO,HOMEM CIS,"Rua 257, VASCO DA GAMA - Recife/PE",False
FC-01631,IBURA,20,26/07/2022 19:31:40,-8.085658,-34.893708,DISPARO,PRETA,HOMEM CIS,"Rua 34, IBURA - Recife/PE",False
FC-01632,VARZEA,28,24/09/2021 11:26:58,-8.038193,-34.91503,AMEACA,PRETA,HOMEM CIS,"Rua 51, VARZEA - Recife/PE",False
FC-01633,VARZEA,10,08/04/2023 21:48:20,-8.03836,-34.912987,DISPARO,BRANCA,HOMEM CIS,"Rua 108, VARZEA - Recife/PE",False
FC-01634,ESPINHEIRO,40,20/02/2023 16:00:04,-8.043176,-34.871053,DISPARO,PRETA,MULHER CIS,"Rua 467, ESPINHEIRO - Recife/PE",False
FC-01635,NOVA DESCOBERTA,17,15/04/2019 01:29:52,-8.01612,-34.863066,BRIGA,PARDA,MULHER CIS,"Rua 433, NOVA DESCOBERTA - Recife/PE",False
FC-01636,VARZEA,41,21/01/2023 21:40:16,-8.03649,-34.91846,HOMICIDIO/TENTATIVA,NAO IDENTIFICADO,HOMEM CIS,"Rua 477, VARZEA - Recife/PE",False
FC-01637,CURADO,33,25/12/2021 19:32:38,-8.072471,-34.911555,HOMICIDIO/TENTATIVA,BRANCA,HOMEM CIS,"Rua 400, CURADO - Recife/PE",False
FC-01638,BREJO DA GUARDEIRA,50,24/01/2022 21:32:40,-8.067519,-34.899526,HOMICIDIO/TENTATIVA,PARDA,MULHER CIS,"Rua 149, BREJO DA GUARDEIRA - Recife/PE",False
FC-01639,JARDIM SAO PAULO,14,09/07/2025 12:08:10,-8.004366,-34.851812,ROUBO,PARDA,HOMEM CIS,"Rua 232, JARDIM SAO PAULO - Recife/PE",False
FC-01640,JAQUEIRA,26,17/08/2020 14:59:00,-8.033947,-34.864122,TIRO,NAO IDENTIFICADO,MULHER CIS,"Rua 32, JAQUEIRA - Recife/PE",False
FC-01641,CASA AMARELA,49,27/02/2022 21:53:12,-8.031084,-34.858238,DISPARO,NAO IDENTIFICADO,HOMEM CIS,"Rua 44, CASA AMARELA - Recife/PE",False
FC-01642,IPUTINGA,46,16/09/2025 20:37:17,-8.026658,-34.894504,TIRO,PARDA,HOMEM CIS,"Rua 308, IPUTINGA - Recife/PE",False
FC-01643,SANTO AMARO,24,22/10/2024 22:30:42,-8.057284,-34.873872,DISPARO,NAO IDENTIFICADO,HOMEM CIS,"Rua 137, SANTO AMARO - Recife/PE",False
FC-01644,IBURA,28,14/10/2024 02:27:02,-8.07871,-34.898574,HOMICIDIO/TENTATIVA,PRETA,HOMEM CIS,"Rua 283, IBURA - Recife/PE",False
FC-01645,VASCO DA GAMA,48,08/09/2023 13:24:22,-8.051633,-34.881379,ROUBO,NAO IDENTIFICADO,HOMEM CIS,"Rua 477, VASCO DA GAMA - Recife/PE",False
FC-01646,SAN MARTIN,36,21/05/2021 01:38:59,-8.039991,-34.87431,TIRO,PARDA,HOMEM CIS,"Rua 328, SAN MARTIN - Recife/PE",False
FC-01647,IPUTINGA,41,14/10/2020 00:28:32,-8.0322,-34.891238,HOMICIDIO/TENTATIVA,NAO IDENTIFICADO,HOMEM CIS,"Rua 34, IPUTINGA - Recife/PE",False
FC-01648,SAN MARTIN,27,19/06/2019 21:52:40,-8.039752,-34.880185,DISPARO,NAO IDENTIFICADO,HOMEM CIS,"Rua 278, SAN MARTIN - Recife/PE",False
FC-01649,MANGABEIRA,50,18/05/2024 15:44:32,-8.00688,-34.872219,BRIGA,BRANCA,HOMEM CIS,"Rua 22, MANGABEIRA - Recife/PE",False
FC-01650,CURADO,13,15/09/2025 19:04:27,-8.071157,-34.908696,DISPARO,NAO IDENTIFICADO,HOMEM CIS,"Rua 427, CURADO - Recife/PE",True
FC-01651,IBURA,32,08/12/2023 13:48:38,-8.078241,-34.88963,AMEACA,NAO IDENTIFICADO,HOMEM CIS,"Rua 84, IBURA - Recife/PE",False
FC-01652,ROSARINHO,45,14/12/2020 22:21:11,-8.039019,-34.869168,HOMICIDIO/TENTATIVA,PRETA,MULHER CIS,"Rua 23, ROSARINHO - Recife/PE",False
FC-01653,JARDIM SAO PAULO,27,01/12/2024 22:23:58,-8.00182,-34.855155,DISPARO,NAO IDENTIFICADO,HOMEM CIS,"Rua 385, JARDIM SAO PAULO - Recife/PE",False
FC-01654,IPUTINGA,36,28/01/2021 05:18:17,-8.028956,-34.896089,HOMICIDIO/TENTATIVA,NAO IDENTIFICADO,HOMEM CIS,"Rua 291, IPUTINGA - Recife/PE",True
FC-01655,ESTACAO,30,03/12/2025 21:08:44,-8.052073,-34.872967,TIRO,NAO IDENTIFICADO,MULHER CIS,"Rua 276, ESTACAO - Recife/PE",False
FC-01656,MANGABEIRA,27,28/01/2025 15:53:35,-8.012818,-34.866642,DISPARO,NAO IDENTIFICADO,HOMEM CIS,"Rua 140, MANGABEIRA - Recife/PE",False
FC-01657,COHAB,26,20/06/2024 04:25:40,-8.060642,-34.900414,OUTRO,NAO IDENTIFICADO,HOMEM CIS,"Rua 136, COHAB - Recife/PE",False
FC-01658,MANGABEIRA,29,13/10/2020 20:35:28,-8.013025,-34.876258,AMEACA,NAO IDENTIFICADO,HOMEM CIS,"Rua 260, MANGABEIRA - Recife/PE",False
FC-01659,CORDOARIA,12,11/05/2021 21:03:07,-8.062122,-34.868865,HOMICIDIO/TENTATIVA,PARDA,HOMEM CIS,"Rua 70, CORDOARIA - Recife/PE",False
FC-01660,AFLITOS,31,08/06/2022 20:24:56,-8.043831,-34.878661,TIRO,NAO IDENTIFICADO,HOMEM CIS,"Rua 180, AFLITOS - Recife/PE",False
FC-01661,COHAB,15,18/10/2020 21:35:51,-8.062339,-34.90414,TIRO,NAO IDENTIFICADO,HOMEM CIS,"Rua 216, COHAB - Recife/PE",False
FC-01662,IPUTINGA,28,11/05/2022 14:03:24,-8.026305,-34.888093,HOMICIDIO/TENTATIVA,PRETA,HOMEM CIS,"Rua 26, IPUTINGA - Recife/PE",False
FC-01663,IBURA,27,09/10/2020 04:18:58,-8.081792,-34.891422,AMEACA,PRETA,HOMEM CIS,"Rua 193, IBURA - Recife/PE",False
FC-01664,BOA VISTA,58,16/07/2023 15:20:50,-8.056298,-34.87295,ROUBO,BRANCA,HOMEM CIS,"Rua 83, BOA VISTA - Recife/PE",False
FC-01665,IBURA,28,11/08/2021 18:01:36,-8.0803,-34.893972,DISPARO,NAO IDENTIFICADO,HOMEM CIS,"Rua 488, IBURA - Recife/PE",False
FC-01666,IPUTINGA,29,14/01/2024 03:54:50,-8.025866,-34.883661,AMEACA,NAO IDENTIFICADO,HOMEM CIS,"Rua 410, IPUTINGA - Recife/PE",False
FC-01667,ESTACAO,39,23/06/2024 11:06:25,-8.055544,-34.872271,TIRO,NAO IDENTIFICADO,HOMEM CIS,"Rua 310, ESTACAO - Recife/PE",False
FC-01668,BREJO DA GUARDEIRA,24,28/03/2023 04:11:09,-8.075387,-34.90099,TIRO,NAO IDENTIFICADO,HOMEM CIS,"Rua 494, BREJO DA GUARDEIRA - Recife/PE",False
FC-01669,ESPINHEIRO,38,13/05/2023 03:20:39,-8.045823,-34.864855,DISPARO,BRANCA,HOMEM CIS,"Rua 15, ESPINHEIRO - Recife/PE",False
FC-01670,COHAB,35,27/09/2021 23:34:51,-8.067203,-34.905425,HOMICIDIO/TENTATIVA,PRETA,HOMEM CIS,"Rua 199, COHAB - Recife/PE",False
FC-01671,ROSARINHO,49,17/10/2019 23:30:45,-8.037799,-34.864974,DISPARO,BRANCA,HOMEM CIS,"Rua 287, ROSARINHO - Recife/PE",False
FC-01672,COHAB,28,26/08/2025 22:59:51,-8.06477,-34.906535,DISPARO,NAO IDENTIFICADO,MULHER CIS,"Rua 70, COHAB - Recife/PE",False
FC-01673,ROSARINHO,10,05/02/2024 21:58:10,-8.033873,-34.864534,HOMICIDIO/TENTATIVA,NAO IDENTIFICADO,HOMEM CIS,"Rua 271, ROSARINHO - Recife/PE",True
FC-01674,NOVA DESCOBERTA,34,19/12/2022 20:55:48,-8.015174,-34.867205,HOMICIDIO/TENTATIVA,PARDA,HOMEM CIS,"Rua 237, NOVA DESCOBERTA - Recife/PE",False
FC-01675,MANGABEIRA,26,06/09/2020 12:07:42,-8.014798,-34.863169,DISPARO,PRETA,NAO IDENTIFICADO,"Rua 385, MANGABEIRA - Recife/PE",False
FC-01676,NOVA DESCOBERTA,15,02/05/2025 01:27:16,-8.018096,-34.866321,AMEACA,NAO IDENTIFICADO,HOMEM CIS,"Rua 189, NOVA DESCOBERTA - Recife/PE",False
FC-01677,IPUTINGA,45,04/02/2024 03:12:09,-8.027956,-34.896708,ROUBO,PRETA,HOMEM CIS,"Rua 230, IPUTINGA - Recife/PE",False
FC-01678,IPUTINGA,45,24/10/2022 21:05:28,-8.025807,-34.891385,TIRO,PARDA,HOMEM CIS,"Rua 397, IPUTINGA - Recife/PE",False
FC-01679,CORDOARIA,38,16/03/2023 04:12:55,-8.050817,-34.866445,TIRO,PRETA,HOMEM CIS,"Rua 276, CORDOARIA - Recife/PE",False
FC-01680,CORDOARIA,21,18/11/2023 01:54:04,-8.053128,-34.87185,DISPARO,NAO IDENTIFICADO,HOMEM CIS,"Rua 199, CORDOARIA - Recife/PE",False
FC-01681,JAQUEIRA,38,20/07/2020 23:14:20,-8.043077,-34.868511,TIRO,NAO IDENTIFICADO,MULHER CIS,"Rua 258, JAQUEIRA - Recife/PE",False
FC-01682,CAXANGA,20,01/05/2020 01:58:55,-8.022516,-34.916787,HOMICIDIO/TENTATIVA,PARDA,HOMEM CIS,"Rua 325, CAXANGA - Recife/PE",False
FC-01683,ESPINHEIRO,10,17/05/2022 22:53:27,-8.042066,-34.864634,DISPARO,PRETA,HOMEM CIS,"Rua 89, ESPINHEIRO - Recife/PE",False
FC-01684,NOVA DESCOBERTA,27,27/01/2020 18:52:34,-8.012813,-34.863947,DISPARO,PRETA,HOMEM CIS,"Rua 353, NOVA DESCOBERTA - Recife/PE",False
FC-01685,IBURA,34,21/01/2022 20:48:58,-8.082814,-34.89565,TIRO,NAO IDENTIFICADO,HOMEM CIS,"Rua 343, IBURA - Recife/PE",False
FC-01686,IPUTINGA,16,22/09/2025 09:34:47,-8.025872,-34.892942,DISPARO,NAO IDENTIFICADO,HOMEM CIS,"Rua 319, IPUTINGA - Recife/PE",False
FC-01687,MANGABEIRA,28,20/12/2019 01:20:30,-8.011272,-34.870916,DISPARO,PRETA,HOMEM CIS,"Rua 69, MANGABEIRA - Recife/PE",False
FC-01688,CAXANGA,42,02/04/2020 21:55:46,-8.026006,-34.924023,TIRO,PARDA,HOMEM CIS,"Rua 277, CAXANGA - Recife/PE",False
FC-01689,ESPINHEIRO,38,21/09/2025 06:28:10,-8.042615,-34.867906,HOMICIDIO/TENTATIVA,NAO IDENTIFICADO,HOMEM CIS,"Rua 122, ESPINHEIRO - Recife/PE",False
FC-01690,MANGABEIRA,49,01/08/2023 14:52:10,-8.010062,-34.869132,OUTRO,BRANCA,HOMEM CIS,"Rua 291, MANGABEIRA - Recife/PE",False
FC-01691,VARZEA,15,07/09/2023 04:07:02,-8.035659,-34.913171,ROUBO,PARDA,HOMEM CIS,"Rua 8, VARZEA - Recife/PE",False
FC-01692,VARZEA,11,14/08/2022 14:02:58,-8.034397,-34.914698,HOMICIDIO/TENTATIVA,NAO IDENTIFICADO,HOMEM CIS,"Rua 431, VARZEA - Recife/PE",True
FC-01693,VASCO DA GAMA,30,04/07/2022 00:05:52,-8.051889,-34.878997,AMEACA,PRETA,HOMEM CIS,"Rua 191, VASCO DA GAMA - Recife/PE",False
FC-01694,CORDOARIA,47,11/05/2025 19:41:05,-8.060981,-34.872592,TIRO,NAO IDENTIFICADO,HOMEM CIS,"Rua 387, CORDOARIA - Recife/PE",False
FC-01695,IBURA,31,05/11/2024 05:19:26,-8.085208,-34.889131,AMEACA,NAO IDENTIFICADO,HOMEM CIS,"Rua 302, IBURA - Recife/PE",False
FC-01696,IPUTINGA,57,15/01/2024 21:25:58,-8.028051,-34.891485,HOMICIDIO/TENTATIVA,NAO IDENTIFICADO,HOMEM CIS,"Rua 190, IPUTINGA - Recife/PE",False
FC-01697,CASA AMARELA,31,11/02/2021 00:44:02,-8.034141,-34.865462,TIRO,NAO IDENTIFICADO,HOMEM CIS,"Rua 498, CASA AMARELA - Recife/PE",False
FC-01698,CURADO,21,12/07/2025 11:05:45,-8.074176,-34.904888,HOMICIDIO/TENTATIVA,NAO IDENTIFICADO,HOMEM CIS,"Rua 431, CURADO - Recife/PE",False
FC-01699,CURADO,30,04/06/2022 14:52:59,-8.071038,-34.907333,HOMICIDIO/TENTATIVA,AMARELA,MULHER CIS,"Rua 138, CURADO - Recife/PE",False
FC-01700,TOTOS,16,14/04/2024 15:12:18,-8.040301,-34.864796,HOMICIDIO/TENTATIVA,NAO IDENTIFICADO,HOMEM CIS,"Rua 194, TOTOS - Recife/PE",False
FC-01701,ALTO JOSE DO PINHO,42,17/01/2023 07:27:35,-8.018495,-34.884255,HOMICIDIO/TENTATIVA,PRETA,HOMEM CIS,"Rua 460, ALTO JOSE DO PINHO - Recife/PE",False
FC-01702,VASCO DA GAMA,30,03/10/2023 14:23:51,-8.053799,-34.879395,TIRO,NAO IDENTIFICADO,HOMEM CIS,"Rua 93, VASCO DA GAMA - Recife/PE",False
FC-01703,CORDOARIA,17,08/10/2018 03:05:08,-8.057862,-34.876221,ROUBO,PRETA,MULHER CIS,"Rua 360, CORDOARIA - Recife/PE",False
FC-01704,TOTOS,30,13/03/2023 00:05:35,-8.039442,-34.857382,TIRO,PARDA,HOMEM CIS,"Rua 390, TOTOS - Recife/PE",False
FC-01705,JARDIM SAO PAULO,31,12/08/2018 13:20:07,-8.009213,-34.855403,HOMICIDIO/TENTATIVA,NAO IDENTIFICADO,MULHER CIS,"Rua 234, JARDIM SAO PAULO - Recife/PE",False
FC-01706,IPUTINGA,36,26/03/2021 02:34:43,-8.02298,-34.894768,DISPARO,PRETA,HOMEM CIS,"Rua 331, IPUTINGA - Recife/PE",False
FC-01707,MANGABEIRA,11,09/07/2025 04:09:38,-8.007549,-34.874142,DISPARO,PRETA,HOMEM CIS,"Rua 172, MANGABEIRA - Recife/PE",False
FC-01708,ALTO JOSE DO PINHO,24,24/05/2025 21:17:58,-8.020773,-34.885209,TIRO,NAO IDENTIFICADO,HOMEM CIS,"Rua 422, ALTO JOSE DO PINHO - Recife/PE",False
FC-01709,MANGABEIRA,38,25/07/2018 17:00:54,-8.012051,-34.870821,AMEACA,NAO IDENTIFICADO,HOMEM CIS,"Rua 65, MANGABEIRA - Recife/PE",False
FC-01710,CAXANGA,29,02/12/2018 01:25:14,-8.024551,-34.919707,TIRO,PARDA,HOMEM CIS,"Rua 461, CAXANGA - Recife/PE",False
FC-01711,IPUTINGA,35,28/05/2024 21:11:32,-8.025468,-34.891822,HOMICIDIO/TENTATIVA,NAO IDENTIFICADO,HOMEM CIS,"Rua 287, IPUTINGA - Recife/PE",False
FC-01712,BREJO DA GUARDEIRA,38,17/08/2018 19:58:52,-8.074747,-34.899849,HOMICIDIO/TENTATIVA,PARDA,MULHER CIS,"Rua 83, BREJO DA GUARDEIRA - Recife/PE",False
FC-01713,BOA VISTA,35,18/07/2021 22:50:49,-8.047813,-34.877077,HOMICIDIO/TENTATIVA,NAO IDENTIFICADO,HOMEM CIS,"Rua 247, BOA VISTA - Recife/PE",False
FC-01714,IBURA,22,03/01/2024 02:23:00,-8.083722,-34.890391,TIRO,BRANCA,HOMEM CIS,"Rua 433, IBURA - Recife/PE",False
FC-01715,SAN MARTIN,42,03/07/2021 21:02:47,-8.041222,-34.875276,TIRO,AMARELA,HOMEM CIS,"Rua 485, SAN MARTIN - Recife/PE",False
FC-01716,CASA AMARELA,31,15/01/2020 02:27:37,-8.032373,-34.860634,DISPARO,NAO IDENTIFICADO,HOMEM CIS,"Rua 8, CASA AMARELA - Recife/PE",False
FC-01717,IBURA,38,19/09/2023 21:35:45,-8.081023,-34.885173,AMEACA,BRANCA,HOMEM CIS,"Rua 151, IBURA - Recife/PE",False
FC-01718,NOVA DESCOBERTA,19,19/09/2021 06:54:26,-8.013446,-34.866588,DISPARO,PARDA,HOMEM CIS,"Rua 305, NOVA DESCOBERTA - Recife/PE",False
FC-01719,NOVA DESCOBERTA,19,26/10/2024 20:59:09,-8.015033,-34.864588,DISPARO,PARDA,MULHER CIS,"Rua 104, NOVA DESCOBERTA - Recife/PE",False
FC-01720,CASA AMARELA,65,02/02/2024 09:02:09,-8.032552,-34.863391,ROUBO,NAO IDENTIFICADO,HOMEM CIS,"Rua 288, CASA AMARELA - Recife/PE",False
FC-01721,SANTO AMARO,33,26/04/2025 21:23:28,-8.064224,-34.870276,HOMICIDIO/TENTATIVA,PRETA,HOMEM CIS,"Rua 392, SANTO AMARO - Recife/PE",False
FC-01722,CURADO,30,28/07/2022 10:34:27,-8.067616,-34.907079,HOMICIDIO/TENTATIVA,PARDA,HOMEM CIS,"Rua 220, CURADO - Recife/PE",True
FC-01723,SAN MARTIN,23,18/05/2020 17:35:19,-8.040452,-34.880298,TIRO,NAO IDENTIFICADO,HOMEM CIS,"Rua 163, SAN MARTIN - Recife/PE",False
FC-01724,CASA AMARELA,16,13/05/2025 22:34:03,-8.03107,-34.863821,ROUBO,AMARELA,HOMEM CIS,"Rua 28, CASA AMARELA - Recife/PE",False
FC-01725,SAN MARTIN,25,11/10/2021 13:23:25,-8.042986,-34.876351,HOMICIDIO/TENTATIVA,NAO IDENTIFICADO,HOMEM CIS,"Rua 290, SAN MARTIN - Recife/PE",False
FC-01726,VARZEA,57,04/06/2021 01:40:44,-8.038905,-34.920559,DISPARO,PRETA,MULHER CIS,"Rua 15, VARZEA - Recife/PE",False
FC-01727,SANTO AMARO,28,15/02/2019 21:24:06,-8.057953,-34.869344,HOMICIDIO/TENTATIVA,PARDA,HOMEM CIS,"Rua 352, SANTO AMARO - Recife/PE",False
FC-01728,IBURA,24,22/01/2023 20:10:40,-8.082602,-34.890897,BRIGA,NAO IDENTIFICADO,HOMEM CIS,"Rua 368, IBURA - Recife/PE",True
FC-01729,VASCO DA GAMA,46,22/02/2020 04:00:57,-8.060865,-34.881107,ROUBO,NAO IDENTIFICADO,MULHER CIS,"Rua 70, VASCO DA GAMA - Recife/PE",False
FC-01730,VARZEA,34,01/01/2021 03:26:48,-8.037754,-34.909806,ROUBO,PARDA,MULHER CIS,"Rua 471, VARZEA - Recife/PE",False
FC-01731,IBURA,22,26/06/2025 19:43:37,-8.082124,-34.890332,ROUBO,NAO IDENTIFICADO,HOMEM CIS,"Rua 325, IBURA - Recife/PE",False
FC-01732,CURADO,22,25/02/2024 16:12:54,-8.07554,-34.911286,HOMICIDIO/TENTATIVA,NAO IDENTIFICADO,HOMEM CIS,"Rua 305, CURADO - Recife/PE",False
FC-01733,MANGABEIRA,46,08/01/2021 20:53:04,-8.011011,-34.872539,DISPARO,PRETA,MULHER CIS,"Rua 202, MANGABEIRA - Recife/PE",True
FC-01734,IPUTINGA,41,23/04/2024 22:07:00,-8.028992,-34.89453,HOMICIDIO/TENTATIVA,NAO IDENTIFICADO,HOMEM CIS,"Rua 65, IPUTINGA - Recife/PE",False
FC-01735,JARDIM SAO PAULO,34,03/05/2023 02:19:40,-8.002688,-34.847855,DISPARO,NAO IDENTIFICADO,MULHER CIS,"Rua 49, JARDIM SAO PAULO - Recife/PE",False
FC-01736,JAQUEIRA,36,12/09/2025 13:48:15,-8.03452,-34.869518,TIRO,NAO IDENTIFICADO,NAO IDENTIFICADO,"Rua 352, JAQUEIRA - Recife/PE",False
FC-01737,MANGABEIRA,17,19/08/2018 22:00:41,-8.009813,-34.869678,HOMICIDIO/TENTATIVA,NAO IDENTIFICADO,HOMEM CIS,"Rua 293, MANGABEIRA - Recife/PE",True
FC-01738,ESTACAO,16,15/12/2022 16:02:49,-8.053526,-34.869802,HOMICIDIO/TENTATIVA,PARDA,MULHER CIS,"Rua 124, ESTACAO - Recife/PE",False
FC-01739,ROSARINHO,34,22/04/2025 05:54:18,-8.038487,-34.864127,HOMICIDIO/TENTATIVA,PRETA,HOMEM CIS,"Rua 358, ROSARINHO - Recife/PE",False
FC-01740,JAQUEIRA,23,25/07/2022 21:10:21,-8.039542,-34.871597,HOMICIDIO/TENTATIVA,NAO IDENTIFICADO,HOMEM CIS,"Rua 112, JAQUEIRA - Recife/PE",False
FC-01741,VARZEA,51,09/06/2025 03:25:11,-8.03496,-34.915675,DISPARO,NAO IDENTIFICADO,HOMEM CIS,"Rua 236, VARZEA - Recife/PE",False
FC-01742,MANGABEIRA,18,25/12/2025 03:50:14,-8.001193,-34.87322,HOMICIDIO/TENTATIVA,NAO IDENTIFICADO,HOMEM CIS,"Rua 439, MANGABEIRA - Recife/PE",False
FC-01743,COHAB,24,27/07/2023 20:22:15,-8.063752,-34.903199,DISPARO,PARDA,HOMEM CIS,"Rua 392, COHAB - Recife/PE",True
FC-01744,JAQUEIRA,41,03/02/2018 14:28:14,-8.032577,-34.866482,HOMICIDIO/TENTATIVA,NAO IDENTIFICADO,HOMEM CIS,"Rua 316, JAQUEIRA - Recife/PE",False
FC-01745,JARDIM SAO PAULO,17,11/08/2025 21:36:35,-8.005771,-34.854077,BRIGA,PRETA,HOMEM CIS,"Rua 279, JARDIM SAO PAULO - Recife/PE",False
FC-01746,SAN MARTIN,60,25/10/2023 15:10:25,-8.044193,-34.874392,HOMICIDIO/TENTATIVA,PARDA,MULHER CIS,"Rua 489, SAN MARTIN - Recife/PE",True
FC-01747,CAXANGA,32,05/12/2018 16:22:33,-8.022487,-34.920306,HOMICIDIO/TENTATIVA,PARDA,HOMEM CIS,"Rua 131, CAXANGA - Recife/PE",False
FC-01748,SAN MARTIN,19,04/08/2018 02:22:53,-8.037747,-34.876037,DISPARO,NAO IDENTIFICADO,HOMEM CIS,"Rua 366, SAN MARTIN - Recife/PE",False
FC-01749,ESPINHEIRO,41,26/11/2019 19:42:10,-8.04204,-34.869799,TIRO,NAO IDENTIFICADO,HOMEM CIS,"Rua 465, ESPINHEIRO - Recife/PE",False
FC-01750,JARDIM SAO PAULO,11,12/11/2024 18:27:06,-8.002542,-34.853728,ROUBO,NAO IDENTIFICADO,HOMEM CIS,"Rua 258, JARDIM SAO PAULO - Recife/PE",False
FC-01751,SAN MARTIN,18,19/06/2024 21:44:30,-8.041616,-34.8794,DISPARO,NAO IDENTIFICADO,HOMEM CIS,"Rua 354, SAN MARTIN - Recife/PE",False
FC-01752,COHAB,12,08/06/2025 16:48:51,-8.067453,-34.908401,HOMICIDIO/TENTATIVA,NAO IDENTIFICADO,HOMEM CIS,"Rua 440, COHAB - Recife/PE",False
FC-01753,VARZEA,25,16/10/2022 22:51:32,-8.037216,-34.919881,BRIGA,NAO IDENTIFICADO,HOMEM CIS,"Rua 493, VARZEA - Recife/PE",False
FC-01754,CURADO,60,25/12/2019 16:00:03,-8.066242,-34.912337,OUTRO,PRETA,MULHER CIS,"Rua 110, CURADO - Recife/PE",False
FC-01755,BREJO DA GUARDEIRA,33,05/11/2020 01:05:17,-8.068748,-34.896427,AMEACA,PRETA,HOMEM CIS,"Rua 143, BREJO DA GUARDEIRA - Recife/PE",False
FC-01756,SANTO AMARO,20,14/02/2024 23:23:36,-8.054724,-34.871644,ROUBO,BRANCA,HOMEM CIS,"Rua 101, SANTO AMARO - Recife/PE",False
FC-01757,BOA VISTA,13,07/11/2019 23:17:59,-8.047828,-34.871128,TIRO,PRETA,HOMEM CIS,"Rua 77, BOA VISTA - Recife/PE",False
FC-01758,NOVA DESCOBERTA,61,23/03/2024 21:15:23,-8.018599,-34.862903,DISPARO,PRETA,HOMEM CIS,"Rua 22, NOVA DESCOBERTA - Recife/PE",False
FC-01759,CURADO,25,09/07/2025 14:00:43,-8.06765,-34.914411,DISPARO,NAO IDENTIFICADO,HOMEM CIS,"Rua 30, CURADO - Recife/PE",False
FC-01760,IPUTINGA,14,13/06/2022 22:06:39,-8.030328,-34.892763,AMEACA,NAO IDENTIFICADO,HOMEM CIS,"Rua 68, IPUTINGA - Recife/PE",False
FC-01761,TOTOS,22,27/11/2019 20:47:04,-8.036023,-34.861919,OUTRO,PRETA,HOMEM CIS,"Rua 194, TOTOS - Recife/PE",False
FC-01762,CURADO,37,04/04/2025 22:01:16,-8.065144,-34.908753,DISPARO,BRANCA,HOMEM CIS,"Rua 495, CURADO - Recife/PE",False
FC-01763,ESPINHEIRO,14,03/10/2019 21:12:07,-8.03791,-34.869815,DISPARO,NAO IDENTIFICADO,MULHER CIS,"Rua 8, ESPINHEIRO - Recife/PE",False
FC-01764,ALTO JOSE DO PINHO,40,15/07/2024 23:56:57,-8.015279,-34.88363,DISPARO,PRETA,HOMEM CIS,"Rua 120, ALTO JOSE DO PINHO - Recife/PE",True
FC-01765,BOA VISTA,11,02/06/2021 12:18:49,-8.052755,-34.871032,DISPARO,NAO IDENTIFICADO,MULHER CIS,"Rua 131, BOA VISTA - Recife/PE",False
FC-01766,IPUTINGA,27,20/05/2020 21:45:14,-8.027761,-34.890724,DISPARO,BRANCA,HOMEM CIS,"Rua 177, IPUTINGA - Recife/PE",False
FC-01767,IBURA,38,13/03/2019 03:56:53,-8.081164,-34.892626,DISPARO,NAO IDENTIFICADO,HOMEM CIS,"Rua 152, IBURA - Recife/PE",False
FC-01768,GRACO,26,11/12/2025 22:35:44,-8.040426,-34.868339,TIRO,PARDA,HOMEM CIS,"Rua 345, GRACO - Recife/PE",False
FC-01769,VARZEA,26,24/09/2025 17:38:43,-8.031754,-34.915387,TIRO,PARDA,HOMEM CIS,"Rua 379, VARZEA - Recife/PE",False
FC-01770,VASCO DA GAMA,19,03/12/2025 19:36:43,-8.057277,-34.882936,TIRO,PRETA,HOMEM CIS,"Rua 113, VASCO DA GAMA - Recife/PE",False
FC-01771,VARZEA,26,15/05/2025 23:11:56,-8.031299,-34.917415,HOMICIDIO/TENTATIVA,NAO IDENTIFICADO,HOMEM CIS,"Rua 30, VARZEA - Recife/PE",False
FC-01772,CORDOARIA,32,26/01/2025 20:04:05,-8.05997,-34.873781,BRIGA,NAO IDENTIFICADO,HOMEM CIS,"Rua 188, CORDOARIA - Recife/PE",False
FC-01773,CAXANGA,11,28/06/2023 16:46:24,-8.025662,-34.920581,DISPARO,NAO IDENTIFICADO,HOMEM CIS,"Rua 289, CAXANGA - Recife/PE",False
FC-01774,SANTO AMARO,36,26/12/2023 23:46:49,-8.05733,-34.873595,DISPARO,PARDA,HOMEM CIS,"Rua 470, SANTO AMARO - Recife/PE",False
FC-01775,VASCO DA GAMA,47,28/08/2021 10:24:59,-8.054369,-34.879405,HOMICIDIO/TENTATIVA,NAO IDENTIFICADO,MULHER CIS,"Rua 398, VASCO DA GAMA - Recife/PE",False
FC-01776,ALTO JOSE DO PINHO,31,06/02/2020 13:23:01,-8.021553,-34.884347,HOMICIDIO/TENTATIVA,NAO IDENTIFICADO,MULHER CIS,"Rua 466, ALTO JOSE DO PINHO - Recife/PE",False
FC-01777,IBURA,35,03/09/2025 21:11:48,-8.087241,-34.893616,TIRO,PARDA,HOMEM CIS,"Rua 74, IBURA - Recife/PE",False
FC-01778,IPUTINGA,28,04/03/2024 21:15:00,-8.027231,-34.88942,DISPARO,PRETA,MULHER CIS,"Rua 142, IPUTINGA - Recife/PE",False
FC-01779,VARZEA,20,04/07/2020 22:18:03,-8.036494,-34.916538,OUTRO,PRETA,HOMEM CIS,"Rua 489, VARZEA - Recife/PE",False
FC-01780,NOVA DESCOBERTA,20,27/07/2019 02:49:20,-8.016042,-34.862688,AMEACA,NAO IDENTIFICADO,HOMEM CIS,"Rua 110, NOVA DESCOBERTA - Recife/PE",False
FC-01781,AFLITOS,17,04/04/2024 23:43:57,-8.043717,-34.877106,HOMICIDIO/TENTATIVA,PRETA,HOMEM CIS,"Rua 274, AFLITOS - Recife/PE",True
FC-01782,SANTO AMARO,23,05/03/2021 22:05:23,-8.058988,-34.864975,DISPARO,NAO IDENTIFICADO,HOMEM CIS,"Rua 229, SANTO AMARO - Recife/PE",False
FC-01783,COHAB,28,09/11/2021 21:11:27,-8.071604,-34.910997,HOMICIDIO/TENTATIVA,NAO IDENTIFICADO,MULHER CIS,"Rua 259, COHAB - Recife/PE",False
FC-01784,POCO DA PANELA,30,04/01/2023 17:41:10,-8.033159,-34.860874,TIRO,PARDA,HOMEM CIS,"Rua 479, POCO DA PANELA - Recife/PE",False
FC-01785,CASA AMARELA,32,08/03/2025 22:29:28,-8.028513,-34.861619,AMEACA,NAO IDENTIFICADO,HOMEM CIS,"Rua 221, CASA AMARELA - Recife/PE",False
FC-01786,ESTACAO,40,21/01/2019 21:59:48,-8.057896,-34.873715,DISPARO,NAO IDENTIFICADO,HOMEM CIS,"Rua 183, ESTACAO - Recife/PE",False
FC-01787,CASA AMARELA,10,11/06/2025 19:42:02,-8.032825,-34.860139,HOMICIDIO/TENTATIVA,BRANCA,HOMEM CIS,"Rua 472, CASA AMARELA - Recife/PE",True
FC-01788,VARZEA,33,15/06/2021 20:12:07,-8.034814,-34.917783,HOMICIDIO/TENTATIVA,NAO IDENTIFICADO,MULHER CIS,"Rua 310, VARZEA - Recife/PE",False
FC-01789,IPUTINGA,29,17/07/2025 21:44:05,-8.032492,-34.88891,HOMICIDIO/TENTATIVA,PRETA,MULHER CIS,"Rua 85, IPUTINGA - Recife/PE",False
FC-01790,CURADO,26,17/03/2021 21:11:58,-8.071467,-34.905233,TIRO,NAO IDENTIFICADO,HOMEM CIS,"Rua 308, CURADO - Recife/PE",False
FC-01791,VASCO DA GAMA,15,24/03/2020 14:39:22,-8.058377,-34.883289,DISPARO,PRETA,HOMEM CIS,"Rua 441, VASCO DA GAMA - Recife/PE",False
FC-01792,SANTO AMARO,29,08/08/2023 20:12:57,-8.056705,-34.867781,HOMICIDIO/TENTATIVA,NAO IDENTIFICADO,HOMEM CIS,"Rua 312, SANTO AMARO - Recife/PE",False
FC-01793,VARZEA,60,26/04/2024 13:08:14,-8.041748,-34.913174,TIRO,PARDA,HOMEM CIS,"Rua 45, VARZEA - Recife/PE",False
FC-01794,ALTO JOSE DO PINHO,22,02/08/2018 17:24:38,-8.021759,-34.886859,HOMICIDIO/TENTATIVA,NAO IDENTIFICADO,NAO IDENTIFICADO,"Rua 492, ALTO JOSE DO PINHO - Recife/PE",False
FC-01795,COHAB,19,01/02/2021 17:09:25,-8.059946,-34.902473,ROUBO,NAO IDENTIFICADO,HOMEM CIS,"Rua 331, COHAB - Recife/PE",False
FC-01796,CAXANGA,32,21/09/2022 23:45:05,-8.020947,-34.924538,ROUBO,PRETA,MULHER CIS,"Rua 253, CAXANGA - Recife/PE",False
FC-01797,SANTO AMARO,13,25/05/2020 15:12:20,-8.064534,-34.872098,TIRO,NAO IDENTIFICADO,MULHER CIS,"Rua 135, SANTO AMARO - Recife/PE",False
FC-01798,COHAB,31,05/03/2023 23:58:45,-8.064691,-34.904552,HOMICIDIO/TENTATIVA,BRANCA,HOMEM CIS,"Rua 325, COHAB - Recife/PE",False
FC-01799,COHAB,13,28/11/2022 21:09:45,-8.062591,-34.904281,HOMICIDIO/TENTATIVA,NAO IDENTIFICADO,HOMEM CIS,"Rua 351, COHAB - Recife/PE",False
FC-01800,VASCO DA GAMA,38,27/03/2018 22:21:13,-8.060678,-34.879066,DISPARO,PRETA,HOMEM CIS,"Rua 26, VASCO DA GAMA - Recife/PE",False
FC-01801,CURADO,15,03/04/2022 21:07:34,-8.071192,-34.908397,AMEACA,PARDA,HOMEM CIS,"Rua 204, CURADO - Recife/PE",True
FC-01802,BOA VISTA,31,08/06/2022 21:19:49,-8.052555,-34.874981,HOMICIDIO/TENTATIVA,NAO IDENTIFICADO,HOMEM CIS,"Rua 288, BOA VISTA - Recife/PE",False
FC-01803,IPUTINGA,11,22/07/2021 01:50:18,-8.024549,-34.893616,HOMICIDIO/TENTATIVA,PRETA,HOMEM CIS,"Rua 118, IPUTINGA - Recife/PE",False
FC-01804,MANGABEIRA,43,26/05/2021 16:23:20,-8.01158,-34.871571,DISPARO,PRETA,HOMEM CIS,"Rua 38, MANGABEIRA - Recife/PE",False
FC-01805,POCO DA PANELA,21,09/12/2021 02:36:49,-8.032371,-34.864128,DISPARO,PRETA,MULHER CIS,"Rua 176, POCO DA PANELA - Recife/PE",False
FC-01806,IPUTINGA,37,19/07/2023 23:37:20,-8.029147,-34.898928,TIRO,PRETA,HOMEM CIS,"Rua 255, IPUTINGA - Recife/PE",False
FC-01807,CORDOARIA,23,06/05/2019 15:10:42,-8.061537,-34.872898,HOMICIDIO/TENTATIVA,NAO IDENTIFICADO,HOMEM CIS,"Rua 319, CORDOARIA - Recife/PE",True
FC-01808,CURADO,15,07/02/2019 18:48:45,-8.067222,-34.910273,TIRO,NAO IDENTIFICADO,HOMEM CIS,"Rua 485, CURADO - Recife/PE",False
FC-01809,VASCO DA GAMA,27,16/09/2018 06:10:27,-8.053032,-34.877108,DISPARO,PRETA,HOMEM CIS,"Rua 248, VASCO DA GAMA - Recife/PE",False
FC-01810,NOVA DESCOBERTA,29,22/07/2022 21:29:21,-8.017314,-34.870322,HOMICIDIO/TENTATIVA,AMARELA,HOMEM CIS,"Rua 494, NOVA DESCOBERTA - Recife/PE",False
FC-01811,ALTO JOSE DO PINHO,21,07/11/2020 22:43:36,-8.021852,-34.884679,DISPARO,PRETA,HOMEM CIS,"Rua 358, ALTO JOSE DO PINHO - Recife/PE",False
FC-01812,BOA VISTA,25,07/05/2021 01:32:43,-8.047936,-34.876839,TIRO,PRETA,HOMEM CIS,"Rua 297, BOA VISTA - Recife/PE",False
FC-01813,VASCO DA GAMA,29,12/02/2019 21:49:22,-8.051448,-34.878975,HOMICIDIO/TENTATIVA,NAO IDENTIFICADO,HOMEM CIS,"Rua 194, VASCO DA GAMA - Recife/PE",False
FC-01814,NOVA DESCOBERTA,29,23/01/2020 01:08:26,-8.016806,-34.8669,AMEACA,PRETA,HOMEM CIS,"Rua 238, NOVA DESCOBERTA - Recife/PE",False
FC-01815,CORDOARIA,19,15/10/2021 19:59:19,-8.059623,-34.870733,DISPARO,PRETA,HOMEM CIS,"Rua 46, CORDOARIA - Recife/PE",False
FC-01816,ESTACAO,27,28/05/2025 13:01:26,-8.057049,-34.865695,DISPARO,PARDA,HOMEM CIS,"Rua 162, ESTACAO - Recife/PE",False
FC-01817,BOA VISTA,33,14/10/2025 19:29:28,-8.054221,-34.876326,TIRO,NAO IDENTIFICADO,HOMEM CIS,"Rua 452, BOA VISTA - Recife/PE",False
FC-01818,VASCO DA GAMA,31,02/04/2020 20:37:29,-8.049886,-34.883324,TIRO,NAO IDENTIFICADO,HOMEM CIS,"Rua 92, VASCO DA GAMA - Recife/PE",False
FC-01819,CORDOARIA,41,10/07/2023 07:05:54,-8.053802,-34.874886,DISPARO,NAO IDENTIFICADO,HOMEM CIS,"Rua 149, CORDOARIA - Recife/PE",False
FC-01820,JARDIM SAO PAULO,26,12/07/2021 22:26:42,-8.008109,-34.85561,DISPARO,PRETA,HOMEM CIS,"Rua 153, JARDIM SAO PAULO - Recife/PE",False
FC-01821,GRACO,29,10/04/2020 20:50:04,-8.041021,-34.866729,BRIGA,PARDA,HOMEM CIS,"Rua 157, GRACO - Recife/PE",False
FC-01822,BREJO DA GUARDEIRA,21,27/04/2024 20:54:16,-8.075902,-34.900064,DISPARO,BRANCA,HOMEM CIS,"Rua 231, BREJO DA GUARDEIRA - Recife/PE",False
FC-01823,IPUTINGA,33,27/11/2018 19:35:10,-8.027252,-34.89398,DISPARO,NAO IDENTIFICADO,HOMEM CIS,"Rua 25, IPUTINGA - Recife/PE",False
FC-01824,BREJO DA GUARDEIRA,31,19/04/2024 20:34:41,-8.065454,-34.898855,TIRO,NAO IDENTIFICADO,HOMEM CIS,"Rua 268, BREJO DA GUARDEIRA - Recife/PE",False
FC-01825,BREJO DA GUARDEIRA,26,15/10/2025 03:44:11,-8.071501,-34.90051,HOMICIDIO/TENTATIVA,NAO IDENTIFICADO,MULHER CIS,"Rua 246, BREJO DA GUARDEIRA - Recife/PE",False
FC-01826,ESPINHEIRO,49,21/05/2021 20:26:23,-8.04255,-34.868059,ROUBO,NAO IDENTIFICADO,HOMEM CIS,"Rua 410, ESPINHEIRO - Recife/PE",False
FC-01827,BREJO DA GUARDEIRA,25,19/05/2018 15:19:24,-8.066703,-34.89412,HOMICIDIO/TENTATIVA,NAO IDENTIFICADO,MULHER CIS,"Rua 76, BREJO DA GUARDEIRA - Recife/PE",False
FC-01828,AFLITOS,35,04/06/2025 03:07:13,-8.044752,-34.87189,HOMICIDIO/TENTATIVA,NAO IDENTIFICADO,HOMEM CIS,"Rua 237, AFLITOS - Recife/PE",False
FC-01829,IPUTINGA,10,19/06/2021 13:43:53,-8.025765,-34.892598,TIRO,NAO IDENTIFICADO,HOMEM CIS,"Rua 2, IPUTINGA - Recife/PE",False
FC-01830,MANGABEIRA,35,09/02/2023 20:35:19,-8.012134,-34.871153,ROUBO,PARDA,HOMEM CIS,"Rua 357, MANGABEIRA - Recife/PE",False
FC-01831,IPUTINGA,25,02/06/2022 22:18:56,-8.024935,-34.894136,HOMICIDIO/TENTATIVA,NAO IDENTIFICADO,HOMEM CIS,"Rua 425, IPUTINGA - Recife/PE",False
FC-01832,ESTACAO,61,15/05/2020 11:16:26,-8.051707,-34.874827,HOMICIDIO/TENTATIVA,PRETA,MULHER CIS,"Rua 56, ESTACAO - Recife/PE",False
FC-01833,IBURA,28,22/12/2022 21:25:50,-8.083955,-34.898583,DISPARO,NAO IDENTIFICADO,HOMEM CIS,"Rua 426, IBURA - Recife/PE",False
FC-01834,IBURA,49,05/12/2021 18:17:24,-8.079891,-34.8904,BRIGA,BRANCA,HOMEM CIS,"Rua 492, IBURA - Recife/PE",False
FC-01835,IBURA,34,10/08/2025 01:16:12,-8.086146,-34.893451,TIRO,PRETA,MULHER CIS,"Rua 155, IBURA - Recife/PE",False
FC-01836,VARZEA,40,02/06/2024 04:52:35,-8.038154,-34.922595,DISPARO,NAO IDENTIFICADO,HOMEM CIS,"Rua 144, VARZEA - Recife/PE",False
FC-01837,ESTACAO,27,07/03/2025 05:33:09,-8.053425,-34.870593,HOMICIDIO/TENTATIVA,NAO IDENTIFICADO,HOMEM CIS,"Rua 120, ESTACAO - Recife/PE",False
FC-01838,IBURA,38,01/04/2019 06:14:12,-8.080087,-34.891224,DISPARO,NAO IDENTIFICADO,HOMEM CIS,"Rua 240, IBURA - Recife/PE",False
FC-01839,SAN MARTIN,44,27/06/2024 00:54:27,-8.044557,-34.876486,ROUBO,NAO IDENTIFICADO,HOMEM CIS,"Rua 245, SAN MARTIN - Recife/PE",False
FC-01840,BREJO DA GUARDEIRA,37,09/03/2024 19:13:03,-8.073719,-34.904509,HOMICIDIO/TENTATIVA,PARDA,HOMEM CIS,"Rua 463, BREJO DA GUARDEIRA - Recife/PE",False
FC-01841,VARZEA,21,08/03/2024 00:17:45,-8.036985,-34.91274,AMEACA,PRETA,HOMEM CIS,"Rua 406, VARZEA - Recife/PE",False
FC-01842,COHAB,22,26/10/2025 21:58:49,-8.067569,-34.906835,HOMICIDIO/TENTATIVA,NAO IDENTIFICADO,HOMEM CIS,"Rua 233, COHAB - Recife/PE",True
FC-01843,AFLITOS,47,02/06/2018 15:56:46,-8.044961,-34.872538,HOMICIDIO/TENTATIVA,PRETA,MULHER CIS,"Rua 426, AFLITOS - Recife/PE",False
FC-01844,NOVA DESCOBERTA,30,21/08/2019 19:31:20,-8.011124,-34.867248,AMEACA,NAO IDENTIFICADO,MULHER CIS,"Rua 212, NOVA DESCOBERTA - Recife/PE",False
FC-01845,COHAB,45,13/01/2025 13:34:14,-8.064369,-34.905481,ROUBO,PRETA,HOMEM CIS,"Rua 472, COHAB - Recife/PE",False
FC-01846,SAN MARTIN,60,06/02/2022 03:38:02,-8.043167,-34.879061,HOMICIDIO/TENTATIVA,NAO IDENTIFICADO,HOMEM CIS,"Rua 300, SAN MARTIN - Recife/PE",False
FC-01847,POCO DA PANELA,15,24/09/2023 21:15:31,-8.032143,-34.856932,DISPARO,NAO IDENTIFICADO,HOMEM CIS,"Rua 97, POCO DA PANELA - Recife/PE",False
FC-01848,SAN MARTIN,50,02/02/2019 02:29:32,-8.036328,-34.878593,HOMICIDIO/TENTATIVA,NAO IDENTIFICADO,HOMEM CIS,"Rua 357, SAN MARTIN - Recife/PE",True
FC-01849,IPUTINGA,25,03/11/2023 16:03:55,-8.033014,-34.886892,ROUBO,NAO IDENTIFICADO,HOMEM CIS,"Rua 150, IPUTINGA - Recife/PE",False
FC-01850,BOA VISTA,35,20/10/2021 19:44:22,-8.051476,-34.871016,DISPARO,BRANCA,HOMEM CIS,"Rua 163, BOA VISTA - Recife/PE",False
FC-01851,AFLITOS,18,13/08/2019 21:15:14,-8.04378,-34.872518,HOMICIDIO/TENTATIVA,NAO IDENTIFICADO,MULHER CIS,"Rua 94, AFLITOS - Recife/PE",False
FC-01852,VARZEA,37,22/07/2021 12:51:16,-8.035191,-34.919353,HOMICIDIO/TENTATIVA,NAO IDENTIFICADO,HOMEM CIS,"Rua 331, VARZEA - Recife/PE",False
FC-01853,CORDOARIA,33,27/09/2018 05:18:18,-8.054853,-34.873088,TIRO,BRANCA,MULHER CIS,"Rua 450, CORDOARIA - Recife/PE",False
FC-01854,CURADO,39,11/10/2022 00:29:01,-8.073137,-34.910079,DISPARO,NAO IDENTIFICADO,HOMEM CIS,"Rua 6, CURADO - Recife/PE",False
FC-01855,CAXANGA,22,25/10/2021 21:12:50,-8.022759,-34.919906,DISPARO,NAO IDENTIFICADO,HOMEM CIS,"Rua 255, CAXANGA - Recife/PE",False
FC-01856,NOVA DESCOBERTA,38,20/03/2023 21:26:14,-8.011737,-34.862925,DISPARO,NAO IDENTIFICADO,HOMEM CIS,"Rua 232, NOVA DESCOBERTA - Recife/PE",False
FC-01857,JARDIM SAO PAULO,33,01/03/2021 15:56:25,-8.007995,-34.855008,HOMICIDIO/TENTATIVA,PARDA,HOMEM CIS,"Rua 43, JARDIM SAO PAULO - Recife/PE",False
FC-01858,VARZEA,23,05/03/2024 19:07:04,-8.036032,-34.916124,DISPARO,NAO IDENTIFICADO,HOMEM CIS,"Rua 443, VARZEA - Recife/PE",False
FC-01859,JAQUEIRA,18,23/11/2021 18:14:27,-8.043872,-34.870004,HOMICIDIO/TENTATIVA,NAO IDENTIFICADO,HOMEM CIS,"Rua 343, JAQUEIRA - Recife/PE",False
FC-01860,AFLITOS,32,25/11/2024 23:02:27,-8.049045,-34.871953,AMEACA,NAO IDENTIFICADO,HOMEM CIS,"Rua 172, AFLITOS - Recife/PE",False
FC-01861,SANTO AMARO,52,07/04/2021 20:14:41,-8.054931,-34.865069,TIRO,NAO IDENTIFICADO,HOMEM CIS,"Rua 436, SANTO AMARO - Recife/PE",False
FC-01862,IBURA,34,03/03/2023 21:05:11,-8.078497,-34.894172,ROUBO,NAO IDENTIFICADO,HOMEM CIS,"Rua 49, IBURA - Recife/PE",False
FC-01863,JAQUEIRA,22,23/02/2022 14:09:55,-8.046217,-34.864442,TIRO,NAO IDENTIFICADO,HOMEM CIS,"Rua 214, JAQUEIRA - Recife/PE",False
FC-01864,ALTO JOSE DO PINHO,43,17/02/2024 12:35:34,-8.02166,-34.885762,HOMICIDIO/TENTATIVA,NAO IDENTIFICADO,NAO IDENTIFICADO,"Rua 159, ALTO JOSE DO PINHO - Recife/PE",True
FC-01865,ROSARINHO,20,06/07/2018 18:32:58,-8.038852,-34.861625,TIRO,PARDA,HOMEM CIS,"Rua 227, ROSARINHO - Recife/PE",False
FC-01866,VASCO DA GAMA,10,21/07/2024 15:55:25,-8.053772,-34.88083,DISPARO,PARDA,HOMEM CIS,"Rua 397, VASCO DA GAMA - Recife/PE",False
FC-01867,ESPINHEIRO,31,20/02/2023 03:59:27,-8.040623,-34.868565,HOMICIDIO/TENTATIVA,PRETA,HOMEM CIS,"Rua 92, ESPINHEIRO - Recife/PE",False
FC-01868,COHAB,28,09/10/2020 18:50:07,-8.065642,-34.902089,HOMICIDIO/TENTATIVA,NAO IDENTIFICADO,HOMEM CIS,"Rua 249, COHAB - Recife/PE",False
FC-01869,JARDIM SAO PAULO,37,16/02/2025 21:28:09,-8.004338,-34.858813,ROUBO,PRETA,MULHER CIS,"Rua 209, JARDIM SAO PAULO - Recife/PE",False
FC-01870,BREJO DA GUARDEIRA,25,06/11/2022 17:12:07,-8.067304,-34.899887,DISPARO,PRETA,HOMEM CIS,"Rua 11, BREJO DA GUARDEIRA - Recife/PE",False
FC-01871,IBURA,41,23/03/2023 00:00:22,-8.0767,-34.888884,HOMICIDIO/TENTATIVA,NAO IDENTIFICADO,MULHER CIS,"Rua 383, IBURA - Recife/PE",False
FC-01872,VARZEA,31,21/06/2019 01:51:11,-8.036533,-34.922661,HOMICIDIO/TENTATIVA,NAO IDENTIFICADO,HOMEM CIS,"Rua 454, VARZEA - Recife/PE",False
FC-01873,ALTO JOSE DO PINHO,27,14/03/2022 21:39:10,-8.020978,-34.883829,BRIGA,PRETA,HOMEM CIS,"Rua 290, ALTO JOSE DO PINHO - Recife/PE",False
FC-01874,TOTOS,28,25/08/2022 15:15:54,-8.038961,-34.870338,DISPARO,NAO IDENTIFICADO,HOMEM CIS,"Rua 433, TOTOS - Recife/PE",False
FC-01875,MANGABEIRA,18,26/11/2025 22:13:13,-8.00857,-34.864852,DISPARO,PARDA,MULHER CIS,"Rua 209, MANGABEIRA - Recife/PE",False
FC-01876,CURADO,28,26/09/2023 21:49:25,-8.069017,-34.907143,HOMICIDIO/TENTATIVA,NAO IDENTIFICADO,HOMEM CIS,"Rua 233, CURADO - Recife/PE",False
FC-01877,COHAB,20,07/02/2018 03:32:50,-8.0639,-34.907221,AMEACA,NAO IDENTIFICADO,HOMEM CIS,"Rua 461, COHAB - Recife/PE",False
FC-01878,NOVA DESCOBERTA,40,12/04/2022 22:29:47,-8.014546,-34.864105,DISPARO,NAO IDENTIFICADO,HOMEM CIS,"Rua 439, NOVA DESCOBERTA - Recife/PE",False
FC-01879,IBURA,20,13/01/2025 23:30:31,-8.079879,-34.885746,AMEACA,PRETA,HOMEM CIS,"Rua 334, IBURA - Recife/PE",False
FC-01880,IBURA,17,18/11/2019 17:54:41,-8.083019,-34.891305,AMEACA,PRETA,HOMEM CIS,"Rua 127, IBURA - Recife/PE",False
FC-01881,TOTOS,39,17/08/2021 20:22:37,-8.039679,-34.873499,DISPARO,NAO IDENTIFICADO,HOMEM CIS,"Rua 437, TOTOS - Recife/PE",False
FC-01882,ALTO JOSE DO PINHO,46,22/12/2022 00:45:52,-8.017718,-34.890229,HOMICIDIO/TENTATIVA,PRETA,HOMEM CIS,"Rua 360, ALTO JOSE DO PINHO - Recife/PE",False
FC-01883,CORDOARIA,22,20/03/2021 21:36:53,-8.053295,-34.868657,DISPARO,BRANCA,HOMEM CIS,"Rua 166, CORDOARIA - Recife/PE",False
FC-01884,SAN MARTIN,41,11/06/2025 06:17:42,-8.040528,-34.877751,DISPARO,NAO IDENTIFICADO,HOMEM CIS,"Rua 326, SAN MARTIN - Recife/PE",False
FC-01885,IBURA,28,15/01/2025 10:30:09,-8.078615,-34.894628,HOMICIDIO/TENTATIVA,NAO IDENTIFICADO,HOMEM CIS,"Rua 211, IBURA - Recife/PE",False
FC-01886,ESTACAO,19,16/07/2023 00:00:35,-8.049969,-34.871133,AMEACA,NAO IDENTIFICADO,NAO IDENTIFICADO,"Rua 235, ESTACAO - Recife/PE",False
FC-01887,IPUTINGA,46,10/10/2023 15:04:32,-8.030015,-34.893164,DISPARO,NAO IDENTIFICADO,HOMEM CIS,"Rua 312, IPUTINGA - Recife/PE",False
FC-01888,CASA AMARELA,19,17/08/2020 22:21:13,-8.031978,-34.864436,DISPARO,NAO IDENTIFICADO,MULHER CIS,"Rua 298, CASA AMARELA - Recife/PE",False
FC-01889,MANGABEIRA,24,09/01/2023 11:00:50,-8.014309,-34.867918,HOMICIDIO/TENTATIVA,AMARELA,HOMEM CIS,"Rua 340, MANGABEIRA - Recife/PE",False
FC-01890,VASCO DA GAMA,38,06/01/2019 14:29:02,-8.060191,-34.875998,HOMICIDIO/TENTATIVA,PARDA,HOMEM CIS,"Rua 149, VASCO DA GAMA - Recife/PE",False
FC-01891,MANGABEIRA,66,12/05/2020 17:49:14,-8.009862,-34.871923,DISPARO,NAO IDENTIFICADO,MULHER CIS,"Rua 450, MANGABEIRA - Recife/PE",True
FC-01892,MANGABEIRA,63,22/05/2021 21:35:15,-8.013957,-34.86994,AMEACA,PARDA,HOMEM CIS,"Rua 378, MANGABEIRA - Recife/PE",False
FC-01893,SAN MARTIN,34,01/04/2021 03:28:50,-8.035965,-34.876921,HOMICIDIO/TENTATIVA,PRETA,MULHER CIS,"Rua 7, SAN MARTIN - Recife/PE",False
FC-01894,IBURA,24,04/07/2024 19:55:49,-8.084854,-34.893025,TIRO,PRETA,HOMEM CIS,"Rua 331, IBURA - Recife/PE",False
FC-01895,VARZEA,17,25/05/2019 18:52:28,-8.034857,-34.916693,DISPARO,BRANCA,MULHER CIS,"Rua 341, VARZEA - Recife/PE",False
FC-01896,CAXANGA,15,24/08/2022 22:41:07,-8.021235,-34.921493,DISPARO,NAO IDENTIFICADO,NAO IDENTIFICADO,"Rua 83, CAXANGA - Recife/PE",False
FC-01897,ESTACAO,14,12/07/2024 22:07:03,-8.053505,-34.870795,HOMICIDIO/TENTATIVA,NAO IDENTIFICADO,HOMEM CIS,"Rua 471, ESTACAO - Recife/PE",False
FC-01898,IPUTINGA,8,16/07/2025 10:21:27,-8.027005,-34.896141,TIRO,NAO IDENTIFICADO,MULHER CIS,"Rua 476, IPUTINGA - Recife/PE",False
FC-01899,ESTACAO,55,04/03/2021 12:22:39,-8.051428,-34.8722,BRIGA,NAO IDENTIFICADO,MULHER CIS,"Rua 447, ESTACAO - Recife/PE",False
FC-01900,SAN MARTIN,21,04/03/2025 19:21:15,-8.040315,-34.876162,HOMICIDIO/TENTATIVA,NAO IDENTIFICADO,HOMEM CIS,"Rua 326, SAN MARTIN - Recife/PE",False
FC-01901,SANTO AMARO,29,10/07/2021 18:43:50,-8.058651,-34.869825,HOMICIDIO/TENTATIVA,PARDA,HOMEM CIS,"Rua 306, SANTO AMARO - Recife/PE",False
FC-01902,NOVA DESCOBERTA,22,08/09/2024 12:31:53,-8.01603,-34.871257,AMEACA,NAO IDENTIFICADO,HOMEM CIS,"Rua 71, NOVA DESCOBERTA - Recife/PE",False
FC-01903,IPUTINGA,41,02/10/2024 00:15:25,-8.027104,-34.89532,HOMICIDIO/TENTATIVA,NAO IDENTIFICADO,HOMEM CIS,"Rua 95, IPUTINGA - Recife/PE",False
FC-01904,JAQUEIRA,58,05/11/2022 19:29:31,-8.037739,-34.871108,TIRO,NAO IDENTIFICADO,MULHER CIS,"Rua 396, JAQUEIRA - Recife/PE",False
FC-01905,NOVA DESCOBERTA,40,22/12/2022 12:20:10,-8.013806,-34.863816,TIRO,PRETA,HOMEM CIS,"Rua 343, NOVA DESCOBERTA - Recife/PE",False
FC-01906,IPUTINGA,24,04/07/2021 23:20:31,-8.026649,-34.893785,TIRO,NAO IDENTIFICADO,HOMEM CIS,"Rua 44, IPUTINGA - Recife/PE",False
FC-01907,SAN MARTIN,36,10/06/2023 19:16:28,-8.045715,-34.879302,DISPARO,BRANCA,HOMEM CIS,"Rua 138, SAN MARTIN - Recife/PE",False
FC-01908,SAN MARTIN,50,28/08/2019 17:47:54,-8.042301,-34.879812,DISPARO,PRETA,HOMEM CIS,"Rua 58, SAN MARTIN - Recife/PE",False
FC-01909,CAXANGA,25,15/10/2023 05:18:54,-8.028644,-34.926625,DISPARO,NAO IDENTIFICADO,MULHER CIS,"Rua 105, CAXANGA - Recife/PE",False
FC-01910,IBURA,27,07/09/2020 15:55:50,-8.081592,-34.892158,HOMICIDIO/TENTATIVA,NAO IDENTIFICADO,HOMEM CIS,"Rua 103, IBURA - Recife/PE",False
FC-01911,NOVA DESCOBERTA,28,17/01/2021 16:34:56,-8.014871,-34.861931,OUTRO,BRANCA,HOMEM CIS,"Rua 468, NOVA DESCOBERTA - Recife/PE",False
FC-01912,MANGABEIRA,27,27/05/2020 18:11:20,-8.011722,-34.870843,DISPARO,NAO IDENTIFICADO,HOMEM CIS,"Rua 161, MANGABEIRA - Recife/PE",False
FC-01913,VARZEA,36,24/06/2023 06:51:51,-8.030764,-34.916884,HOMICIDIO/TENTATIVA,NAO IDENTIFICADO,HOMEM CIS,"Rua 26, VARZEA - Recife/PE",False
FC-01914,COHAB,31,09/05/2022 21:31:05,-8.063985,-34.907978,DISPARO,NAO IDENTIFICADO,HOMEM CIS,"Rua 227, COHAB - Recife/PE",False
FC-01915,ESPINHEIRO,32,08/05/2025 05:25:08,-8.046397,-34.873307,DISPARO,PRETA,MULHER CIS,"Rua 295, ESPINHEIRO - Recife/PE",False
FC-01916,NOVA DESCOBERTA,34,20/01/2025 18:37:50,-8.016152,-34.864393,HOMICIDIO/TENTATIVA,PARDA,HOMEM CIS,"Rua 19, NOVA DESCOBERTA - Recife/PE",True
FC-01917,COHAB,29,08/09/2023 21:43:45,-8.067929,-34.905136,DISPARO,PRETA,HOMEM CIS,"Rua 49, COHAB - Recife/PE",False
FC-01918,BOA VISTA,15,21/03/2025 11:17:47,-8.045827,-34.879068,DISPARO,NAO IDENTIFICADO,HOMEM CIS,"Rua 398, BOA VISTA - Recife/PE",False
FC-01919,ALTO JOSE DO PINHO,27,19/08/2023 14:10:35,-8.023127,-34.883289,AMEACA,BRANCA,HOMEM CIS,"Rua 190, ALTO JOSE DO PINHO - Recife/PE",False
FC-01920,CASA AMARELA,27,05/09/2021 22:47:07,-8.033556,-34.85744,TIRO,NAO IDENTIFICADO,MULHER CIS,"Rua 27, CASA AMARELA - Recife/PE",False
FC-01921,VARZEA,30,22/11/2022 21:53:04,-8.03345,-34.917944,DISPARO,PRETA,HOMEM CIS,"Rua 154, VARZEA - Recife/PE",False
FC-01922,ALTO JOSE DO PINHO,13,01/08/2025 22:48:37,-8.019678,-34.885957,ROUBO,PRETA,HOMEM CIS,"Rua 469, ALTO JOSE DO PINHO - Recife/PE",False
FC-01923,GRACO,40,14/04/2024 17:55:10,-8.04324,-34.869385,AMEACA,PARDA,MULHER CIS,"Rua 201, GRACO - Recife/PE",False
FC-01924,ROSARINHO,10,17/09/2018 13:27:54,-8.034335,-34.865493,HOMICIDIO/TENTATIVA,NAO IDENTIFICADO,HOMEM CIS,"Rua 397, ROSARINHO - Recife/PE",False
FC-01925,COHAB,38,11/05/2022 18:56:52,-8.067508,-34.904076,DISPARO,AMARELA,HOMEM CIS,"Rua 408, COHAB - Recife/PE",True
FC-01926,BREJO DA GUARDEIRA,13,27/03/2023 02:29:36,-8.068644,-34.901068,TIRO,BRANCA,MULHER CIS,"Rua 162, BREJO DA GUARDEIRA - Recife/PE",True
FC-01927,VARZEA,32,03/06/2020 19:42:20,-8.032906,-34.918698,DISPARO,BRANCA,MULHER CIS,"Rua 276, VARZEA - Recife/PE",False
FC-01928,ESPINHEIRO,21,11/11/2024 05:43:25,-8.040628,-34.861705,TIRO,NAO IDENTIFICADO,HOMEM CIS,"Rua 382, ESPINHEIRO - Recife/PE",True
FC-01929,COHAB,28,05/09/2020 21:30:19,-8.063227,-34.905321,HOMICIDIO/TENTATIVA,PARDA,HOMEM CIS,"Rua 444, COHAB - Recife/PE",False
FC-01930,IPUTINGA,53,11/09/2018 21:51:06,-8.033242,-34.892716,HOMICIDIO/TENTATIVA,PRETA,HOMEM CIS,"Rua 368, IPUTINGA - Recife/PE",False
FC-01931,COHAB,10,07/08/2020 15:57:21,-8.07252,-34.904108,HOMICIDIO/TENTATIVA,NAO IDENTIFICADO,HOMEM CIS,"Rua 408, COHAB - Recife/PE",False
FC-01932,POCO DA PANELA,31,07/02/2025 20:32:46,-8.035855,-34.862319,DISPARO,NAO IDENTIFICADO,HOMEM CIS,"Rua 291, POCO DA PANELA - Recife/PE",False
FC-01933,NOVA DESCOBERTA,67,18/06/2018 12:55:48,-8.015775,-34.86347,HOMICIDIO/TENTATIVA,PARDA,HOMEM CIS,"Rua 221, NOVA DESCOBERTA - Recife/PE",False
FC-01934,COHAB,22,28/06/2019 14:24:15,-8.064114,-34.905715,TIRO,NAO IDENTIFICADO,HOMEM CIS,"Rua 291, COHAB - Recife/PE",False
FC-01935,VARZEA,25,22/07/2020 19:42:08,-8.029543,-34.911468,HOMICIDIO/TENTATIVA,PARDA,HOMEM CIS,"Rua 467, VARZEA - Recife/PE",False
FC-01936,NOVA DESCOBERTA,31,25/07/2022 19:26:00,-8.021913,-34.866083,ROUBO,NAO IDENTIFICADO,HOMEM CIS,"Rua 128, NOVA DESCOBERTA - Recife/PE",False
FC-01937,IPUTINGA,62,22/12/2018 15:02:57,-8.028692,-34.88969,HOMICIDIO/TENTATIVA,NAO IDENTIFICADO,HOMEM CIS,"Rua 357, IPUTINGA - Recife/PE",False
FC-01938,SAN MARTIN,52,10/11/2022 15:16:02,-8.039343,-34.880525,HOMICIDIO/TENTATIVA,PRETA,MULHER CIS,"Rua 494, SAN MARTIN - Recife/PE",False
FC-01939,COHAB,10,01/04/2022 10:31:26,-8.062948,-34.907444,HOMICIDIO/TENTATIVA,PRETA,HOMEM CIS,"Rua 69, COHAB - Recife/PE",False
FC-01940,JARDIM SAO PAULO,32,04/08/2023 17:37:14,-8.008749,-34.855796,TIRO,NAO IDENTIFICADO,HOMEM CIS,"Rua 407, JARDIM SAO PAULO - Recife/PE",False
FC-01941,VARZEA,30,09/07/2021 20:55:58,-8.034194,-34.918344,AMEACA,NAO IDENTIFICADO,HOMEM CIS,"Rua 311, VARZEA - Recife/PE",False
FC-01942,VASCO DA GAMA,44,20/05/2022 17:48:17,-8.056791,-34.885023,HOMICIDIO/TENTATIVA,NAO IDENTIFICADO,HOMEM CIS,"Rua 387, VASCO DA GAMA - Recife/PE",False
FC-01943,JAQUEIRA,28,24/09/2024 22:08:54,-8.037897,-34.867518,AMEACA,PRETA,HOMEM CIS,"Rua 233, JAQUEIRA - Recife/PE",False
FC-01944,NOVA DESCOBERTA,46,04/09/2022 21:48:24,-8.015709,-34.865359,DISPARO,PRETA,HOMEM CIS,"Rua 421, NOVA DESCOBERTA - Recife/PE",False
FC-01945,NOVA DESCOBERTA,16,17/10/2025 21:57:04,-8.012538,-34.864447,HOMICIDIO/TENTATIVA,PARDA,HOMEM CIS,"Rua 106, NOVA DESCOBERTA - Recife/PE",False
FC-01946,MANGABEIRA,24,07/04/2020 15:48:30,-8.015714,-34.865667,BRIGA,PRETA,HOMEM CIS,"Rua 425, MANGABEIRA - Recife/PE",False
FC-01947,NOVA DESCOBERTA,15,07/06/2025 17:40:55,-8.016774,-34.863925,HOMICIDIO/TENTATIVA,NAO IDENTIFICADO,HOMEM CIS,"Rua 12, NOVA DESCOBERTA - Recife/PE",False
FC-01948,VARZEA,15,09/01/2019 01:54:10,-8.039481,-34.921372,HOMICIDIO/TENTATIVA,NAO IDENTIFICADO,HOMEM CIS,"Rua 120, VARZEA - Recife/PE",False
FC-01949,CURADO,38,09/01/2022 21:04:01,-8.071636,-34.901218,DISPARO,PRETA,HOMEM CIS,"Rua 354, CURADO - Recife/PE",True
FC-01950,ALTO JOSE DO PINHO,18,12/05/2020 23:15:53,-8.022764,-34.886696,HOMICIDIO/TENTATIVA,PRETA,HOMEM CIS,"Rua 39, ALTO JOSE DO PINHO - Recife/PE",False
FC-01951,IBURA,32,05/03/2023 21:34:29,-8.083411,-34.890163,HOMICIDIO/TENTATIVA,PRETA,HOMEM CIS,"Rua 374, IBURA - Recife/PE",True
FC-01952,AFLITOS,18,14/10/2025 05:11:23,-8.049145,-34.877395,OUTRO,PRETA,HOMEM CIS,"Rua 254, AFLITOS - Recife/PE",False
FC-01953,CAXANGA,10,21/12/2024 20:11:26,-8.026554,-34.920903,HOMICIDIO/TENTATIVA,NAO IDENTIFICADO,HOMEM CIS,"Rua 274, CAXANGA - Recife/PE",False
FC-01954,CAXANGA,22,13/12/2022 06:30:00,-8.02127,-34.916316,DISPARO,NAO IDENTIFICADO,HOMEM CIS,"Rua 205, CAXANGA - Recife/PE",False
FC-01955,SAN MARTIN,25,20/01/2024 13:50:15,-8.045382,-34.8797,ROUBO,NAO IDENTIFICADO,HOMEM CIS,"Rua 411, SAN MARTIN - Recife/PE",False
FC-01956,ESTACAO,22,01/10/2025 00:29:30,-8.054971,-34.873093,HOMICIDIO/TENTATIVA,PRETA,HOMEM CIS,"Rua 16, ESTACAO - Recife/PE",False
FC-01957,IBURA,22,01/01/2022 21:13:39,-8.08316,-34.893907,BRIGA,NAO IDENTIFICADO,HOMEM CIS,"Rua 98, IBURA - Recife/PE",False
FC-01958,ESPINHEIRO,32,27/09/2019 14:02:47,-8.040919,-34.870732,HOMICIDIO/TENTATIVA,NAO IDENTIFICADO,HOMEM CIS,"Rua 453, ESPINHEIRO - Recife/PE",False
FC-01959,COHAB,45,11/05/2024 21:45:49,-8.06794,-34.909853,HOMICIDIO/TENTATIVA,NAO IDENTIFICADO,HOMEM CIS,"Rua 209, COHAB - Recife/PE",False
FC-01960,POCO DA PANELA,31,16/02/2024 21:29:16,-8.037452,-34.861036,HOMICIDIO/TENTATIVA,NAO IDENTIFICADO,NAO IDENTIFICADO,"Rua 209, POCO DA PANELA - Recife/PE",False
FC-01961,IBURA,15,06/03/2020 14:05:41,-8.077823,-34.889983,AMEACA,PARDA,NAO IDENTIFICADO,"Rua 74, IBURA - Recife/PE",False
FC-01962,IPUTINGA,11,22/12/2019 21:37:17,-8.032436,-34.887983,AMEACA,PRETA,HOMEM CIS,"Rua 422, IPUTINGA - Recife/PE",False
FC-01963,SAN MARTIN,21,06/11/2018 15:40:22,-8.042503,-34.884798,DISPARO,PARDA,MULHER CIS,"Rua 116, SAN MARTIN - Recife/PE",False
FC-01964,JARDIM SAO PAULO,25,18/12/2024 00:43:08,-8.005683,-34.852854,DISPARO,NAO IDENTIFICADO,HOMEM CIS,"Rua 177, JARDIM SAO PAULO - Recife/PE",False
FC-01965,CASA AMARELA,13,04/02/2018 18:07:20,-8.036561,-34.858647,HOMICIDIO/TENTATIVA,NAO IDENTIFICADO,HOMEM CIS,"Rua 275, CASA AMARELA - Recife/PE",False
FC-01966,MANGABEIRA,46,10/12/2025 21:51:34,-8.014713,-34.866755,DISPARO,NAO IDENTIFICADO,MULHER CIS,"Rua 131, MANGABEIRA - Recife/PE",False
FC-01967,SAN MARTIN,30,07/03/2023 16:03:58,-8.036725,-34.878211,OUTRO,PARDA,HOMEM CIS,"Rua 270, SAN MARTIN - Recife/PE",True
FC-01968,NOVA DESCOBERTA,10,18/11/2022 23:36:07,-8.015456,-34.86182,TIRO,NAO IDENTIFICADO,HOMEM CIS,"Rua 252, NOVA DESCOBERTA - Recife/PE",False
FC-01969,IPUTINGA,19,19/07/2018 21:48:33,-8.029164,-34.893528,DISPARO,NAO IDENTIFICADO,MULHER CIS,"Rua 394, IPUTINGA - Recife/PE",False
FC-01970,CURADO,15,26/04/2023 12:14:17,-8.064986,-34.912704,BRIGA,NAO IDENTIFICADO,NAO IDENTIFICADO,"Rua 262, CURADO - Recife/PE",False
FC-01971,SAN MARTIN,36,17/10/2019 15:17:27,-8.04026,-34.874227,DISPARO,BRANCA,HOMEM CIS,"Rua 366, SAN MARTIN - Recife/PE",False
FC-01972,CAXANGA,34,24/11/2024 03:00:22,-8.025705,-34.922681,HOMICIDIO/TENTATIVA,AMARELA,HOMEM CIS,"Rua 1, CAXANGA - Recife/PE",False
FC-01973,CURADO,39,08/07/2022 21:47:45,-8.07562,-34.908062,HOMICIDIO/TENTATIVA,NAO IDENTIFICADO,HOMEM CIS,"Rua 233, CURADO - Recife/PE",False
FC-01974,NOVA DESCOBERTA,16,03/10/2023 03:07:25,-8.011243,-34.864516,DISPARO,NAO IDENTIFICADO,HOMEM CIS,"Rua 12, NOVA DESCOBERTA - Recife/PE",False
FC-01975,MANGABEIRA,41,27/03/2024 07:43:31,-8.009754,-34.875257,DISPARO,NAO IDENTIFICADO,MULHER CIS,"Rua 234, MANGABEIRA - Recife/PE",False
FC-01976,ESPINHEIRO,19,23/12/2024 19:24:00,-8.039983,-34.8675,AMEACA,NAO IDENTIFICADO,HOMEM CIS,"Rua 376, ESPINHEIRO - Recife/PE",False
FC-01977,IPUTINGA,44,14/09/2024 17:16:24,-8.02679,-34.8959,HOMICIDIO/TENTATIVA,PARDA,HOMEM CIS,"Rua 26, IPUTINGA - Recife/PE",False
FC-01978,IBURA,20,08/04/2020 15:56:06,-8.081691,-34.898942,DISPARO,PARDA,HOMEM CIS,"Rua 126, IBURA - Recife/PE",False
FC-01979,JAQUEIRA,50,20/11/2021 18:23:44,-8.036675,-34.864319,ROUBO,NAO IDENTIFICADO,HOMEM CIS,"Rua 257, JAQUEIRA - Recife/PE",False
FC-01980,VARZEA,11,09/11/2018 21:42:00,-8.031266,-34.908306,HOMICIDIO/TENTATIVA,PARDA,HOMEM CIS,"Rua 105, VARZEA - Recife/PE",False
FC-01981,IPUTINGA,14,20/10/2021 19:18:37,-8.025686,-34.892997,HOMICIDIO/TENTATIVA,NAO IDENTIFICADO,HOMEM CIS,"Rua 140, IPUTINGA - Recife/PE",False
FC-01982,CAXANGA,11,09/03/2018 22:46:01,-8.023521,-34.917499,HOMICIDIO/TENTATIVA,NAO IDENTIFICADO,HOMEM CIS,"Rua 362, CAXANGA - Recife/PE",False
FC-01983,TOTOS,23,17/04/2019 16:59:49,-8.034502,-34.87,HOMICIDIO/TENTATIVA,PRETA,MULHER CIS,"Rua 1, TOTOS - Recife/PE",False
FC-01984,VARZEA,11,16/02/2022 10:20:57,-8.03459,-34.914924,DISPARO,NAO IDENTIFICADO,MULHER CIS,"Rua 117, VARZEA - Recife/PE",False
FC-01985,POCO DA PANELA,21,12/04/2019 23:01:00,-8.032571,-34.860407,DISPARO,BRANCA,HOMEM CIS,"Rua 82, POCO DA PANELA - Recife/PE",False
FC-01986,VASCO DA GAMA,36,18/02/2023 02:26:04,-8.055369,-34.878192,HOMICIDIO/TENTATIVA,PRETA,NAO IDENTIFICADO,"Rua 403, VASCO DA GAMA - Recife/PE",False
FC-01987,VASCO DA GAMA,24,04/07/2025 22:03:29,-8.048839,-34.882438,HOMICIDIO/TENTATIVA,PRETA,HOMEM CIS,"Rua 113, VASCO DA GAMA - Recife/PE",False
FC-01988,IBURA,55,05/09/2022 16:01:05,-8.081895,-34.896127,HOMICIDIO/TENTATIVA,NAO IDENTIFICADO,HOMEM CIS,"Rua 382, IBURA - Recife/PE",False
FC-01989,CURADO,46,14/11/2025 01:05:08,-8.069622,-34.907447,DISPARO,BRANCA,HOMEM CIS,"Rua 464, CURADO - Recife/PE",True
FC-01990,NOVA DESCOBERTA,44,08/06/2021 23:49:57,-8.013986,-34.866777,DISPARO,NAO IDENTIFICADO,HOMEM CIS,"Rua 499, NOVA DESCOBERTA - Recife/PE",False
FC-01991,ESPINHEIRO,41,05/03/2021 23:26:14,-8.041998,-34.865942,BRIGA,PRETA,HOMEM CIS,"Rua 154, ESPINHEIRO - Recife/PE",False
FC-01992,CORDOARIA,8,16/06/2020 20:51:40,-8.056659,-34.874916,HOMICIDIO/TENTATIVA,NAO IDENTIFICADO,MULHER CIS,"Rua 494, CORDOARIA - Recife/PE",False
FC-01993,AFLITOS,49,03/07/2022 17:26:34,-8.043131,-34.87128,HOMICIDIO/TENTATIVA,NAO IDENTIFICADO,HOMEM CIS,"Rua 482, AFLITOS - Recife/PE",False
FC-01994,IPUTINGA,35,13/03/2023 16:00:32,-8.030995,-34.88813,AMEACA,PRETA,HOMEM CIS,"Rua 215, IPUTINGA - Recife/PE",False
FC-01995,BOA VISTA,53,28/03/2021 03:04:59,-8.048821,-34.870229,TIRO,NAO IDENTIFICADO,HOMEM CIS,"Rua 227, BOA VISTA - Recife/PE",False
FC-01996,CURADO,23,10/10/2024 16:53:05,-8.072391,-34.909877,DISPARO,NAO IDENTIFICADO,HOMEM CIS,"Rua 297, CURADO - Recife/PE",False
FC-01997,IBURA,35,10/09/2025 17:30:19,-8.083182,-34.890387,DISPARO,NAO IDENTIFICADO,HOMEM CIS,"Rua 65, IBURA - Recife/PE",False
FC-01998,NOVA DESCOBERTA,36,24/07/2021 21:35:09,-8.017995,-34.863444,HOMICIDIO/TENTATIVA,PARDA,MULHER CIS,"Rua 78, NOVA DESCOBERTA - Recife/PE",False
FC-01999,COHAB,40,06/06/2024 13:36:50,-8.064486,-34.901542,HOMICIDIO/TENTATIVA,NAO IDENTIFICADO,HOMEM CIS,"Rua 497, COHAB - Recife/PE",False
FC-02000,CORDOARIA,15,04/02/2019 20:39:31,-8.056596,-34.876511,TIRO,PARDA,HOMEM CIS,"Rua 280, CORDOARIA - Recife/PE",False
